doc	page	section	body
2026학년도 학교회계 예산편성 및 집행지침	1	학교회계 예산편성 및 집행지침	간 행 물 관 리 번 호\n세종교육2025-052\n2026학년도\n학교회계 예산편성 및 집행지침\n2025. 11.\n [조직예산과]
2026학년도 학교회계 예산편성 및 집행지침	2	(텍스트 추출 없음)	(텍스트 추출 없음)
2026학년도 학교회계 예산편성 및 집행지침	3	2026학년도 학교회계 예산편성 및 집행지침	2026학년도 학교회계 예산편성 및 집행지침\n차 례\n제1편 2026년 교육재정 운용 방향\nⅠ. 세종교육재정 운용 방향············································9\nⅡ. 단위학교 재정운용 방향··········································13\n제2편 학교회계 예산편성 및 집행지침\nⅠ. 목적·············································································17\nⅡ. 성격·············································································17\nⅢ. 적용대상·····································································17\nⅣ. 학교회계운용 일반사항············································17\n1. 회계의 설치단위····························································17\n2. 회계연도 및 출납폐쇄기한···········································18\n3. 금융기관의 이용····························································18\n4. 지정정보처리장치··························································18\n5. 학교회계의 범위····························································19\n6. 세출예산 집행································································19\nⅤ. 행정사항·····································································25\n1. 단위학교별 연수 실시···················································25\n2. 국민권익위원회 및 감사원 권고사항 이행·················25\n3. 학교재정운영의 공개 ···················································27\n4. 예․결산 보고 일정··························································27\n5. 신설학교 학교회계 업무처리·······································27\n6. 학교회계 비리 예방 자체 점검 실시··························28\n7. 회계문서 관리 철저·······················································31\n8. 낭비성 예산집행금지·····················································31\n9. 기타사항··········································································31
2026학년도 학교회계 예산편성 및 집행지침	4	2026학년도 학교회계 예산편성 및 집행지침	2026학년도 학교회계 예산편성 및 집행지침\n차 례\nⅥ. 학교회계 예·결산 과정··········································33\n1. 예산·················································································33\n2. 결산·················································································42\nⅦ. 예산편성 및 집행기준··············································46\n1. 예산편성 기본방향························································46\n2. 예산편성 과목 및 사업 설정·······································46\n3. 세입예산 과목별 편성 기준·········································47\n 가. 이전수입······································································47\n 나. 자체수입······································································48\n 다. 기타수입······································································50\n4. 세출예산 사업별 편성 및 집행기준····························52\n5. 세출예산 성질별 편성 및 집행기준····························56\n 가. 인건비··········································································56\n 나. 운영비··········································································62\n  1) 학교운영비··································································62\n   가) 일반운영비······························································62\n   나) 교육운영비······························································76\n   다) 법정부담금······························································78\n 다. 여비·············································································79\n 라. 업무추진비··································································97\n 마. 자산취득비································································103\n 바. 예비비 ······································································105
2026학년도 학교회계 예산편성 및 집행지침	5	2026학년도 학교회계 예산편성 및 집행지침	2026학년도 학교회계 예산편성 및 집행지침\n차 례\n제3편 학교운영비 및 권장사업\nⅠ. 학교운영비·······························································109\nⅡ. 학교특성경비····························································115\nⅢ. 통합교부사업····························································119\nⅣ. 권장사업···································································237\n제4편 학교회계 예산과목 체계\nⅠ. 세입예산 과목 해설················································265\nⅡ. 세출예산 사업·과목 해설·····································271\nⅢ. 세입세출외현금 과목 해설·····································283\n제5편 부록\nⅠ. 예산편성 기준단가··················································287\nⅡ. 공립학교 회계규칙··················································300\nⅢ. 각종 서식·································································318\nⅣ. 각종 지침·································································334
2026학년도 학교회계 예산편성 및 집행지침	6	(텍스트 추출 없음)	(텍스트 추출 없음)
2026학년도 학교회계 예산편성 및 집행지침	7	제1편	제1편\nⅠ. 세종교육재정 운용 방향\nⅡ. 단위학교 재정운용 방향\n2026년 교육재정 운용 방향
2026학년도 학교회계 예산편성 및 집행지침	8	(텍스트 추출 없음)	(텍스트 추출 없음)
2026학년도 학교회계 예산편성 및 집행지침	9	제1편 2026년 교육재정 운용 방향	제1편 2026년 교육재정 운용 방향\n- 9 -\nⅠ\n세종교육재정 운용 방향\n가\n교육재정의 계획적 운용\n ◦ 중기지방교육재정계획 수립 내실화로 활용도 제고 및 중장기 예측 강화\n   - 중기지방교육재정계획은 재정 운용의 기본틀로서 세종교육의 비전과 정책 \n우선순위를 반영하여 연도별로 투자계획 수립\n   - 중기 재정수지를 전망하여 향후 가용재원을 판단하고 중장기 계획과 연계된 \n재정투자사업, BTL사업, 기금 등은 전략적으로 재원 배분\n ◦ 대규모 사업에 대한 투자심사체제 강화 및 체계적 예산 관리\n   - 일정규모 이상(총사업비 40억원)의 사업은 예산편성 또는 사업시행 전에 \n반드시 사업의 타당성, 효율성 등에 대해 투자심사 실시\n   - 한정된 투자재원을 사업별·연도별로 적정하게 배분하고 투자심사 결과를 \n바탕으로 예산 편성 유도\n나\n교육재정의 건전한 운용\n ◦ 한정된 재원 안에서 사업 필요성, 타당성 등을 고려하여 재원 배분\n   - 국별 예산조정을 통해 비효율적인 예산 감축, 유사·중복 사업 통·폐합, \n업무추진비 및 여비 등 최소 편성 \n   - 신규사업은 중장기 계획과 연계, 법적 근거, 재원확보 방안 등을 고려하여 \n정책사업 검토조정위원회를 통하여 면밀히 검토 \n ◦ 부서·기관 간 재정운용의 통일을 기하도록 예산편성 기준 설정\n   - 기본운영비 등 행정운영경비는 필수 소요 경비만 편성되도록 경비를 \n표준화하고 각종 소모성 경비 기준 설정\n   - 재정운용의 균형을 확보하기 위해 예산배정, 이용·전용, 변경사용 이체, \n이월 등 세출예산 운용 기준 수립
2026학년도 학교회계 예산편성 및 집행지침	10	2026학년도 학교회계 예산편성 및 집행지침	2026학년도 학교회계 예산편성 및 집행지침\n- 10 -\n다\n교육재정의 효율성 제고\n ◦ 예산과 집행을 연계한 재정집행 확대\n   - 전년도 예산·결산과 당해연도 예산집행 상황을 분석하여 회계연도 내 \n집행 가능한 예산 편성으로 이월·불용액 최소화\n   - 이미 편성된 예산은 재정집행 중간 점검을 통해 이월·불용액 발생 규모를 \n추산하여 예산 재편성 및 관리\n   ※ 연례적 이월·불용 사업은 사유를 심층 분석하고 개선하며, 시설사업비의 경우 계속비로 \n편성하여 이월·불용액 최소화\n ◦ 교육재정 운용 효율성을 제고하기 위해 재정집행 관리 강화\n   - 신속집행, 소비·투자분야 중점 추진과제와 집행률 목표를 설정하여 집행\n실적 확대 추진\n   - 세종교육집행점검단(단장: 부교육감), 사업별 실무관리반(반장: 예산1담당) 등 \n재정집행 점검체계 운영으로 집행 목표 달성 독려\n   ※ 2026회계연도 이월·불용률과 교육부 목표치에 따라 2028년도 보통교부금 산정 시 \n±80억원(교특회계 ±50억, 학교회계 ±30억) 추가 반영\n라\n교육재정의 신뢰성 ․ 투명성 확보\n ◦ 예산편성 등 예산과정에 주민의견 수렴으로 주민참여 활성화\n   - 교육 사업의 특수성 및 주민참여예산 제도의 실효성 확보를 위해 제안\n사업을 기존 주민 개인에서 학교 제안사업까지 확대·운영\n   - 다양한 주민 의견 수렴 및 주민참여 기회 확대를 위해 전용 누리집 연중 \n운영, 상시 온·오프라인 소통창구 운영
2026학년도 학교회계 예산편성 및 집행지침	11	제1편 2026년 교육재정 운용 방향	제1편 2026년 교육재정 운용 방향\n- 11 -\n ◦ 주민에 대한 재정 투명성과 책무성 제고를 위해 교육재정 공시\n   - 세입·세출 운용상황, 기금운용 현황, 중기세종교육재정계획, 지방재정·\n분석 진단 결과 등 교육재정 운용상황을 홈페이지에 공개\n   - 예산 확정, 결산 승인 후 2개월 이내 또는 새로운 수요 발생시 실시하고 \n이해도·접근성·활용도 등 수요자 입장을 고려하여 공개\n마\n단위학교 재정 운용 자율성 확대\n ◦ 학교회계 재정 운용 자율성 확대 및 업무지원\n   - 학교운영비 총액지원 확대로 학교별 교육과정 및 재정수요에 따른 자율적 \n재정 운용 확대 \n   - 사업 규모가 크거나 전문성을 요하는 경우에는 본청 사업비로 일괄 예산 \n편성 및 집행하여 단위 학교 업무 경감\n ◦ 학교회계 재정 운용 효율성 제고\n   - 학교 회계연도 내 신속하고 적극적인 재정집행으로 원활한 교육활동 \n지원과 이월·불용액 최소화\n   - 학교회계 집행률 제고를 위해 재정집행 현황을 상시 모니터링하고 집행\n점검 관리체계 운영\n바\n성과 중심 재정 운용\n ◦ 교육청의 임무와 전략목표에 기초한 성과목표 체계 제시\n   - 교육청의 비전·전략목표·성과목표 등을 설정하고 ｢지방재정법｣에 따른 \n중기지방교육재정계획에 반영\n   - 당해연도의 성과목표 및 성과지표, 과거 추세치를 반영한 구체적이고 \n합리적인 목표치 설정 등을 포함
2026학년도 학교회계 예산편성 및 집행지침	12	2026학년도 학교회계 예산편성 및 집행지침	2026학년도 학교회계 예산편성 및 집행지침\n- 12 -\n ◦ 성과 관리 목표체계(성과목표-단위과제)와 예산 사업구조와 연계 강화\n   - 전략목표와 성과목표간 또는 성과목표와 단위과제 간 연계성이 확보될 수 \n있도록 하고, 성과목표는 업무의 최종적인 효과가 파악되도록 결과 \n지향적으로 설정 \n   - 단위과제는 예산 체계상 세부사업과 유사한 개념으로 세부사업과 1:1, \n또는 1:N이 되도록 설정\n사\n기금의 건전한 운용\n ◦ 기금 운용의 효율성과 건전성 제고\n   - 기금의 설치 목적과 지역 설정에 맞도록 관리·운용하고 기금의 안정성·\n유동성·수익성 및 공공성을 고려, 투명하고 효율적으로 운영\n   - 여유자금은 이자율이 높은 금융기관에 예치·관리하여 이자수입이 증대\n되도록 하고 기금 성과분석 결과 등을 반영\n ◦ 기금의 통합·폐지 노력\n   - 기금 설치 목적을 달성한 경우, 목적 달성이 불가능하다고 판단되는 \n경우 등 기금을 폐지하거나 다른 기금과 통합\n   - 기금사업 중 예산으로 대체 가능한 사업은 예산사업으로 전환하고 불\n필요한 기금은 폐지하는 등 운용 혁신
2026학년도 학교회계 예산편성 및 집행지침	13	제1편 2026년 교육재정 운용 방향	제1편 2026년 교육재정 운용 방향\n- 13 -\nⅡ\n단위학교 재정운용 방향\n가\n재정운영의 책무성ㆍ투명성 강화 \n ◦ 학교회계 재정분석 결과를 토대로 학교회계관련 법령･지침 등을 준수하여 \n학교 재정운영의 책무성 강화\n ◦ 공공요금, 시설장비유지비, 여비 등 학교운영에 필요한 경비는 전년도 \n결산규모와 지출요인 등을 정확하게 파악하여 학교 운영에 지장을 초래\n하지 않도록 적정 편성\n ◦ 학교회계 예·결산서 등 학교재정 공개 및 K-에듀파인 학교회계시스템과 \n지정정보처리장치(G2B, S2B, Onbid)를 이용하여 학교회계 투명성 강화 \n나\n단위학교 재정운영의 자율성·효율성 강화\n ◦ 학교운영비 총액 지원 확대로 학교 예산 편성시 학교여건과 특성을 고려한 \n자율적 편성으로 학교 재정운영의 자율성 확대\n ◦ 사전 안내되는 목적사업비를 본예산에 적극 편성하여 학교재정운영의 \n효율성 강화\n다\n단위학교 재정운영의 건전성 제고\n ◦ 회계연도내 적극적이고 신속한 집행으로 정상적인 교육활동 지원 및 이월․ \n불용액 최소화\n   - 불용액 발생 억제를 위해 교육과정이 종료되는 학년도 말에 집중 집행 지양\n   - 예산의 과다한 이월은 회계연도 독립의 원칙에 위배되므로 불필요하게 \n이월하여 교육과정 운영의 부실화를 초래하지 않도록 학교 회계 운영 철저\n      ※ 순세계잉여금이 세입결산액의 1.5% 이상 발생학교는 1.5%를 초과하는 순세계잉여금 \n전액 감액 단, 특별한 사유가 인정되는 불용액 발생 건에 대해서는 기준 적용 제외
2026학년도 학교회계 예산편성 및 집행지침	14	2026학년도 학교회계 예산편성 및 집행지침	2026학년도 학교회계 예산편성 및 집행지침\n- 14 -\n ◦ 정확한 세입 재원 계상으로 건전재정 도모 \n ◦ 업무추진비 등 소모성 경비 증가를 억제하고 교육에 직접 필요한 예산을 \n우선 편성하는 등 건전성 제고\n \n라\n단위학교 재정운영의 민주성 확보\n ◦ 예산편성․심의 시 학생･교원･학부모 등 학교 구성원의 참여 및 의견수렴을 \n확대를 통한 민주성 확보\n마\n학교교육계획과 연계한 예산 편성 \n ◦ 학교교육과정 운영과 연계한 기본적 교육활동비의 충분한 확보로 원활한 \n교육과정 지원
2026학년도 학교회계 예산편성 및 집행지침	15	제2편	제2편\n학교회계 예산편성 및 집행지침\nⅠ. 목    적\nⅡ. 성    격\nⅢ. 적용대상\nⅣ. 학교회계운용 일반사항\nⅤ. 행정사항\nⅥ. 학교회계 예·결산과정\nⅦ. 예산편성 및 집행기준
2026학년도 학교회계 예산편성 및 집행지침	16	(텍스트 추출 없음)	(텍스트 추출 없음)
2026학년도 학교회계 예산편성 및 집행지침	17	제2편 학교회계 예산편성 및 집행지침	제2편 학교회계 예산편성 및 집행지침\n- 17 -\nⅠ\n목적\n 본 지침은 「세종특별자치시 공립학교회계 규칙」 제10조에 의거 학교회계의 \n운영에 필요한 제반 사항에 대하여 규정함을 목적으로 함\nⅡ\n성격\n 교육청의 재정운영 및 주요 교육시책 방향에 대해 정보를 제공함으로써 \n교육청과 학교간의 시책과 교육재정을 유기적으로 연계하고,\n 경상경비 등에 대한 예산편성 기준을 제시하여 학교 간에 균형을 유지하면서 \n재정낭비 요인을 제거하는 기능을 갖고 있음\n 본 지침은 「초․중등교육법」 제30조의2, 「세종특별자치시 공립학교 회계 규칙」등 \n관련 법령의 구체적인 집행명령(훈령)으로서의 구속력을 가지고 있음\n ※ 본 지침을 준수하지 않는 공립학교에 대해서는 행·재정적 불이익 조치가 수반될 수 있음 \nⅢ\n적용대상\n 본 지침은 공립 단설유․초(병설유치원은 해당 초등학교에 포함)․중․고·특수\n학교 및 각종학교에 설치․운영되는 학교회계에 적용\nⅣ\n학교회계운용 일반사항\n1. 회계의 설치단위\n초중등교육법 제30조의3, 유아교육법 제19조의8\n세종특별자치시 공립학교 회계규칙(이하 ‘규칙’) 제7,8조\n 학교회계는 공립 단설유치원, 공립 초․중․고․특수학교 및 각종학교에 학교별로 설치
2026학년도 학교회계 예산편성 및 집행지침	18	2026학년도 학교회계 예산편성 및 집행지침	2026학년도 학교회계 예산편성 및 집행지침\n- 18 -\n 통합운영학교는 하나의 학교회계 설치·운영 가능\n 병설유치원의 경우 초등학교회계에 통합 관리\n2. 회계연도 및 출납폐쇄기한\n초중등교육법 제30조의3, 유아교육법 제19조의8\n규칙 제4조\n 회계연도는 3월 1일을 기준으로 개시하고 다음 해 2월 말로 종료\n 세입․세출에 관한 사무는 3월 20일을 기준으로 폐쇄\n3. 금융기관의 이용\n규칙 제50조 \n 학교 자율적으로 금융기관이나 체신관서를 지정하여 출납원 명의의 주거래 \n계좌를 개설․이용\n  ※ 인감등록은 출납원 직·사인을 공동으로 하고 출납원 직·사인과 통장관리 철저\n 학교회계운영에 지장이 없으며 관련 법령(예금자보호법 등)에 의해 원금\n보장을 받을 수 있는 범위 내에서 각 학교는 유휴자금을 지정금융기관이나 \n다른 금융기관, 체신관서에 이자율이 높은 예금으로 별도 관리할 수 있음\n4. 지정정보처리장치\n규칙 제55조 \n 재정운용 투명성 강화와 행정업무경감 및 예산절감을 위해 K-에듀파인 \n학교회계시스템과 지정정보처리장치(G2B, S2B, Onbid)로 처리
2026학년도 학교회계 예산편성 및 집행지침	19	제2편 학교회계 예산편성 및 집행지침	제2편 학교회계 예산편성 및 집행지침\n- 19 -\n5. 학교회계의 범위\n세  입\n세  출\n 1) 국가 또는 지방자치단체 등의 보조금 및 지원금\n 1) 인적자원 운용\n 2) 국가 일반회계 또는 교육비특별회계 전입금 \n 2) 학생복지 및 교육격차 해소\n 3) 학교발전기금 전입금\n 3) 기본적 교육활동\n 4) 학교운영위원회 심의를 거쳐 학부모가 부담하는 경비\n 4) 선택적 교육활동\n 5) 사용료 및 수수료\n 5) 교육활동 지원\n 6) 자산매각대금\n 6) 학교 일반운영\n 7) 기타수입(기타행정활동수입 및 지난년도 수입)\n 7) 학교시설 확충\n 8) 이월금\n 8) 학교 재무활동\n6. 세출예산 집행\n 가. 목적\n  1) 학교회계 세출예산 집행에 관한 기본원칙과 세부기준을 정하여 지출의 효율성 제고\n  2) 예산집행의 자율성을 최대한 보장하되 공통된 지침을 제시하여 형평성 도모\n  3) 자율적이고 신축적인 예산 운영으로 단위학교중심 책임경영 실현에 기여\n 나. 운용 방향\n  1) 단위학교의 자율성을 제고하여 교육현장 중심의 지원체제 조성\n  2) 세종교육의 주요시책과 단위학교의 교육지표를 연계하여 운영\n  3) 현액 관리하는 이월금 및 세입세출외현금 등의 집행 시에도 일률 적용\n  4) 본 지침은 여건 변화에 따라 변경 시달될 수 있으며, 다음 연도의 예산\n편성기준으로 발전시켜 예산편성과 집행의 유기적 연결 도모
2026학년도 학교회계 예산편성 및 집행지침	20	2026학년도 학교회계 예산편성 및 집행지침	2026학년도 학교회계 예산편성 및 집행지침\n- 20 -\n 다. 일반지침\n  1) 총 사업비의 적정 관리\n    학교장이 시행하는 각종 사업은 타당성을 충분히 검토하여 예산상의 \n총 사업비 초과 집행 금지\n    학교회계 전입금·자체수입(학부모부담수입·행정활동수입 등) 등이 과다 \n계상된 경우 반드시 정리추경으로 감액 처리하여 실제 세입규모에 맞게 \n세입예산을 정리\n  2) 목적지정 사업 예산의 적정 관리\n    특정사업 수행을 위해 교육청으로부터 지원되는 목적사업비는 학교회계 \n예산으로 세입 조치하여 그 목적에 맞게 세출예산을 편성․집행\n    목적지정 사업예산이 당초예산에 비해 감소되거나 감소가 예상되는 경우 \n자체 예산의 확보 여부 등을 파악하여 예산 절약 및 사업 축소\n    교육청 사업부서에서 요구하는 사항을 이행하여야 하며, 사업비 정산\n결과에 따라 반납\n    지방자치단체의 보조금 및 지원금도 교부 목적대로 사업을 이행하고 정산\n< 반납 기준액 >\n ∙ 각 사업별 집행잔액이 10만원 이상인 경우 전액 반납하고, 그 미만인 경우 학교운영비로 자체사용\n ∙ 사업부서 별도 반납 기준 시달 시 사업부서 기준에 따름\n   ※ 외부지원 사업예산은 재원 교부기관의 처리기준에 따름
2026학년도 학교회계 예산편성 및 집행지침	21	제2편 학교회계 예산편성 및 집행지침	제2편 학교회계 예산편성 및 집행지침\n- 21 -\n  3) 기준성 및 소모성 경비의 집행 기준 준수\n    본 지침에 기준이 정해져 있는 경비는 기준을 초과하여 집행 금지\n    경상경비 절감을 위한 자체 계획을 수립·시행\n  4) 세출예산 적기 집행으로 이월액 및 불용액 최소화\n    자체 사업계획에 따라 세출예산을 적기에 집행하여 교육활동을 효과적으로 \n지원하고, 예산의 이월 및 불용액을 최소화하여 예산운용의 건전성 도모\n    학습준비물구입, 교과활동 교재ㆍ교구구입, 교과운영을 위한 기본적 \n교육활동비는 학기초에 조기 집행하고 연도말 집행 지양\n    연도 중에 계획변경, 사업취소 등의 사유로 불용 발생이 예상되는 사업은 \n추가경정예산 편성 시 조정하여 이월액 및 불용액 최소화 노력\n    회계연도 내 집행이 어려운 사업은 반드시 명시․사고․계속비 이월제도를 \n활용하여 불용액(순세계잉여금) 최소화\n  5) 예산 집행절차 준수 및 투명성·공정성 제고\n    예산집행은 법령이 정한 절차를 반드시 준수하고, 각종 계약관련 정보는 학교 및 \n교육청 누리집 등에 게시하여 공개행정을 통한 예산 집행과정의 투명성․공정성 제고\n    단위학교에서는 수의계약 대상공사도 특별한 사유가 없는 한 지정 정보처리\n장치를 이용한 공개견적 방법으로 시행하여 예산 집행과정의 투명성과 신뢰성 확보\n    학교장은 교직원이 사업별 예·결산 현황을 수시 확인할 수 있도록 학교\n회계시스템(K-에듀파인) 사업관리카드(전체) 조회 권한을 부여하고, 학부모 \n및 학교운영위원에게는 가정통신문 발송, 학교 및 교육청 누리집 탑재, 유인물 \n배부 등 학교실정에 맞는 공개방법을 결정하여 공개
2026학년도 학교회계 예산편성 및 집행지침	22	2026학년도 학교회계 예산편성 및 집행지침	2026학년도 학교회계 예산편성 및 집행지침\n- 22 -\n    공공요금, 유류비 지급 등 예산집행 과정에서 발생한 포인트는 소멸시키거나, \n사적으로 사용 불가하고 반드시 학교회계 재원으로 활용\n      ※ ‘부가서비스(포인트, 마일리지, 적립금 등) 관리지침 안내’(재무과-17768,’17.7.3.)\n    각급학교의 공사·물품·용역 등 계약 시 ｢학교 청렴계약제｣의 실시(세종\n특별자치시 공립학교회계 규칙 제35조)\n  6) 효율적인 교육환경 조성을 위한 예산 운영\n    교육과정 운영의 연계성, 이용자 편의, 재해발생 예방 및 긴급 시 대피 등을 \n종합적으로 검토하여 학교시설의 효율적인 사용과 관리가 가능하도록 배치\n    장애학생의 편의시설 설치 및 이동 편의성 보장\n    학교운영비 중 ｢건물유지비｣로 산정·지원되는 경비는 학교시설 유지·보수에 \n필요한 경비로 우선 편성하여 집행\n    학교의 전기요금, 연료비는 냉·난방기 사용에 지장이 없도록 편성·지원\n    세종특별자치시교육청학교지원본부와 학교시설 유지·관리를 위한 유기적인 \n협조체제 구축으로 시설 투자 예산 절감\n  7) 각종 회의 등에 교직원 참석 시 유의사항\n    교직원이 각종 회의, 협의회, 위원회, 각종 대회, 연수강의 등에 참석하는 \n경우 수당지급 및 급식 또는 숙박 등에 대한 제공 여부를 파악하여 \n동일 경비의 이중 지급 금지\n    각종 회의를 개최하는 경우 회의에 필요한 시간과 예산을 최소화하여 \n소요비용을 절감하도록 노력\n  8) 회계관직의 적정 설치․운용\n    회계관직(임시학교회계출납원 포함)은 회계질서의 문란 방지, 예산의 낭비\n요인 사전 차단, 행정의 능률성 등을 종합적으로 고려하여 적정하게 설치․운용\n    ※ 회계관계 공무원에 대하여는 반드시 재정보증 설정하되, 학교발전기금을 조성․운영하는 \n학교는 학교운영위원장 포함 재정보증 설정(세종특별자치시 공립학교회계 규칙 제48조, \n세종특별자치시 교육비특별회계 소속 회계관계공무원 재정보증 규정 제2조~6조)
2026학년도 학교회계 예산편성 및 집행지침	23	제2편 학교회계 예산편성 및 집행지침	제2편 학교회계 예산편성 및 집행지침\n- 23 -\n  9) 예산 집행관리 추진 철저\n    세출예산 조기집행 추진\n    ◦ 인건비·법정경비를 제외한 사업비는 상반기내 60%이상 집행 목표로 추진\n    ◦ 학교의 조기 집행이 가능한 사업*을 발굴하여 상반기 집행이 될 수 \n있도록 적극 노력\n      ＊ (예시) 도서구입, 학습준비물, 사무용품 구입비, 기자재 구입, 노후시설교체, 시설사업비 조기발주 등\n    ◦ 분기별 완료된 사업의 조속한 추경예산편성을 통해 상반기 원활한 \n조기집행이 이루어 질 수 있도록 노력\n    초등학교의 병설유치원 예산은 별도로 집행하여야 하고, 공동으로 사용하는 \n시설 보수나 교재 ·교구의 구입, 공공요금 등은 학교의 실정에 따라 \n분할 집행할 수 있음\n※ 관계법령\n법규명\n소관부처(기관)\n초·중등교육법\n교육부\n유아교육법\n교육부\n세종특별자치시 공립학교회계 규칙\n교육청\n세종특별자치시 교육비특별회계 재무회계 규칙\n교육청\n지방재정법\n행정안전부\n지방회계법\n행정안전부\n세종특별자치시 학교 수업료·입학금 및 학교운영지원비에 관한 조례\n교육청\n지방자치단체의 교육경비 보조에 관한 규정\n교육부\n회계관계공무원직인규칙\n기획재정부\n회계관계직원 등의 책임에 관한 법률\n기획재정부\n지방자치단체 교육비특별회계 세출예산 집행기준\n교육부
2026학년도 학교회계 예산편성 및 집행지침	24	2026학년도 학교회계 예산편성 및 집행지침	2026학년도 학교회계 예산편성 및 집행지침\n- 24 -\n법규명\n소관부처(기관)\n공유재산 및 물품 관리법 및 동법 시행령\n행정안전부\n세종특별자치시 교육비특별회계 소관 물품관리 조례\n교육청\n세종특별자치시 교육비특별회계 소관 공유재산 관리 조례\n교육청\n지방자치단체를 당사자로 하는 계약에 관한 법률\n행정안전부\n공무원보수규정\n인사혁신처\n지방공무원 보수규정\n행정안전부\n공무원보수 등의 업무지침\n인사혁신처\n지방공무원보수업무 등 처리지침\n행정안전부\n공무원 수당 등에 관한 규정\n인사혁신처\n지방공무원 수당 등에 관한 규정\n행정안전부\n세종특별자치시 교육‧학예에 관한 수수료 징수 조례\n교육청\n중소기업제품 구매촉진 및 판로지원에 관한 법률\n중소벤처기업부\n물품 다수공급자계약 업무처리규정\n조달청\n용역 다수공급자계약 업무처리규정\n조달청\n세종특별자치시 교육비특별회계 지방보조금 관리 조례\n교육청\n지방교육행정기관 업무추진비 집행에 관한 규칙\n교육부\n세종특별자치시교육청 공무원 행동강령\n교육청\n지방자치단체 교육비특별회계 예산편성 운영기준\n교육부\n공무원 여비 규정\n인사혁신처\n세종특별자치시교육감 소속 지방공무원 여비 조례\n교육청\n지방공무원 교육훈련법 및 동법 시행령\n행정안전부\n건설기술 진흥법\n국토교통부\n건축법\n국토교통부\n엔지니어링산업 진흥법\n산업통상자원부\n공공재정 부정청구 금지 및 부정이익 환수 등에 관한 법률\n국민권익위원회
2026학년도 학교회계 예산편성 및 집행지침	25	제2편 학교회계 예산편성 및 집행지침	제2편 학교회계 예산편성 및 집행지침\n- 25 -\nⅤ\n행정사항\n1. 단위학교별 연수 실시\n  각급 학교에서는 소속 교직원, 학교운영위원 등을 대상으로 학교회계에 \n관한 연수를 실시하고, 예산요구서를 제출받아 학교회계 예산편성에 반영\n2. 국민권익위원회 및 감사원 권고사항 이행\n  현장체험학습 인솔 교직원 관련 경비의 예산 반영\n  ◦ 사업담당자는 수익자부담사업(현장체험학습 등) 추진 시 학교 관계자\n(인솔교사 등)의 여비 등 필요한 경비를 학교예산에 반영(국민권익위원회 \n행동강령과-1239, ´08. 10. 10.)\n< 주의 >\n∙ 인솔교직원의 여비는 학교운영비에서 지출하되 일비 이외의 경비는 개인에게 지급하지 않고 계약\n금액 지급 시 업체에 일괄 송금\n∙ 일비는 일수에 따라 1일당 2만원 지급하되 차량을 임차하여 사용하거나 관용차량을 이용한 출장 \n시에는 2분의 1을 지급\n  사업별 수익자부담경비 공개\n  ◦ 수익자부담경비의 사업별 예산·결산내역은 당해 사업 종료 후 10일 이내에 \n정산하여 소요예산, 수행업체 및 선정방식, 세부 집행내역 등을 학교\n누리집에 공개(세종특별자치시 공립학교회계 규칙 제22조) \n  물품ㆍ용역의 검사와 검수는 사업부서 담당자가 실시\n  ◦ 학교장은 물품 구매요구자가 요구서에 품명, 적요, 수량, 용도 등 필요한 \n사항을 구체적으로 기재(필요 시 별지 ‘사양서’ 작성) 하도록 지도
2026학년도 학교회계 예산편성 및 집행지침	26	2026학년도 학교회계 예산편성 및 집행지침	2026학년도 학교회계 예산편성 및 집행지침\n- 26 -\n  ◦ 물품 구매담당자는 구매계약 전에 요구자의 의견을 충분히 수렴하여 구매 \n물품의 활용도 제고\n  ◦ 물품 검사․검수 시 필요한 경우 구매담당자와 요구자(사용자)와 공동으로 입회하여 확인 \n  학교시설 사용허가 시 부가적 발생 비용(관리수당)의 처리\n  ◦ 원칙: 관리수당은 사용허가 과정에서 직무관련자(외부시험 주관사)로부터 \n받는 금품이라는 점에서 원칙적으로 수령을 금지하되, 사용자의 요청에 따라 \n인적 용역을 제공한 경우에 한하여 예외적으로 인정[국민권익위원회 사회\n제도개선과-749(ʹ17. 7. 12.), 감사관-6150(ʹ17.11.20.)]\n  ◦ 구체적 업무를 제공한 경우에 한하여 지급: 시험관련 사용허가로 인한 사용료 \n외 추가로 발생한 인적수당으로서의 관리수당은 구체적 업무가 확인된 \n경우에 한하여 시험주관사가 인적노동을 제공한 자에게 직접 지급 가능\n  ◦ 문서 관리: 학교는 시설 사용허가 시 수령자 성명, 금액 및 구체적 업무\n내역 등 관리수당에 관한 세부정보가 기재된 문서를 작성하여 외부시험 \n주관사에 통보하는 방식으로 교직원들의 세부 수령내역을 지속 관리\n       ※ 공문 교환 시 필수 포함사항: 관리수당을 수령하는 교직원들의 ㉮성명 ㉯직위 ㉰실제 \n수행한 업무의 구체적 내용 ㉱수령금액 ㉲수령일자 ㉳총괄 책임자의 서명(날인) 등)\n  ◦ 시험별 관리수당 규모: 시설사용 요청자와 협의하여 결정하도록 하되, \n시설사용 요청자가 시험감독위원에게 지급하는 비용을 초과하지 않도록 함\n  ◦ 관리수당의 비합리적 운영 금지: 사용료 외 청소 등 목적으로 인건비를 \n세입조치 시, 유사업무를 수행한 자가 관리수당을 별도로 받거나, 감독\n수당과 관리수당을 중복하여 수령하거나. 교직원 간 자의적으로 배분하거나, \n기관장(교장) 1인 중심의 관리수당 수령 등\n  ◦ 근무기록 확보: 관리수당을 수령하는 교직원들은 시험당일 실제 출근여부를 \n확인할 수 있도록 시험감독관과 동일하게 등록부를 기재하거나, 출근명부, \n지문인식시스템 등을 활용하여 근무상황 기록을 확보\n  ◦ 지도‧감독 강화: 관리수당의 임의적 과다수령 관행을 근절하기 위해 지도‧\n감독을 강화하고, 주기적 교육 확대
2026학년도 학교회계 예산편성 및 집행지침	27	제2편 학교회계 예산편성 및 집행지침	제2편 학교회계 예산편성 및 집행지침\n- 27 -\n3. 학교재정운영의 공개\n공개주기 \n시기\n공개내역\n공개범위\n공개장소\n비고\n심의확정 후 \n10일 이내\n학교회계 세입·세출\n예산서 및 결산서\n학교회계 세입·세출\n예산서 및 결산서\n∘ 학교 누리집\n∘ 교육청 누리집/정보공개/\n/재정공개/예·결산정보공개\n세종특별자치시 공립학\n교회계 규칙\n익월 10일 \n이내\n업무추진비 사용\n내역\n건별 집행일시, \n집행내역, 사용처,\n집행대상자, 금액\n∘ 학교 누리집\n∘ 교육청 누리집/정보공개/\n업무추진비/업무추진비공개\n청렴정책 종합계획\n분기별 전 분기 \n사용내역 다음\n달 10일이내\n상품권 구매 및 \n사용내역 \n구매일자, \n구매용도, \n구매수량, 총구매액\n∘ 학교 누리집\n∘ 교육청 누리집/정보공개/\n구매정보/상품권구매·사용 \n공개\n상품권 구매 및 사용집행\n기준 안내 (학교지원과\n-14388, 2014.7.1.) \n해당사업의 \n정산일로부터 \n10일이내\n수익자부담경비\n소요예산, 수행업체 및 \n선정방식, 세부 집행내역\n∘ 학교 누리집\n세종특별자치시 공립학\n교회계 규칙\n  각급 학교는 관련 규정이 정하는 바에 따라 산출기초를 포함한 예․결산서와 \n예산집행 사항을 학교 및 교육청 누리집에 게시\n  학교 재정운영에 관한 사항은 교직원, 학부모 등에게 반드시 공개하여 \n재정운영의 투명성 확보\n4. 예․결산 보고 일정\n5. 신설학교 학교회계 업무처리\n  ｢세종특별자치시 공립학교회계 규칙｣ 제8조의2에 따라 학교예산 편성 및 집행\n     ※ 제8조의2(신설학교의 회계) 신설학교는 제14조의 규정에도 불구하고 유치원운영위원회 및 \n학교운영위원회 구성 전에 예산 편성 및 집행이 가능하며, 학교운영위원회 구성 후 \n30일 이내에 예산 편성 및 집행 내역을 보고\n  개교준비팀에서 신설학교 개교준비 경비를 예산에 편성할 때에는 단일 \n세부사업으로 편성하여 사업비 운영 및 정산 가능\n구분\n제출기일\n제출서류\n예산서\n(추가경정예산 포함)\n∘ 학교운영위원회 심의 후 학교장이 \n확정한 날로부터 10일 이내\n∘ 학교회계 세입․세출예산서\n※ 학교회계시스템 예산확정으로 자동 반영\n결산서\n∘ 회계연도 종료 후 2월 이내\n∘ 학교회계 세입․세출결산서\n※ 학교회계시스템 결산확정으로 자동 반영
2026학년도 학교회계 예산편성 및 집행지침	28	2026학년도 학교회계 예산편성 및 집행지침	2026학년도 학교회계 예산편성 및 집행지침\n- 28 -\n6. 학교회계 비리 예방 자체 점검 실시\n  학교 회계비리가 발생하지 않도록 점검 강화\n  ◦ 학교회계 재정 건전성 유지 및 불용액 최소화를 위하여 아래와 같이 「학교\n회계 점검의 날」을 매월 운영\n    - 회계분야별 자체점검표(붙임1) 활용 및 출납검사(붙임2)를 실시하여 \n학교회계자체 점검\n  ◦ 분기별 에듀파인 클린재정시스템을 활용하여 학교별 자체 점검 \n     ※ ‘학교회계 지도감독’분야 특정감사 결과 및 개선대책 안내(정책기획관-612, ’18.1.24.)\n구분\n이행사항\n점검주기\n학교회계 \n점검의 날\n운영\n∘ [붙임1, 2] 서식을 활용한 학교회계 자체 점검 실시\n  - 학교회계의 효율적 운영 및 불용액 최소화를 위하여 주기적으로 점검하여 \n학교장 결재\n매월 1회 \n(단, 증빙서류 편철은 \n매월 또는 분기별 1회)\n재정분석 및 \n클린재정\n∘ 클린재정시스템 점검항목 점검 및 소명 → 점검표 작성 3월, 6월, \n9월, 12월(매분기 익월중) 학교장 결재\n분기별 1회 \n  ◦ 학교장 또는 행정실장에게 입‧출금 내역을 문자로 통보해주는 입출금 \n알림서비스 이용 권장 \n  ◦ 정기예탁계좌에 대해 “해지 알림 서비스” 이용이 가능한 금융기관과 거래하는 \n학교(기관)는 해당 서비스 의무적 사용(출납원(행정실장)으로 하되, 필요시 \n학교장도 지정)\n  ◦ 수익자부담금의 지로, 신용카드 등 전자적 수납방법 활용, 단, 불가피한 \n경우에 한하여 현금수납 가능
2026학년도 학교회계 예산편성 및 집행지침	29	제2편 학교회계 예산편성 및 집행지침	제2편 학교회계 예산편성 및 집행지침\n- 29 -\n[붙임 1] 「학교회계 점검의 날」 - 회계분야별 자체점검표 \n ※ 서식 변경 가능하며, 「학교회계 업무매뉴얼」 Chapter 7. 장부관리 참고\n구분\n자체점검내용\n점검결과\n세입관리\n▪징수/반환 현황 확인\n · 예산에 미편성된 징수액 확인 후 차기추경 편성\n · 해당 사업 종료 후, 현액 대비 징수액 파악하여 예산 조정\n · 징수액보다 초과 수납된 경우가 있는지 확인\n · 해당산출내역이 아닌 다른 산출내역에 징수·수납을 한 경우 있는지 확인\n ⓔ K-에듀파인/ 학교회계>수입관리>수입현황>징수및수납현황>징수/반환현황\n세출관리\n▪각 부서 사업 진행 현황 점검 및 집행실적 점검\n · 미집행 및 집행률 저조 사업 독려\n · 집행잔액 및 취소사업인 경우 추경 시 예산조정하여 불용액 최소화\n ⓔ K-에듀파인/사업관리>사업관리카드>사업관리카드(전체)→현액일괄조회(모든사업)\n법인카드 \n사용내역 \n관리\n▪매월 1회 신용카드, 현금영수증 사용내역을 검색하여 학교장 결재\n ※ 법인카드 계좌관리: 매월 대금결제일 다음 날에 카드명세서와 대조하여 \n계좌 잔액을 확인\n수익자부담\n경비\n▪수익자부담경비 미수납자 확인 및 독촉\n · 수익자부담경비의 징수결정액 대비 미수납액 확인\n · 미수납자 확인 및 독촉(사업담당자 협조)\n \n ⓔ K-에듀파인/학교회계>수입관리>수입현황>징수및수납현황>학생징수/수납현황\n증빙서류\n편철\n▪지출증빙서는 통합지출부(간지)를 출력하여 편철\n ⓔ K-에듀파인/지출관리→카드및장부→통합지출부\n ※ 편철순서: 표지→해당기간 현금출납부→예금잔액증명*(해당기간 종료일 현재)\n→불부합조서(장부.통장 불일치 시)→지출증빙서류\n * 예금잔액을 확인할 수 있는 자료\n▪징수(증액,감액,과오납반환,불납결손 등)결의서는 징수부 등기일자 순으로 편철 \n▪수입일계표는 수입일자 순으로 정리\n▪세입세출외현금 관련 증빙서류(수입일계표 및 반환결의서)는 일자 순으로 정리\n ※ 장부 및 증빙서류 등의 보존·관리: 5년\n ※ 회계분야별 자체 점검 매월 실시 단, 증빙서류 편철은 매월 또는 분기별 1회 이상 실시\n ※ 학교회계 운영 지도 점검 시 「학교회계 점검의 날」 운영 여부 확인
2026학년도 학교회계 예산편성 및 집행지침	30	2026학년도 학교회계 예산편성 및 집행지침	2026학년도 학교회계 예산편성 및 집행지침\n- 30 -\n[붙임 2] 「학교회계 점검의 날」 - 출납검사 \n ※ 서식 변경 가능하며, 「학교회계 업무매뉴얼」 Chapter 7. 장부관리 참고\n20○○년 ○월 ○일자 학교회계 출납검사\n (단위 : 원)\n구분\n현금출납부 \n잔액 (A)\n통장 잔액 (B)\n차액\n(A-B)\n차액 사유\n점검 결과\n학교회계\n세입세출외현금\n학교발전기금\n ※ 통장 잔액(B)은 정기예금, 보조금 등 포함해서 작성\n붙임 1. 20○○년 ○월 학교회계 현금출납부,징수부,지출부 1부.  에듀파인시스템 엑셀저장\n2. 20○○년 ○월 세입세출외 현금출납부 1부.  에듀파인시스템 엑셀저장\n3. 20○○년 ○월 발전기금 출납부 1부.       에듀파인시스템 엑셀저장\n4. 잔액증빙자료(학교회계, 정기예금, 세입세출외현금, 발전기금) 각 1부. 스캔 첨부\n5. (신용카드 미상계금 내역 1부)\n ※ 출납원과 학교장은 형식적인 출납검사를 지양하고 회계사고가 발생하지 않도록 확인 철저\n  ∘ 매월 출납검사를 실시(익월 10일 이내)하고, 학교회계, 세입세출외현금, 학교발전기금의 통장잔액 \n일치여부와 정기예탁 등 자금운용사항 확인\n   - 학부모부담금 신용카드 자동납부로 현금출납부와 통장 잔고가 불일치하는 경우, K-에듀파인에서 \n카드미상계금 확인하여 차액 사유 기재\n  ∘ 스쿨뱅킹 계좌를 별도로 운용하고 있는 경우 잔고 해소 여부 확인\n ※ K-에듀파인 업무 참고 사항\n  ∘ K-에듀파인 현금출납부에 카드미상계금 항목 추가(출력 가능)\n  ∘ K-에듀파인 수입일계표 메뉴에 미상계금액(누계) 항목 추가(화면 조회)\n  ∘ K-에듀파인에서 카드사별 미정산 상계금 조회 기능 제공\n ※ 종이통장 또는 종이통장 압축 기장 가능(※ 자율 선택)\n  ∘ 감사 수감자료, 회계 점검 등에 금융거래확인서 또는 입출금거래내역서 비치\n   - 학교회계 통장 원본은 종이통장으로 보관 ☞ 출납원 직·사인 관리 철저\n   - 신규통장 및 출납원 인계인수 등 계좌 개설·변경 시 기존과 동일하게 종이통장(금융기관 방문, \n출납원 직·사인으로 인감등록)으로 발행 및 보관 ☞ 출납원 인계인수로 종이통장 원본을 변경\n하는 경우 압축기장으로 잔액 기재 가능
2026학년도 학교회계 예산편성 및 집행지침	31	제2편 학교회계 예산편성 및 집행지침	제2편 학교회계 예산편성 및 집행지침\n- 31 -\n7. 회계문서 관리 철저\n  학교장은 학교회계 출납관련 서류를 철저히 대조·확인하여 검사 결과 부적정한 \n예산집행 내용 발견 시 시정조치\n  학교장은 지정정보처리장치로 결재한 회계문서를 출력한 자료를 확인하여 \n증빙서류와 같이 편철 및 관리 철저(세종특별자치시 공립학교회계 규칙 55조)\n8. 낭비성 예산집행 금지\n  집행 목적을 벗어난 낭비성·선심성·사적 성격의 집행을 금지하고 예산 집행의 \n필요성·공익성·업무관련성을 고려하여 예산과목에 규정된 범위 내에서 집행\n  본 지침에 따라 예산 집행의 적정성 여부 등 사전 검토를 실시하여, 고가·\n사치성 사업비 및 과도한 복지성 경비 집행 지양\n9. 기타 사항\n  형식적․관행적 예산편성 억제\n  ◦ 형식적이고 관행적인 예산 편성을 지양하고 전년도 결산 내용(특히 학부모부담 \n수입)을 참고하여 적정 예산 편성 필요\n  잦은 추경예산 편성은 최대한 억제\n  ◦ 학교운영비에 통합교부사업을 포함하여 교부함에 따라 통합교부된 사업들이 \n당초예산에 빠짐없이 편성되도록 하고, 부득이 예산에 반영되지 못한 목적\n사업비는 성립전 예산으로 집행\n  학교운영비에 건물 면적 및 경과연수 등에 따라 건물유지비를 차등배분\n하였으니 배분된 건물유지비 이상을 학교시설 유지보수비로 계상하고, \n지속적인 유지보수 관리를 통해 일시에 막대한 시설보수 예산이 투입되는 \n사례가 없도록 사전 예방에 철저를 기함
2026학년도 학교회계 예산편성 및 집행지침	32	2026학년도 학교회계 예산편성 및 집행지침	2026학년도 학교회계 예산편성 및 집행지침\n- 32 -\n  시설관리직렬, 기계운영직렬, 운전직렬, 조리직렬, 환경실무사 등 근무활동에 \n필요한 피복 구입비는 학교의 실정에 따라 예산 확보하되 낭비성 예산집행 지양\n  학교회계 예산과목 및 세부사업 표준화에 따라 학교회계 예산편성시 \n「학교회계 예산과목 표준안」을 준수하여 편성
2026학년도 학교회계 예산편성 및 집행지침	33	제2편 학교회계 예산편성 및 집행지침	제2편 학교회계 예산편성 및 집행지침\n- 33 -\nⅥ\n학교회계 예·결산 과정\n1. 예산\n 가. 예산편성 절차\n구 분\n일 정\n주 요 내 용\n학교회계예산편성\n기본지침 시달\n(교육청)\n’25.11.30.\n까지\n- 회계연도 개시 3개월 전까지 단위학교에 시달\n- 세종교육재정 운영방향 및 단위학교 재정운용 방향 제시\n- 예산과목 및 내용 등 학교예산운영에 관하여 필요한 제반내용\n교직원의 \n예산요구서 제출\n(학교) \n’25.12월\n까지\n- 학교교육계획과 연계한 예산편성 계획 수립\n- 소속 교직원에 대한 사전 교육 실시\n- 교육과정운영 및 학교운영을 위하여 필요한 사업에 대하여 예산요구\n연간 총 전입금 및 \n월별․분기별\n자금교부계획 통보\n(교육청)  \n’26.1.9.\n까지\n- 학교회계로 전출되는 금액의 총 규모 및 분기(월)별 자금 교부\n계획(회계연도개시 50일 전까지 통보) \n- 목적사업의 경우 대상학교가 지정되는 대로 확정․통보\n예산조정 작업 \n및 예산안 확정\n(학교)\n’26.1.29.\n까지\n- 단위학교의 총 세입규모 확정\n- 예산조정회의를 거쳐 예산안 확정\n예산안 제출\n(학교)\n’26.1.29.\n까지\n- 회계연도 개시 30일 전까지 학교운영위원회에 제출\n예산안 심의\n(학교운영위원회)\n’26.2.23.\n까지\n- 학교운영위원장은 회의개최 7일전까지 학교운영위원들에게 \n예산안 통지\n- 회계연도 개시 5일 전까지 심의종료 후 학교장에게 예산안 심의\n결과 송부\n예산 확정\n(학교)\n’26.2.28.\n까지\n- 학교장은 학교회계 세입․세출예산 확정\n예산 공개\n(학교)\n확정 후 \n10일 이내\n- 가정통신문, 누리집 탑재 등\n- 교육청 누리집 행정마당에 탑재
2026학년도 학교회계 예산편성 및 집행지침	34	2026학년도 학교회계 예산편성 및 집행지침	2026학년도 학교회계 예산편성 및 집행지침\n- 34 -\n 나. 예산안의 편성\n  1) 학교회계예산편성 기본지침의 시달\n규칙 제10조\n    교육감은 회계연도 개시 3개월 전까지 소속 학교장에게 학교회계 예산편성 기본\n지침을 작성․시달\n    교육감은 학교회계예산편성 기본지침이 시달된 후 학교의 재정운용에 영향을 \n미치는 중요한 시책이 수립되거나 변경되는 경우에는 이미 시달된 지침을 변경하여 \n시달할 수 있음\n  2) 예산요구서의 제출 및 예산안의 편성\n규칙 제12조\n    학교장은 학교회계 예산편성 기본지침이 시달되면 소속 교직원에 대하여 학교 \n교육과정 및 예산편성에 필요한 사전교육 실시\n    학교장은 교직원 등으로부터 교육과정 및 학교운영에 필요한 경비를 기재한 \n예산요구서를 개인별 또는 부서별로 제출 받아 소속 교직원의 의견을 최대한 \n반영하여 예산안을 편성\n  3) 전출금 교부계획 통지 및 예산조정\n규칙 제11조\n    교육청은 단위학교의 계획적이고 자율적 재정운영을 위하여 회계연도 개시 \n50일 전까지 각 학교별로 연간 교부할 학교회계전출금의 총 규모 및 분기\n(월)별 자금교부계획을 확정․통보\n    학교장은 교육청으로부터 전출금 교부계획이 통지되면 자체세입을 포함한 학교의 \n연간 세입예산을 확정하고 가용재원의 범위 내에서 학교 실정에 따라 교직원\n회의 또는 부장회의, 예산편성소위원회 구성 등을 통하여 사업별 우선순위에 \n따라 예산조정 작업을 하고 예산안을 확정\n  4) 학교운영위원회에 예산안 제출\n초중등교육법 제30조의3,\n유아교육법 제19조의8, 규칙 제14조 \n    학교장은 위의 과정을 거쳐 편성한 학교회계 세입세출예산안을 회계연도 개시 \n30일 전까지 학교운영위원회에 제출
2026학년도 학교회계 예산편성 및 집행지침	35	제2편 학교회계 예산편성 및 집행지침	제2편 학교회계 예산편성 및 집행지침\n- 35 -\n    예산안 제출 서류\n    ◦ 예산총칙\n    ◦ 세입․세출예산 총괄\n    ◦ 세입․세출예산 명세서\n    ◦ 계속비․명시이월 사업예산 조서\n    ◦ 기타 예산심의에 필요한 참고자료\n 다. 예산안의 심의 및 확정\n  1) 예산안 통지\n규칙 제14조 \n    학교운영위원장은 예산안 심의를 위하여 예산안을 학교운영위원회 개최 7일 전까지 \n학교운영위원에게 개별 통지\n  2) 예·결산소위원회 구성\n규칙 제14조 \n    학교운영위원회는 예산안의 효율적인 심의를 위하여 학교운영위원회의 의결로써 \n예·결산소위원회를 구성할 수 있음. 이 경우 소위원회위원장은 본회의에서 심사 \n의견을 설명\n  3) 예산안 심의\n규칙 제14조 \n    학교장 제안 설명     \n    ◦ 예산안 심의를 위한 학교운영위원회 개최 시 학교장은 예산안에 관하여 제안 설명 \n    교직원 의견 청취\n규칙 제14조 \n    ◦ 학교운영위원회는 예산안 심의 시 필요한 경우 학생의 수업에 지장을 주지 \n않는 범위 내에서 관련 교직원의 의견을 청취할 수 있음\n    증액 및 새로운 사업의 설치 금지\n규칙 제14조 \n    ◦ 학교운영위원회는 예산안 심의 시 학교장의 동의 없이 세출예산 각 사업의 \n금액을 증액하거나 새로운 과목(사업)을 설치할 수 없음
2026학년도 학교회계 예산편성 및 집행지침	36	2026학년도 학교회계 예산편성 및 집행지침	2026학년도 학교회계 예산편성 및 집행지침\n- 36 -\n<예산안 심의의 한계>\n∙ 학교운영위원회는 학교장의 동의 없이 세출예산 각 목의 금액을 증가하거나 새로운 목을 설치할 수 \n없다. 이는 학교장의 예산편성 및 운영에 대한 권한을 존중하고 상호견제와 균형을 통하여 학교\n구성원들의 의견합치에 의한 합리적인 학교운영을 도모하기 위한 것으로 새로운 사업의 예산편성이나 \n편성된 예산의 증액을 위해서는 반드시 학교장과의 협의를 통하여 학교장의 동의를 얻어야 한다.\n∙ 위와 같이 새로운 사업의 예산편성이나 증액은 불가능하지만 예산안 심의 결과 불필요하다고 판단\n되거나 삭감할 필요가 있는 예산은 학교운영위원회의 예산심의 과정에서 조정할 수 있다. 하지만, \n학교운영의 원활을 기하기 위해서는 충분한 대화와 토론의 과정을 거쳐 상호 간의 합의를 통해 감액 \n결정을 하는 것이 바람직하다.\n  4) 예산확정\n초중등교육법 제30조의3 \n유아교육법 제19조의8\n    학교운영위원회는 예산안을 회계연도 개시 5일 전까지 심의한 후 학교장에게 \n그 결과를 통보하고 학교장은 예산안 심의결과를 통보받은 후 예산을 확정\n  5) 예산공개\n규칙 제57조\n    학교장은 예산이 확정된 후 10일 이내에 가정통신문 발송이나 학교 누리집 \n탑재 등의 방법으로 교직원과 학부모 등에게 공개하고, 교육청 누리집 지정란에 \n탑재하여 재정운영의 투명성 확보
2026학년도 학교회계 예산편성 및 집행지침	37	제2편 학교회계 예산편성 및 집행지침	제2편 학교회계 예산편성 및 집행지침\n- 37 -\n 다. 추가경정예산\n규칙 제15조 \n  1) 추가경정예산    \n구  분\n주  요  내  용\n사안발생\n- 예산의 목적(사업)변경 등 기정예산 편성 당시에는 예기치 못했던 사안이 발생한 경우\n- 성립된 예산을 변경하여야 할 필요가 있을 때\n- 전년도 이월액 확정으로 추경에 반영할 필요가 있을 때\n- 기타 추가경정예산 요구자료 취합 : 교직원 의견수렴\n- 회계연도 종료전: 정리추경 실시(실제 세입액 비교 정리)\n추가경정예산(안) \n편성\n- 추가경정예산(안) 편성\n학교운영위원회 \n심의\n- 본예산 편성 절차에 준함\n예산 공개\n- 예산 심의 확정 후 10일 이내에 학교 및 교육청 누리집 공개\n  \n  2) 추가경정예산 편성 유의사항\n    당초 세입예산 이월금으로 편성한 순세계잉여금이 결산 후 순세계잉여금과 \n차이가 없는지 확인\n    추가경정예산 편성 이전에 집행된 성립전예산이 누락되지 않도록 확인\n    추가경정예산 편성 이전에 예산의 이․전용으로 감액한 과목의 예산을 부족하다는 \n이유로 추경예산에 요구하는지 확인\n    명시이월사유가 발생하는지 확인하여 사유발생 시 명시이월 요구\n    명시․사고이월, 예산의 이․전용, 예비비는 예산액이 아닌 예산현액으로 \n관리되므로 추경예산 편성 시 반영하지 않도록 함\n    세입예산 편성 시 교육청에서 통보된 전입금, 지방자치단체 등의 보조금이 \n누락되지는 않았는지 확인
2026학년도 학교회계 예산편성 및 집행지침	38	2026학년도 학교회계 예산편성 및 집행지침	2026학년도 학교회계 예산편성 및 집행지침\n- 38 -\n 라. 예산의 집행\n  1) 확정된 예산의 집행\n규칙 제2조\n    확정된 예산은 정해진 목적에 따라 자금의 수급 등 학교의 재정 여건을 감안하여 \n합리적이고 효율적으로 집행하여야 하며, 이월액이 과다하게 발생하지 않도록 함\n  2) 예산 미확정 시 준예산 집행\n초중등교육법 제30조의3\n유아교육법 제19조의8\n    학교장은 학교운영위원회의 심의 지연 등 회계연도 개시 전까지 예산이 확정\n되지 아니한 경우에는 전년도 예산에 준하여 초․중등교육법 제30조의3 제4항에 \n의거 다음 각 호에 정한 경비를 집행할 수 있음. 이 경우 해당 연도의 예산이 \n확정된 경우 그 확정된 예산에 의하여 집행된 것으로 봄\n    ◦ 교직원 등의 인건비\n    ◦ 학교교육에 직접 사용되는 교육비\n    ◦ 학교시설의 유지관리비\n    ◦ 법령상 지급의무가 있는 경비\n    ◦ 이미 예산으로 확정된 경비(명시이월비, 계속비 등)\n  3) 성립 전 예산집행\n규칙 제15조\n    국가, 교육청 또는 지방자치단체 등으로부터 그 용도가 지정되고 소요 전액이 교부된 \n경비 또는 학교운영위원회의 심의를 거친 수익자부담경비는 예산의 성립 이전에 \n이를 사용할 수 있으며, 이는 동일 회계연도 내의 차기 추가경정예산에 계상\n< 성립전 예산 집행 시 유의사항 >\n ∙ 국가 또는 지방(교육)자치단체 등으로부터 교부된 경비라도 그 용도가 지정되지 않았거나, 소요 전액이 \n교부되지 않은 경우에는 성립전 예산으로 집행 금지\n ∙ 수익자부담경비라도 사전에 학교운영위원회의 심의를 거치지 않은 경비는 성립전 예산으로 사용 불가\n ∙ 성립전 예산집행 요건에 해당 되더라도 예산집행에 따른 시일이 충분한 경우에는 추가경정예산에 \n편성하여 집행
2026학년도 학교회계 예산편성 및 집행지침	39	제2편 학교회계 예산편성 및 집행지침	제2편 학교회계 예산편성 및 집행지침\n- 39 -\n  4) 간주처리 예산 편성\n구  분\n주  요  내  용\n사안발생\n- 회계연도말 추경예산편성이후 교육청 또는 지방자치단체등의 목적지정 경비 교부\n성립전예산 편성\n- 교부 목적에 부합하는 성립전 예산 신청 및 편성\n예산편성 및 예산안 \n확정\n- 예산편성 결재 요청\n- 세입·세출예산요구 등록 및 예산안 확정\n예산 확정\n- 예산 확정 및 10일 이내 공개\n학교운영위원회 \n보고\n- 차기 학교운영위원회 보고\n    (개념) 국가 또는 지방자치단체 등으로부터 목적지정 지원금이 교부되었으나, \n일정상 현실적으로 학교운영위원회를 다시 소집하여 추가경정예산을 심의하기가 \n어려운 경우 별도의 예산심의 절차 없이 학교운영위원회 심의를 받은 것으로 간주 \n처리하여 심의를 생략하고 학교장의 예산확정 과정만으로 예산을 성립시키는 것\n    (적용시기) 간주처리예산은 회계연도 말에 최종 추경이 완료된 이후(통상적 2월) \n목적지정사업이 교부되었으나 학교운영위원회 심의를 거칠 시간적 여유가 없을 때 \n제한적으로 운용\n    (편성요건) 사전에 학교회계 예산총칙에 간주처리 조항이 포함되어 심의(최종 \n정리 추경예산에 기재)되어야 하고, 목적이 지정된 전입금, 보조금, 지원금에 \n한함(자체 재원의 증감, 과목조정 등은 할 수 없다.)\n    (유의사항) 학교운영위원회 심의를 받기 위한 시간적 여유가 있는 경우에는 운영할 \n수 없고, 간주처리 사유 및 내용 등은 반드시 차기 학교운영위원회 회의 시 보고\n  5) 예산의 목적 외 사용금지 및 예산의 이․전용\n규칙 제17조, 제18조\n     (예산의 목적 외 사용금지) 세출예산에서 정한 목적 외에 경비를 사용할 수 없음
2026학년도 학교회계 예산편성 및 집행지침	40	2026학년도 학교회계 예산편성 및 집행지침	2026학년도 학교회계 예산편성 및 집행지침\n- 40 -\n    (예산의 이용) 세출예산은 예산에서 정한 목적에 적합하게 집행하여야 함 다만, \n학교운영위원회의 심의를 거쳐 예산으로 정한 경우 「정책사업」 사이에 상호 \n변경하여 사용 할 수 있음. 단, 예산집행 상 필요에 의하여 세출예산 반환을 \n위한 이용은 할 수 있으며, 이 경우 학교운영위원회의 심의는 생략할 수 있음\n    (예산의 전용) 학교장은 추가경정예산을 편성하기 어려운 사유가 발생한 경우 \n예산집행의 목적을 달성하기 위해서 인건비․시설비 및 부대비를 제외한 예산의 \n동일한 정책사업 내의 단위사업간 목, 동일한 단위사업 내의 세부사업간 목의 \n금액은 상호 변경하여 사용 할 수 있음. 다만, 회계연도 경과 후 또는 업무\n추진비에 충당하기 위하여 다른 목에서의 전용은 할 수 없음\n< 예산 이·전용의 제한 >\n ∙ 신규사업 추진, 업무추진비, 인건비, 시설비는 다른 목으로 이·전용 불가\n단, 다른 목에서 인건비, 시설비로 이･전용은 가능\n ∙ 정산재원(목적사업비, 수익자부담경비, 보조금 및 지원금)은 이·전용 불가\n ∙ 회계연도가 종료된 후에는 이･전용 할 수 없음\n ∙ 이･전용 요건에 해당되더라도 추경예산 편성 후 집행이 가능한 경우는 추경예산 편성 후 집행\n ∙ 전용 후 재전용 또는 변경 불가\n ∙ 이･전용한 경비의 금액과 사유는 세입·세출결산서에 명시\n    이․전용 예산의 관리\n    ◦ 예산의 이․전용이 있었을 경우는 당초예산 또는 추가경정예산처럼 예산액으로 \n관리하는 것이 아니라 예산현액으로 관리하게 되며, 각 비목별로 예산현액의 \n증감 내역을 정확하게 정리하여야 함\n       ※ 추후 추가경정예산을 편성하는 것이 아님\n< 예산의 이․전용 >\n구분\n이용\n전용\n적용범위\n정책사업간\n단위사업간, 세부사업간, 목간\n요구권자\n학교장\n담당자 또는 부서장\n승인권자\n학교운영위원회\n학교장
2026학년도 학교회계 예산편성 및 집행지침	41	제2편 학교회계 예산편성 및 집행지침	제2편 학교회계 예산편성 및 집행지침\n- 41 -\n  6) 예산의 이월\n규칙 제20조\n    회계연도 독립 원칙에 대한 예외로서 해당연도에 사용하지 않은 세출예산을 \n다음연도에 넘겨서 사용할 수 있도록 한 제도로 명시․사고․계속비 이월이 있으며 \n이월예산에 대하여는 다음연도의 예산에 계상하지 않고, 「예산현액」으로 관리\n    ◦ (명시이월) 세출예산 중 경비의 성질상 당해 회계연도 내에 지출을 끝내지 못할 것이 \n예상되는 경우 그 취지를 세입·세출예산에 명시하여 학교운영위원회의 심의를 \n거쳐 다음 회계연도로 이월하여 사용하는 제도\n    ◦ (사고이월) 세출예산 중 해당 회계연도 내에 지출원인행위를 한 것으로서 \n불가피한 사유로 인하여 해당 회계연도 내에 지출하지 못한 경비(지출원인행위를 \n하지 아니한 부대경비 포함)의 금액을 다음 회계연도로 이월하여 사용하는 제도\n       ※ 사고이월은 사전에 운영위원회 승인을 받지 않고 또한 회계 절차를 문란하게 할 우려가 \n많은 것으로 보다 엄격한 제약이 필요함\n    ◦ (계속비이월) 수년의 회계연도를 거쳐 완성되는 공사나 사업의 총 경비 및 연도별 \n지출예정액을 정하여 학교운영위원회의 심의를 거쳐 사업 완성연도까지 차례로 \n이월하여 사용하는 제도\n< 이월제도의 비교 >\n구 분 \n명시이월\n사고이월\n계속비이월\n내 용\n당해연도에 그 지출을 끝내지 \n못할 것이 예상되는 경비로서 \n금액, 내용을 세입·세출예산에 \n명시\n당해연도 내에 지출원인행위를 \n하고 불가피한 사유로 연도 \n내에 지출하지 못한 경비와 \n지출원인행위를 하지 아니한 \n그 부대경비\n사업을 완성하는데 수년도가 \n소요되는 경우, 5년까지 \n계속비로 이월\n시 기\n최종 추경예산성립 시점\n회계연도말 시점\n예산 성립 시점\n절 차\n학교운영위원회 사전심의\n사전심의 불요(학교장 결정)\n학교운영위원회 사전심의\n재이월\n지출원인행위액은 \n사고이월 (재이월) 가능\n재사고이월 불가\n명시이월 불가\n최종연도에 사고이월은 가능\n징수\n결정\n차년도 학교회계 개시일\n당해년도 출납폐쇄기한 이후\n차년도 학교회계 개시일
2026학년도 학교회계 예산편성 및 집행지침	42	2026학년도 학교회계 예산편성 및 집행지침	2026학년도 학교회계 예산편성 및 집행지침\n- 42 -\n2. 결산\n 가. 결산의 절차\n구분\n주요내용\n회계연도 종료\n(´26. 2. 28.)\n- 당해 회계연도의 징수행위 및 지출원인행위 종료\n출납폐쇄정리\n(´26. 3. 20.)\n- 해당 회계연도에 징수행위 및 지출원인행위가 된 사항의 세입금 수납 및 \n세출금 지출 마감\n결산서 작성 \n- 제 장부 마감 및 세입ㆍ세출 결산서 작성 \n- 예산의 이ㆍ전용 내역, 이월경비내역, 계속비 내역, 예비비 사용 내역 첨부\n결산서 제출\n(´26. 4. 30.)\n- 회계연도 종료 후 2월 이내에 학교운영위원회에 제출\n- 결산서 제출시 첨부 자료\n ※ 예비비 사용명세서, 세출예산 이ㆍ전용명세서, 계속비조서, 명시(사고)이월\n명세서, 계속비이월명세서, 기타 결산심의에 필요한 자료\n결산 심의\n- 학교운영위원들에게 회의개최 7일 전까지 개별 통지\n- 학교장이 결산 내용 설명\n- 교직원 의견 청취\n결산 심의결과 통보\n(´26. 5. 31.) \n- 회계연도 종료 후 3개월 이내에 결산심의 결과를 학교장에게 통보\n결산 보고 및 공개\n(확정 후 10일 이내) \n- 가정통신문, 학교 누리집 탑재\n- 교육청 누리집 「재정공개」탑재\n  1) 회계연도 종료\n초중등교육법 제30조의3 \n    당해 회계연도의 징수행위 및 지출원인행위를 2월 말일 기준으로 종료\n  2) 출납폐쇄정리\n규칙 제4조 \n    회계연도 종료 후 20일까지 당해 회계연도 징수행위 및 지출원인행위가 된 \n사항의 세입금 수납 및 세출금 지출 마감
2026학년도 학교회계 예산편성 및 집행지침	43	제2편 학교회계 예산편성 및 집행지침	제2편 학교회계 예산편성 및 집행지침\n- 43 -\n 3) 결산서 작성 및 제출\n법 제30조의3, 규칙 제21조\n    학교장은 회계연도 종료 후 2월 이내에 학교회계 세입·세출결산서를 \n작성하여 학교운영위원회에 제출하여야 한다. 결산서 제출 시 함께 제출\n하여야 할 첨부서류는 다음과 같음\n    ◦ 세입․세출 명세서 및 세부사업설명서\n    ◦ 예비비 사용명세서\n    ◦ 세출예산 이․전용명세서\n    ◦ 계속비 조서\n    ◦ 명시이월 및 사고이월명세서, 계속비이월명세서\n       ※ 2026학년도 결산 시 2025학년도에서 2026학년도로 이월한 사업의 명세서 첨부\n    ◦ 기타 결산 심의에 필요한 자료\n  4) 재무회계 결산\n규칙 제24조 \n    학교장은 해당 학교의 재정상태 운용결과를 명백히 하기 위하여 발생주의 \n복식부기 회계원리를 기초로 하여 교육감이 정하는 회계기준을 준용하여 \n재무보고서를 작성하여야 하며, 학교운영위원회 결산서 제출 시 첨부하여야 함\n  5) 결산심의 절차\n규칙 제21조 \n    학교운영위원회의 결산서 심의는 예산안 심의 절차에 준함\n  6) 결산심의 결과 통보\n규칙 제21조 \n    학교운영위원회는 결산 심의 후 그 결과를 회계연도 종료 후 3개월 이내에 \n학교장에게 알림
2026학년도 학교회계 예산편성 및 집행지침	44	2026학년도 학교회계 예산편성 및 집행지침	2026학년도 학교회계 예산편성 및 집행지침\n- 44 -\n< 세입․세출결산서 작성 시 유의사항 >\n ∙ 세입결산\n  - 결산액은 실제로 당해 회계연도에 수납한 금액을 말한다.\n  - 명시·사고·계속비이월액은 전 회계연도로부터 사용용도가 지정되어 이월된 경비로서 예산액에는 \n포함되지 않고 예산현액 및 결산액에 포함된다.\n  - 결산결과 미수납액은 당해 회계연도의 출납폐쇄기한이 경과 된 3월21일에 다음 회계\n연도 세입으로 징수결정 하여야 한다. \n ∙ 세출결산\n  - 명시·사고·계속비이월액은 해당 세부사업의 예산현액, 결산액 및 산출기초에 모두 포함 \n하여 작성한다.\n  - 예비비를 지출하였을 경우에 예산액에서 지출액을 제외한 나머지를 예비비의 예산현액으로 \n기록하고, 예비비 지출액 자체는 지출되는 용도의 세부사업의 예산현액에 합산하여 기록한다.\n< 학교회계시스템 결산 마감 기능 변경>\n ∙ 목적: 학교회계 정합성 관리를 위해 결산마감이후 임의 변경ㆍ수정 금지\n ∙ 결산종료후 에듀파인 데이터 변경 필요시 교육청에 공문으로 변경 요청\n  ※ 학교에서 공문으로 변경 요청 시 교육청에서 다시 KERIS에 공문으로 변경 요청
2026학년도 학교회계 예산편성 및 집행지침	45	제2편 학교회계 예산편성 및 집행지침	제2편 학교회계 예산편성 및 집행지침\n- 45 -\n< 세입․세출결산조서 이해 >\n ∙ 세입결산조서\n  - 각각의 목별로 세입내역, 예산액, 징수결정액, 수납액, 불납결손액 및 미수납액을 기록한다. \n(학교회계시스템의 결산 확정에 따른 서식 자동 반영)\n  \n구분\n내용\n산출기초\n∘ 각 목별 수입내역\n예 산 액\n∘ 추가경정예산을 포함한 최종 세입예산액\n예산현액\n∘ 예산액 + 전년도 이월액(명시ㆍ사고ㆍ계속비 이월)\n징수결정액\n∘ 법령, 조례, 규칙 등에 의하여 세입의 원인이 되는 사실이 발생하고 \n이를 징수하기로 결정한 금액\n ※ 징수결정액 = 수납액 + 불납결손액 + 미수납액\n결산액\n(수납액)\n∘ 징수결정액 중에서 실제로 학교회계에 수납된 금액\n미수납액\n∘ 징수결정액 중에서 해당 회계연도 내에 수납되지 않은 금액으로 다음\n연도 이후에 징수해야 할 금액\n불납결손액\n∘ 징수결정액 중에서 결손 처분한 금액\n ∙ 세출결산조서\n  - 각각의 목별로 집행내역, 예비비 지출내역, 이ㆍ전용사항, 사고이월ㆍ명시이월 내역을 기록한다. \n(학교회계시스템의 결산확정에 따른 서식 자동 반영)\n  \n구분\n내용\n산출기초\n∘ 각 목세부사업별로 집행내역을 기록\n예 산 액\n∘ 추가경정예산을 포함한 최종 세출예산액\n예산현액\n∘ 해당 연도에 실제로 지출할 수 있는 금액\n ※ 예산현액 = 예산액 + 예비비 지출액 + 전년도이월액(명시ㆍ사고ㆍ계속비 이월) + 이ㆍ전용 등 증감액\n결 산 액\n(지출액)\n∘ 예산현액 중에서 실제로 지출된 금액\n이 월 액\n∘ 해당 연도 예산현액 중에서 다음연도로 이월하는 명시·사고·계속비 이월액의 금액\n불 용 액\n∘ 예산현액에서 지출액과 다음연도 이월액을 제외한 잔액\n순세계잉여금\n∘ 세계잉여금(세입결산액-세출결산액) - 이월액 - 보조금반환확정액\n세계잉여금\n∘ 현금출납부 잔액, 세계잉여금 = 세입결산액 - 세출결산액
2026학년도 학교회계 예산편성 및 집행지침	46	2026학년도 학교회계 예산편성 및 집행지침	2026학년도 학교회계 예산편성 및 집행지침\n- 46 -\nⅦ\n예산편성 및 집행기준\n1. 예산편성 기본방향\n규칙 제10조 \n  제1편 “Ⅱ. 단위학교 재정운용 방향”을 준수하여 편성\n2. 예산편성 과목 및 사업 설정\n규칙 제13조 \n  세입예산은 장-관-항-목 구조\n  세출예산은 정책사업-단위사업-세부사업-목 구조\n  학교회계 예산편성 기본지침상 세입예산 과목 및 세출예산의 정책․단위․\n세부사업에 대한 구분과 설정은 예산편성에 있어 전국적인 통일성을 유지하여, \n이를 통해 학교재정의 운영상황을 해석하고 재정정책 수립의 기초자료를 \n구하기 위한 것임\n  따라서, 예산편성 시에는 제4편 「학교회계 예산과목 체계」에서 정한 \n바에 따라 편성\n< 사업별 예산구조 >\n구분\n내용\n관리\n정책사업\n(전략목표)\n- 교육활동을 수행하기 위한 최상위 사업 분류\n- 국가 교육목표반영\n-학교급별, 설립별, \n조직별, 기능별 \n등 관리가 가능\n하도록 체계화\n-투입, 과정 및 산출\n지표가 표시되고 \n관리 될 수 있도록 \n체계화\n단위사업\n(성과목표)\n- 정책사업 목표를 달성하기 위한 구체적 사업\n- 국가수준의 교육활동 사업비 분류로 유, 초, 중등교육정책\n- 수립에 필요한 통계산출을 위한 사업분류\n세부사업\n(지표관리)\n- 예산서 체계 및 예산, 사업관리의 최소 단위학교별 자율 설정\n- 학교교육활동의 핵심활동이며 학교운영 및 교육계획의 구체적 활동\n세부항목\n- 세부사업에 연결되어 세부사업에 대한 정산 기능을 가지고 있는 업무 구분\n- 세부사업안에 어느 항목에서 얼마를 지출했는지 알 수 있는 업무항목\n목-세목\n중앙정부와 동일한 목\n원가통계비목\n목을 세부적으로 관리 \n ※ 2015년부터 학교회계 세출예산 “세부사업” 표준화 전면 시행
2026학년도 학교회계 예산편성 및 집행지침	47	제2편 학교회계 예산편성 및 집행지침	제2편 학교회계 예산편성 및 집행지침\n- 47 -\n3. 세입예산 과목별 편성 기준\n 가. 이전수입(장)\n  1) 중앙정부이전수입(관)\n   중앙정부(교육부, 문화체육관광부, 보건복지부 등)에서 국고보조사업으로 별도 통지된 경비\n  2) 지방자치단체이전수입(관)\n   지방자치단체의 보조금, 시․군 및 자치구의 교육경비 보조에 관한 규정에 \n따라 지원하는 경비\n   보조기관 또는 지원기관의 지침 등에 따라 정산하며, 예정에 없던 보조금\n이나 지원금은 성립전 예산으로 집행할 수 있으며, 차기 추가경정예산에 반영\n  3) 지방교육행정기관이전수입(관)\n   교육청은 회계연도 개시 50일 전까지 단위학교에 기본운영비 전입금의 \n연간 총 규모 및 월별 또는 분기별 자금교부계획 통보\n   회계연도 중에 교육청으로부터 지원되는 목적사업비전입금은 성립 전 \n예산으로 집행할 수 있으며, 차기 추가경정예산에 반영하여야 하고, 사업\n부서(목적사업비 지원부서)에서 요구하는 사항을 이행하여야 함\n 4) 기타이전수입(관)\n   학교회계간이전수입\n    ◦ (학교발전기금전입금) 학교운영위원회의 심의․의결을 거쳐 학교회계로 \n전출한 경우에만 학교회계의 세입으로 편성하여 관리할 수 있음\n    ◦ (다른학교회계전입금) 같은 학교가 아닌 다른 학교가 전출하는 전입 \n(학교 간 사무위탁의 처리를 위한 경비 등)
2026학년도 학교회계 예산편성 및 집행지침	48	2026학년도 학교회계 예산편성 및 집행지침	2026학년도 학교회계 예산편성 및 집행지침\n- 48 -\n    ◦ (기타학교회계전입금) 같은 학교 내 학교기업회계가 학교회계로 전출하는 \n학교기업회계전입금 또는 위 항목 이외의 같은 학교 내 타 회계에서 \n이전되는 학교 내 타회계 전입금〔같은 학교 세입세출외현금 등(단, \n세입세출외현금 이자는 이자수입에 편성)]\n   기타공공이전수입\n    ◦ (기타공공지원금) 국가 및 지방자치단체를 제외한 공공기관*(공공의 \n성격이 있는 기관) 등이 지원하는 지원금(대학생 교육실습생 \n운영지원금, 교육시설재난공제회 재난복구비)\n         * 「공공기관의 운영에 관한 법률」에 따른 기관(공공기관 알리오 누리집 www.alio.go.kr 참조)\n<기타공공지원금과 학교발전기금의 구분>\n∙ (기타공공지원금) 국가 및 지방자치단체를 제외한 공공기관(공공의 성격이 있는 기관)등이 \n지원 하는 지원금 ※ 예, 국민체육진흥공단, 한국수자원공사, 청소년보호위원회 등\n∙ (학교발전기금) 개인, 기업체, 민간단체 등의 기부금\n  ※ 공공기관이라도 기부금의 경우에는 학교발전기금회계로 처리해야함\n 나. 자체수입(장)\n  1) 학부모부담수입(관)\n    수익자부담수입(항)\n    ◦ 수익자부담수입은 사업담당자가 급식비, 현장체험학습비와 같이 교육과정 \n운영을 위하여 필요한 경우에 학교운영위원회의 심의를 거쳐 학부모가 \n부담하는 경비로 학교회계 세입․세출예산에 편입\n    ◦ 예산편성 당시 예정에 없던 수익자부담수입은 사전 1인당 징수 한도액 \n등에 대하여 학교운영위원 심의를 거친 경우 성립 전 예산으로 집행할 \n수 있으며, 차기 추가경정예산에 반영\n    ◦ 수익자부담수입은 각 사업별로 구분하여 별개의 목으로 편성\n    ◦ 수익자부담수입은 타 비목과의 이․전용 불가
2026학년도 학교회계 예산편성 및 집행지침	49	제2편 학교회계 예산편성 및 집행지침	제2편 학교회계 예산편성 및 집행지침\n- 49 -\n    ◦ 졸업앨범, 수학여행 등의 학부모가 경비를 부담하는 사업을 추진할 경우에는 \n학부모의 부담을 최소화하기 위하여 공개입찰 등 집행의 투명성 확보\n    ◦ 수익자부담수입의 관리 및 정산\n      - 수익자부담수입은 해당 사업이 종료된 후 10일 이내에 정산하여 \n집행잔액은 반환하여야 함. 다만, 집행 잔액이 소액이어서 일일이 \n정산하기 어려운 경우에는 학교운영위원회의 심의를 거쳐 다음연도로 \n이월하거나 학생복지 사업 등으로 편성하여 사용할 수 있음(안내장 \n또는 납입고지서에 사전 동의 명시)\n<소액 기준>\n • 학교급식비: 학생1인 1식당 급식 단가 미만 ➭ 다음연도 이월 사용\n • 수익자 부담경비(학교급식비 외): 학생 1인당 1,000원 미만 ➭ 학생복지 사업 사용 또는 불우이웃돕기\n       - 수익자부담수입은 해당 사업 종료 후 10일 이내에 소요예산, 수행업체 및 \n선정방식, 세부집행내역 등 정산서를 학교 누리집에 공개하고 가정통신문 안내\n  2) 행정활동수입(관)\n    가) 사용료및수수료(항) \n     (1) 사용료\n    ◦ 학교체육시설(체육관, 수영장 등), 교실, 강당, 운동장, 매점, 급식실 등 \n학교장이 관리하는 학교시설을 포함한 행정재산의 사용허가를 득한 자로부터 \n수수하는 사용료와 학교물품의 대여로 발생하는 대여료 등\n    ◦ 사용료는 반드시 학교회계 세입처리하고, 별도 계좌(세입세출외현금, \n개인계좌)로 보관 금지\n     (2) 수수료\n    ◦ 입시전형료, 수험료, 행정정보 공개 등 조례 및 규칙 등에서 정한 수수료를 \n학교에서 수납하는 수수료
2026학년도 학교회계 예산편성 및 집행지침	50	2026학년도 학교회계 예산편성 및 집행지침	2026학년도 학교회계 예산편성 및 집행지침\n- 50 -\n    나) 자산수입(항) \n    ◦ 기계장치, 불용처분된 사무용 기기 및 집기, 도서 등의 불용물품매각대금\n    ◦ 토지 및 건물매각대 수입\n    다) 적립금처분수입(항)\n    ◦ 잔디운동장 전면보수, 수영장 전면보수 등 대규모 사업을 위해 사용료 \n수입을 재원으로 적립된 적립금 처분 수입(적립금 이자수입 제외_\n이자수입은 (항)기타행정활동수입/(목)이자수입으로 편성)\n    라) 보증금회수(항)\n    ◦ 원어민교사 주택 임차보증금 등 보증금 회수 수입\n    마) 기타행정활동수입(항)\n    ◦ 지난년도에 징수결정 하였으나, 미수납한 금액을 올해연도에 수납하는 \n행정활동 수입 (다만, 학부모부담수입은 해당 과목 수입으로 함)\n    ◦ 정기예금 및 기타예금이자수입(세외현금계좌, 신용카드관리계좌)\n    ◦ 위에서 나열한 것 이외의 행정활동 수입\n 다. 기타수입(장)\n   □ 전년도이월금(관) \n    ◦ 전년도 불용액으로써 이월되는 순세계잉여금은 결산 후 최초로 편성\n되는 추경예산에 불용 확정액 전액을 반영하여야 함\n    ◦ 반환해야하는 전년도 국고․자치단체보조금․목적사업비․기타지원금 \n사용잔액은 순세계잉여금과 구분하여 세입예산에 편성\n       ※ 해당 회계연도에 반납하지 못한 보조금 사용잔액은 다음연도 예산에 편성하여 교부기관에 반납
2026학년도 학교회계 예산편성 및 집행지침	51	제2편 학교회계 예산편성 및 집행지침	제2편 학교회계 예산편성 및 집행지침\n- 51 -\n      - 세입: 장) 기타수입 관) 전년도이월금 항,목) 정산대상재원사용잔액\n      - 세출: 정책) 학교재무활동 단위, 세부) 반환금\n    ◦ 명시․사고․계속비 이월사업비의 경우 예산편성 시에는 이월금에서 \n제외하고 예산현액으로 관리\n< 학교에서 수납하는 세입금 중 교특수입과 학교회계 수입의 구분 >\n구분\n내용\n회계구분\n세입과목\n(원가통계비목)\n학교 교특 \n입 학 금\n수 업 료\n학교수업료 및 입학금에 관한 조례에 의한 입학금과 수업료\n○\n사 용 료\n교실, 강당, 운동장 사용료\n○\n사용료\n임대수입\n행정재산의 임대수입 (단, 국유재산 사용료는 국고\n세입 50%, 교특세입 50%로 입금)\n○\n사용료\n행정재산 사용 또는 수익허가에 의한 수입(식당, 매점, 급식소 등)\n○\n사용료\n일반재산의 임대 수입(단, 문닫은 학교 임대수입은 \n교특세입)\n○\n사용료\n자산수입\n재산매각 수입\n○\n불용물품 매각 수입\n○\n자산매각대\n전화채권 해지 수입\n○\n수 수 료\n세종특별자치시 각급학교 입학전형료 징수 규칙에 의한 전형료\n(단, 학교장전형 고등학교 전형료는 학교회계 수입)\n○\n행정정보공개 수수료\n○\n수수료\n이자수입\n정기예금이자(환매채, CD 등의 이자)\n○\n이자수입\n기타예금이자(공금통장에서 발생한 이자)\n○\n이자수입\n제재금\n수입\n법규가 정하는 바에 의하여 변상 받거나 \n변상명령에 의하여 변상 받는 수입\n○\n기타행정\n활동수입\n무단점유 및 재산 관련 변상금(단, 임대수입이 \n학교회계일 경우 학교회계 수입)\n○\n약정위반으로 인한 위약금 수입(지체상금 등)\n○\n잡 수 입\n생산물매각대(채소, 버섯, 달걀, 우유, 과실 등)\n○\n동‧식물매각대(화훼, 분재, 애완조류, 축산 등)\n○\n실험실습폐기물 매각대\n○\n폐기문서 및 폐휴지 매각대\n○\n직영 매점, 직영 자판기\n○
2026학년도 학교회계 예산편성 및 집행지침	52	2026학년도 학교회계 예산편성 및 집행지침	2026학년도 학교회계 예산편성 및 집행지침\n- 52 -\n4. 세출예산 사업별 편성 및 집행기준\n 가. 인적자원운용 \n  1) 기타 교직원보수\n    정규직 교직원(교원, 지방공무원, 교육공무직원, 특수운영직군)의 결원\n(출산휴가, 장기병가 등)을 충원하는 대체 인건비 \n    각종 법률(교원의 지위향상 및 교육활동보호를 위한 특별법, 같은법 시행령 등)에 \n따라 교직원에게 지급하는 수당(교원연구비, 수석교사 연구활동비 등)\n  2) 교직원 복지 및 역량강화\n    교직원의 교수 및 직무역량 강화, 교직원 복지와 사기진작을 위한 사업비\n 나. 학생복지/교육격차 해소 \n  1) 급식 관리\n    급식종사자 인건비, 급식재료구입비, 급식실일반운영비, 급식기구 확충비 등 \n급식운영에 소요되는 제 경비\n  2) 기숙사 관리\n    기숙사 운영을 위한 사업비(기숙사운영비, 기숙사직원인건비)\n  3) 보건관리\n    학생 및 교직원 건강관리 등에 소요되는 사업비, 학교환경위생 관련 소요 사업비\n  4) 교육격차 해소\n    교육격차해소를 위하여 학생지원사업에 소요되는 사업비(학부모부담금 \n경감을 위한 학생지원금 제외)
2026학년도 학교회계 예산편성 및 집행지침	53	제2편 학교회계 예산편성 및 집행지침	제2편 학교회계 예산편성 및 집행지침\n- 53 -\n  5) 학생복지\n    내/외부 학생 장학금 지원, 농어촌 등 특정 지역의 교육역량 제고를 위해 \n추진하는 사업, 학생복지 관련하여 소요되는 각종 사업비\n 다. 기본적 교육활동\n  1) 교과활동\n    교육과정에 명시된 표준 교수학습 활동 수행을 지원하기 위해 소요되는 \n각종 사업비, 각 교과·특수교육·특성화·(병설)유치원 교육과정 운영 소요 경비\n  2) 창의적 체험활동\n    학생 자치활동 및 창의적 특색활동 등 자율활동, 현장체험학습 활동, 동아리\n활동, 봉사활동, 진로활동 관련 소요되는 사업비\n  3) 자유학기(년) 활동\n    자유학기제 시행 관련 진로탐색활동, 주제선택활동, 예술․체육활동, 동아리활동에 \n소요되는 사업비\n 라. 선택적 교육활동\n  1) 방과후학교 운영\n    교과의 보충이나 특별활동의 체계화 등을 위해 정규 수업과정 외 방과후\n학교 운영, 방과후 늘봄학교(늘봄과정) 운영 관련 소요되는 사업비\n  2) 직업교육\n    정규 교육과정이 아닌 선택적 직업교육 관련 소요되는 사업비\n  3) 국제교육\n    외국학교와의 국제교류 등 국제교육 관련 소요되는 사업비\n  4) 독서활동\n    도서구입, 도서관운영 등 독서 활성화를 위한 소요 사업비
2026학년도 학교회계 예산편성 및 집행지침	54	2026학년도 학교회계 예산편성 및 집행지침	2026학년도 학교회계 예산편성 및 집행지침\n- 54 -\n  5) 교기육성\n    운동부나 기악부 등 교기 운영 관련 소요되는 사업비\n  6) 기타 선택적 교육활동\n    창의성이나 수월성 제고 관련 소요되는 사업, 그 외 기타 선택적 교육\n활동 관련 소요되는 사업비\n 마. 교육활동 지원\n  1) 교무업무 운영\n    교수학습에 직접 투입되지 않으나 교육활동 지원 관련 소요되는 각종 사업비\n  2) 생활지도운영\n    교내외 학생생활, 학생상담 지도 관련 소요되는 사업비\n    학교폭력 예방 및 학생 안전, 학교상담실(wee클래스) 관련 소요되는 사업비\n  3) 연구학교 운영\n    특정 목적 달성을 위한 연구․시범·선도·혁신학교 운영 관련 소요되는 사업비\n  4) 학습지원실 운영\n    방송실, 정보화실, 공동실습소, 기타학습지원실 운영 관련 소요되는 사업비\n  5) 교육여건 개선\n    교수학습 및 학교행정을 위한 시설·장비개선 관련 소요되는 사업비\n 바. 학교일반운영\n  1) 학교기관 운영\n    학교 각 부서 운영, 학교의 부설기관·병설유치원 등 운영, 행정지원에 \n필요한 인력 운영에 소요되는 사업비
2026학년도 학교회계 예산편성 및 집행지침	55	제2편 학교회계 예산편성 및 집행지침	제2편 학교회계 예산편성 및 집행지침\n  2) 시설 장비 유지\n    학교시설 유지관리에 소요되는 사업비(시설 유지 관련 공공요금 및 제세\n공과금, 연료비, 용역비 등)\n  3) 학교운영 협력\n    학교운영위원회 운영, 학부모·지역주민·유관기관 협력을 위해 소요되는 사업비\n 사. 학교시설 확충\n  1) 시설확충 및 개선\n    대규모 수선비, 교실 증․개축 등에 소요되는 시설 사업비\n 아. 학교 재무활동\n  1) 반환금\n    전년도 목적사업비, 보조금 등 집행잔액 반환금\n  2) 예비비\n    예측할 수 없는 예산 외의 지출이나 예산의 초과지출에 충당하기 위하여 \n필요한 소요경비를 예비비로 계상할 수 있으며, 업무추진비에 충당하기 위하여 \n예비비를 지출할 수 없음
2026학년도 학교회계 예산편성 및 집행지침	56	2026학년도 학교회계 예산편성 및 집행지침	2026학년도 학교회계 예산편성 및 집행지침\n- 56 -\n5. 세출예산 성질별 편성 및 집행기준\n 가. 인건비\n∙ 인건비(각종 수당 포함)의 지급요건\n  - 인건비의 집행은 반드시 법령에 지급 근거가 있어야 하며 지급대상, 지급액이 명시되어 있는 \n경우에 한함\n∙ 수당 성격의 연구비 지급 금지\n  - 동 지침에서 정한 경우 외에는 연구개발비, 보조금 등으로 교원 등 공무원 및 교육공무직원 개인에게 \n수당 성격의 경비를 지급할 수 없음\n∙ 인건비 관련 용어 사용 철저\n  - 근거법령에서 “수당”이라고 표현한 경우만 사용\n  - 실비변상 성격의 경우 경비(예시, ○○비)로 표현\n∙ 교육청의 승인을 거치지 않은 학교장 자체(임의) 직종신설 및 신규채용 금지\n  1) 공무직 보수\n    공무원이 아닌 기간의 정함이 없는 근로계약을 체결한 근로자 인건비\n(퇴직급여․처우개선비‧각종수당 등 포함, 호봉제 공무직‧월급제 공무직 등)  \n      ※ 교육공무직원(특수운영직 포함) 초과근무수당은 학교자체 예산 편성 및 집행\n   가) 교육공무직원 인건비(월급제) 인건비\n    교육공무직원 유형별 기본급\n유형\n2025년\n비고\n1유형\n2,266,000원\n주 40시간 기준\n2유형\n2,066,000원\n주 40시간 기준, 주 40시간 미만 근로자는 시간 비례 지급  \n※ 2025년 기준단가이며, 2026년 기준 변경 시 해당 부서에서 별도 안내 예정\n구분\n지급근거\n봉    급\n공무원보수규정 제5조, 제35조, 지방공무원보수규정 제4조, 제32조\n초과근무수당 등\n(지방)공무원수당 등에 관한 규정 제15조 ~ 제17조\n(시간외근무수당, 관리업무수당)
2026학년도 학교회계 예산편성 및 집행지침	57	제2편 학교회계 예산편성 및 집행지침	제2편 학교회계 예산편성 및 집행지침\n- 57 -\n    4대 보험\n구분\n보험료율\n비고\n보험료율\n본인부담\n기관부담\n국민연금\n기준소득월액×9%\n4.5%\n4.5%\n2026년도 \n기준요율 \n변동 가능\n건강보험\n보수월액×7.09%\n3.545%\n3.545%\n장기요양보험료\n건강보험료×12.95%\n6.475%\n6.475%\n고용보험\n보수총액×2.65%\n0.9%\n1.75%\n산재보험\n보수총액×0.96%\n-\n0.96%\n ※ 요율 변경 시 ‘4대사회보험 정보연계센터’「www.4insure.or.kr」을 참고하여 편성\n  나) 호봉제 사무행정실무원(구, 육성회직원) 운영\n    대상: 호봉제 사무행정실무원(구,육성회직원) \n    호봉제 적용 직원의 인건비 지급기준\n    ◦ (호봉승급) 호봉은 매년 1호봉씩 승급하되, 31호봉을 상한으로 함\n    ◦ (보수) 당해연도 일반직 9급의 호봉액을 적용하고 「지방공무원 보수규정」 \n및 「지방공무원 수당 등에 관한 규정」 등을 준용하여 지급\n    ◦ (성과상여금) 호봉제사무행정실무원(구, 육성회직원)의 성과상여금은 1인당 \n2026년 9급 A등급 지급액을 지원하며, 학교장은 지방공무원 성과상여금 업무 \n운영지침을 참고하여 지급시기와 지급금액(등급), 지급방법 등을 정하여 지급\n         ※ 추가 소요 예산은 학교 자체 예산에서 부담\n 2) 기간제근로자보수\n  가) 기간제교원인건비\n    공무원이 아닌 민간인 신분의 기간제 계약 교원 인건비(퇴직급여 포함)\n(정규 기간제교원, 대체 기간제교원, 시간강사 등)\n  나) 기간제근로자인건비\n    공무원이 아닌 민간인 신분의 기간제 근로자 인건비(퇴직급여 포함)\n(기간제 계약직, 일용직 등)
2026학년도 학교회계 예산편성 및 집행지침	58	2026학년도 학교회계 예산편성 및 집행지침	2026학년도 학교회계 예산편성 및 집행지침\n- 58 -\n    기간제근로자 보수 \n구  분\n기준대상\n기준일\n단위\n2026년 기준단가\n기간제\n근로자\n영양사, 사서, 간호사, 교육\n복지사, 전문상담사, 학교\n운동부지도자\n30일 미만\n일당\n시간당 12,136원 \n30일 이상\n월급\n교육공무직원 보수체계 동일 적용\n초등돌봄전담사\n특수학교돌봄전담사\n30일 미만\n일당\n시간당 12,136원 \n30일 이상\n월급\n교육공무직원 보수체계 동일 적용\n특수학교차량안전요원,\n사서보조원, 청소보조원\n30일 미만\n일당\n시간당 12,136원\n30일 이상\n월급\n교육공무직원 보수체계 동일 적용\n그 외 직종\n30일 미만\n일당\n시간당 12,136원\n30일 이상\n월급\n교육공무직원 보수체계 동일 적용\n※ 최저임금보다 적을 경우 최저임금으로 함 \nv 단기채용 일용직 근로자 인건비\n ◦ 적용범위\n  - 각급 학교에서 학교운영을 위하여 불가피한 경우 예산의 범위 안에서 학교장이 필요로 \n하는 근로일수동안 일급 또는 시간급 등으로 고용하는 근로자\n ◦ 일반원칙\n  - 사업계획량과 내용에 따라 자체적으로 일용임금 고용기준(자격, 근무시간, 업무량, 노임 등)을 \n마련하여 운용하되 예산 범위 내에서 집행\n  - 사업수행을 위한 일용임금 예산은 사업중단 또는 변경에 따른 잔여 재원이 있는 경우에도 \n상시근로자 고용재원으로 집행할 수 없음\n  - 일정기간에 집중되는 업무수행(울타리, 수목전지, 운동장 잡초제거 등)을 위해 계상된 \n일용임금 예산을 임의로 조정하여 상시근로자의 고용재원으로 집행할 수 없음\n  - 임금의 집행단가는 사업계획량과 내용에 따라 일용직근로자 고용기준(자격, 근무시간, \n업무량 등)을 마련하고 다음 지정통계기관이 최근 공표한 노임단가, 단위학교가 전년도 \n집행단가 및 당해연도에 편성된 예산액 등을 고려하여 결정·집행함으로써 불합리한 \n차별적 처우가 발생하지 않도록 함. 다만, 최저임금 이하로 집행되지 않도록 유의하여야 함. \n     F 공사부문노임 : 대한건설협회(http://www.cak.or.kr)\n     F 제조부문노임 : 중소기업중앙회(http://www.kbiz.or.kr)\n     F 엔지니어링부문노임 : 한국엔지니어링협회(http://www.kenca.or.kr)\n    ※ 교육비특별회계 지원 행정직인건비 중 기타직 보수(산휴대체 등)는 별도 지침에 의거 산정·지급
2026학년도 학교회계 예산편성 및 집행지침	59	제2편 학교회계 예산편성 및 집행지침	제2편 학교회계 예산편성 및 집행지침\n- 59 -\n  3) 퇴직급여 관리\n    개념: 퇴직하는 근로자에게 급여를 지급하기 위하여 설정한 제도\n    퇴직급여제도 종류\n구분\n퇴직일시금\n퇴직연금\n확정급여형(DB형)\n확정기여형(DC형)\n정의\n근로자가 상당한 기간을 \n근속하고 퇴직할 경우에 \n일시금으로 퇴직하는 \n근로자에게 지급하는 제도\n근로자가 받을 급여의 \n수준이 사전에 결정되어 \n있는 퇴직연금제도\n사용자가 부담하여야 할 \n부담금의 수준이 사전에 \n결정되어 있는 \n퇴직연금제도\n적립금 운용\n주체 및 책임\n사용자\n근로자\n사용자 부담금\n연간 30일분의 평균임금\n연간 30일분의 \n평균임금(운용손익 상계)\n연간 임금총액의 1/12\n급여 수준\n근로기간과 퇴직 시 임금수준에 따라 결정\n근로자의 적립금 \n운용실적에 따라 변동\n중간정산\n불가(법령 사유에 한해 \n제한적 가능)\n불가(법령 사유에 한해 \n제한적 담보대출)\n불가(법령 사유에 한해 \n제한적 중도인출)\n수급권 보장\n불완전\n보장\n    기본방향: 근로기준법, 근로자퇴직급여보장법 등 관계 법령에 따라 퇴직급여 제도 운영\n관계 법령 및 규정\n주요 내용\n세종특별자치시교육청 \n교육공무직원 취업규칙 제43조\n- 「근로자퇴직급여보장법」 및 동법 시행령에서 정하는대로 따름\n세종특별자치시교육청 \n특수운영직군 취업규칙 제48조\n- 1년 이상 근무 후 퇴직 시 1년에 대하여 30일 분의 \n평균임금을 퇴직금으로 지급\n- 퇴직금 지금 대신 「근로자퇴직급여보장법」 제4조에 따라 \n퇴직연금을 지급할 수 있음\n세종특별자치시교육청-전국학\n교비정규직노동조합 2017년 \n단체협약 제57조\n- 퇴직에 따른 금품청산은 사유발생일로부터 14일 이내 \n완료될수 있도록 함\n- 퇴직급여의 지급기준은 근로기준법 및 관계법령에 따름\n- 법령에서 정한 사유 외 퇴직금 중간정산 불가\n세종특별자치시교육청-전국학\n교비정규직노동조합 2017년 \n임금협약서 제9조\n- 퇴직금을 산정하는 계속근로 기간에 방학기간을 포함함\n- 퇴직연금제도는 교육공무직원이 배치된 기관별로 DB형으로 함
2026학년도 학교회계 예산편성 및 집행지침	60	2026학년도 학교회계 예산편성 및 집행지침	2026학년도 학교회계 예산편성 및 집행지침\n- 60 -\n    퇴직금 관련 대장 관리\n    ◦ (개인별 대장) 각급학교는 개인별 퇴직금 관리대장*(혹은 나이스**)을 반\n드시 작성 및 관리하여야 하며, 중간 정산(중도 인출)을 실시한 경우 증\n빙 서류는 관리대장과 보관\n        * 개인별 퇴직금 관리대장 양식: 학교 업무메뉴얼 제3편(보수업무편) 참고\n        ** 나이스: 교육공무직등급여-퇴직금-기본사항관리-퇴직금기본사항\n    ◦ (계좌 출납 관리대장) 퇴직일시금 및 확정급여형(DB) 퇴직연금의 퇴직적립금 및 \n퇴직급여 지급에 관한 모든 출납 사항은 ‘K-에듀파인 세입세출외 현금출납부*’ \n및 퇴직적립금관리대장’을 통해 관리\n       * K-에듀파인 세입세출외현금으로 관리(보관금 - 퇴직적립금으로 표기)\n    ◦ (현황 보고) 결산 시 보고, 감사 시 출납검사, 출납원 인수인계 시(※ 월 \n1회 회계 점검 시 제외) 예금 잔액 증명서 등 증빙서류를 구비하여 잔액 현\n황 보고\n※ <참고> 퇴직적립금 관리 대장* 예시 \n       * 퇴직일시금 및 확정급여형(DB) 에만 해당되며, 계좌 잔액과 대장 잔액이 일치하도록 관리\n        (단위:원)\n일시\n구분\n 기적립액 \n 변동액 \n잔액\n비고\n2025-12-31\n이자 발생\n2,000,000\n+500\n2,000,500\n2026-03-01\n퇴직급여지급\n2,000,500\n-1,700,000\n300,500\n      ※ 계좌 출납 관리대장은 각급학교에서 관리하는 퇴직일시금 계좌 및 확정급여형(DB) 퇴직연금 계좌에 \n해당  (본청 퇴직급여 통합 관리 대상은 제외)\n    ◦ 퇴직금 적립\n      - 퇴직금 지급사유 발생 시 재원이 부족하지 않도록 회계연도마다 추가 \n소요액을 세출예산에 계상\n      - 전 회계연도까지 누적된 퇴직적립금을 K에듀파인 세입세출외현금시스템에 \n입력하고, 이후 반환‧수납 건에 대해서도 동일하게 관리\n    ◦ 적립금 이자 관리  \n      - 금년도 퇴직금 또는 전 회계연도 누적 퇴직금액과 상계 처리하여 관리 \n           예) DB 확정급여퇴직적립금 통장에서 이자 10,000 발생 시 금년도 DB 퇴직적립금 \n3,000,000원 입금해야 할 경우 2,990,000원만 입금\n       ※ 이 경우 퇴직금액이 명확히 알 수 있도록 관리대장 등 붙임 서류 등 구비(또는 표시)
2026학년도 학교회계 예산편성 및 집행지침	61	제2편 학교회계 예산편성 및 집행지침	제2편 학교회계 예산편성 및 집행지침\n- 61 -\n    ◦ 중간 정산 \n      - ｢근로자퇴직급여 보장법 시행령｣ 제3조(퇴직금의 중간정산 사유) 규정 \n외에는 퇴직금 중간정산 금지 및 기 중간정산퇴직금은 개인별 대장 등에 \n기록하여 관리 철저\n    ◦ 권장사항\n      - 학교 관리 퇴직금 계좌 명의(예금주)는 ｢○○학교세입세출외 현금\n출납원｣으로 하고, 인감은 세입세출외현금출납원 직ㆍ사인 \n  4) 기타수당\n    각종 법률(교원의 지위향상 및 교육활동보호를 위한 특별법, 같은법 시행령 등)에 \n따라 교직원에게 지급하는 수당 및 기타 실비 변상적 경비(교원연구비, \n수석교사 연구활동비, 영유아보육수당, 순회교사 및 복식수업수당 등)  \n      ※ 공무직 관련 수당은 공무직인건비 편성
2026학년도 학교회계 예산편성 및 집행지침	62	2026학년도 학교회계 예산편성 및 집행지침	2026학년도 학교회계 예산편성 및 집행지침\n- 62 -\n 나. 운영비\n  1) 학교운영비\n  가) 일반운영비\n< 일반 지침>\n∙ 학교운영에 필요한 기본적 경비로서 소모성경비는 예산 범위 내에서 절약 집행하여야 하며, \n특히 추가경정예산 편성 시 증액하여 사용하는 경우는 최대한 억제하여야 함\n∙ 학년협의회, 부별협의회, 교직원 각종 협의회비 등 업무추진비성 경비를 일반수용비 등으로 \n편법 계상하여 집행할 수 없음\n  ※ 동 경비의 경우 업무추진비에 계상하여 집행하되 계상 한도 준수\n∙ 물품구입비, 업무추진비성 경비 등은 신용카드 사용이 원칙임. 다만, 신용카드 가맹점이 없는 \n지역이거나 예산의 절약 집행, 기타 부득이한 경우에는 학교장 책임 하에 현금으로 지출할 수 있음\n∙ 교직원의 퇴직 또는 전보를 위해서 사적인 문집발간, 무리한 사업추진 등 학교예산을 방만 \n하게 집행하는 사례 금지\n∙ 교직원이 직접 자기가 담당하는 업무, 자기가 소속된 기관의 사무와 관련된 업무와 관련하여 원고를 \n작성하거나 조력하는 경우 원고료 또는 사례금을 지급할 수 없음\n∙ 교육운영비, 시설비(대규모 수선비 포함) 등 다른 비목에 해당하는 경비를 일반운영비에서 집행 \n하지 않도록 할 것\n∙ 회계연도 말 집중적으로 집행하는 사례 금지\n    일반수용비\n    ◦ 학교 운영에 소요되는 경비로 사무용품 구입비, 감사패·상패 등의 제작비, \n인쇄비, 소모성 물품 구입비, 비품 수선비, 각종 사용료(소프트웨어, 사용료 \n포함) 및 수수료, 시설물 소규모 수선비, 시설장비유지비, 청소용역비, 시설\n장비위탁용역비, 임차료, 각종 봉사료 등\n    ◦ 인쇄비, 소모성 물품구입비, 간행물 구입비 등 경상적 경비는 최대한 \n절감하여 집행\n    ◦ 팸플릿, 안내책자 등 인쇄홍보물은 필요한 물량만큼 제작하고, 신문․방송 등 \n광고비는 유사한 사업의 통합실시를 전제로 절감 집행
2026학년도 학교회계 예산편성 및 집행지침	63	제2편 학교회계 예산편성 및 집행지침	제2편 학교회계 예산편성 및 집행지침\n- 63 -\n    ◦ 소모성물품 구입시 집행하며 교육운영비, 업무추진비, 시설비, 기타자산취득비 \n등 다른 비목에 해당하는 경비를 일반수용비에서 집행하지 않아야 함\n    ◦ 물품 구입 시 지정정보처리장치를 포함한 인터넷 구매를 활용하는 등 \n저렴한 방식을 채택하여 최대한 절약 집행하되 인터넷 사기 피해 및 \n교환, A/S 등을 고려하여야 함\n    ◦ 새로 구입하는 명패는 보직 변경 이후에도 재사용이 가능한 소품으로 제작, \n장식모양이 포함 되는 등의 고가품 구입은 자제하며, 사적 용도의 명패, \n감사패, 기념패 등 제작 금지\n    ◦ 특별한 사유 없이 기관장 교체 등으로 인한 학교현판, 현수막 교체용 예산 집행 금지\n    ◦ 행사비\n      - 학교장 또는 학생회가 주관하는 각종 행사는 검소하고 내실 있게 개최하되, \n행사장을 임차할 경우에는 가급적 공공기관 건물(학교시설 등)을 활용\n하고 차량 임차는 불가피한 경우를 제외하고는 억제\n      - 관행적인 기념식 위주의 행사를 탈피하고 행사 본연의 의의를 부각시키도록 함\n      - 행사를 개최하는 경우에는 계획수립 단계에서부터 예산 낭비요인을 제거하여 \n효율적인 예산집행이 되도록 노력\n< 학부모회 운영비 中 일반수용비 >\n ∙ 학부모회 운영비 중 일반수용비의 경우 다음의 사항을 준수하여 개산급으로 지급할 수 있음.\n  - 학부모회 운영 계획과 관련하여 집행계획을 면밀히 수립\n  - 포괄적인 예산편성 및 지출내역 지양, 구체적인 산출 근거 제시\n    ◦ 임차료\n      - 각종 시험 및 교육을 위한 교실과 회의장·행사장의 임차는 각급 교육 기관, \n훈련기관, 연구소 및 공공기관의 시설을 최대한 활용(청소비 등은 실비\n범위 내에서 지급 가능)\n      - 주택 및 사무실 임차 시 전세보증금 채권 확보
2026학년도 학교회계 예산편성 및 집행지침	64	2026학년도 학교회계 예산편성 및 집행지침	2026학년도 학교회계 예산편성 및 집행지침\n- 64 -\n      - 원어민 영어보조교사용 등 주택 및 사무실 등을 임차할 때에는 전세 기간 \n만료 후 전세보증금 회수에 지장이 없도록 전세권을 설정하고, 선 순위 근저당 \n설정 여부 등을 검토하여 채권 확보 조치\n    ◦ 시설장비유지비\n      - 시설장비 유지비 적용범위는 건물 및 건축설비, 공구, 기구, 비품, 기타 \n시설물의 유지관리비와 통신시설유지비, 원동기 등 동력장치, 중장비 \n및 항공기에 소요되는 유류비, 기타 육상운반구(차량제외) 유지비, 시설장비 \n유지의 용역비로 함\n      - 재료의 사용은 재활용 또는 실험재료 등 기존 비축분을 최대한 활용하고, \n잔여 예산집행을 위한 재료 비축은 지양\n      - 건물(학교) 등을 외주할 경우 관계법령에 의하여 관리자를 선정하고, \n용역근로자 근로조건 보호지침을 준수하여야 함\n      - 장비, 시설, 시스템 등에 부속되어 일부를 이루는 부품(물품)을 수리 차원에서 \n교체하는 경우에는 본 과목에서 집행할 수 있음\n      - 원동기 등 동력장치, 중장비 및 선박에 소요되는 유류대는 연간 단가 \n계약에 의하는 등 예산절감에 노력\n      - 시설장비의 내구연수를 증가시키거나 변화시키는 핵심부품의 교체\n비용 등은 자산취득비로 집행함\n      - 시설장비유지비는 인건비 부족, 재해소요 충당 등 불가피한 경우를 제외하고는 \n시설물 등의 적정 유지보수를 위해 타 비목으로의 이․전용을 최소화하여야 함\n        ※ 소규모 시설․장비 유지관리 용역비(노무비, 제비용 포함)는 시설장비유지비에 해당\n< 경비의 구분 >\n∙ 일반수용비: 기계‧기구‧집기 및 기타 공작물의 소규모 수선비, 시설장비유지비(건물 및 건축\n설비, 공구, 기구, 기타 시설물의 유지관리비)\n∙ 시설비: 주로 자본형성적 경비로써 청사의 개보수, 대규모 도장 등 그 내용연수가 길고 \n비용투입의 효과가 장기간에 걸쳐 나타나는 대규모 수리비
2026학년도 학교회계 예산편성 및 집행지침	65	제2편 학교회계 예산편성 및 집행지침	제2편 학교회계 예산편성 및 집행지침\n- 65 -\n     ◦ 위탁사업(용역)비\n      - 교사(校舍)·시설·장비 유지관리 용역비\n      - 기타 전산운영, 기관운영 등 학교업무의 외부위탁에 따른 제비용\n      - 계약관련 법령 등에 의한 절차에 따라 집행함\n    운영수당\n< 일반 지침 >\n∙ ｢세종특별자치시 교육비특별회계 예산편성 기본지침｣, ｢세종특별자치시 학교회계 예산편성 \n및 집행지침｣ 등의 규정에 정하지 않은 각종 수당 지급 금지\n※ 지급금지 수당 : 총괄수당, 진행수당 등\n∙ 법령, 조례 및 사업추진을 위해 설치된 위원회 참석 수당과 실비 경비\n∙ 학교운영과정에서 외부 강사 등에게 지급하는 각종 수당(일비, 여비, 강사수당 등)\n    ◦ 위원회 참석수당\n      - 법령 및 자체 규정에 의하여 설치된 위원회에 참석한 위원에 대하여 \n예산에 계상된 단가 또는 자치단체가 조례 등 자체적으로 정한 기준에 \n의하여 위원회 참석 수당을 지급할 수 있음\n      - 위원회 참석 실비(교통비)는 지급기준에 따라 지급 가능\n         ※ 지급기준: 관내 10,000원/관외 10,000원+실교통비(이동구간 철도 또는 버스운임 등 통상 \n이용되는 대중교통요금)\n         ※ 위 지급기준을 초과하여 지급 시에는 증빙서류 첨부 시 가능\n      - 외부회의 등 요청 기관에서 여비를 지급하는 경우 소속 기관에서의 \n여비 지급 금지\n      - 공무원인 경우 직접 자기가 담당하는 사무뿐만 아니라 자기가 소속된 \n자치단체에서 설치된 위원회에 참여하는 경우에는 다른 법령에 특별한 \n규정이 없는 한 위원회 참석수당을 지급할 수 없음\n         ※ 자기소관 사무의 범위: 직접 자기가 담당하는 업무뿐 아니라 소속된 기관의 사무까지 포함(학교단위)
2026학년도 학교회계 예산편성 및 집행지침	66	2026학년도 학교회계 예산편성 및 집행지침	2026학년도 학교회계 예산편성 및 집행지침\n- 66 -\n      - 위원회 참석수당 편성 및 집행 기준액\n구분\n단위\n단가\n비고\n위원회\n참석수당\n일 당\n∘ 기본: 100,000원\n∘ 초과: 50,000원\n∘ 기본료: 1일 2시간 이하 기준\n∘ 초  과: 2시간 초과시 1일 1회에 한하여 지급\n  ※ 학교운영위원회 회의 참석 시 학교운영위원에게 보수성격의 수당을 지급할 수 없지만, 회의 개최 등 \n참석에 필요한 실비에 해당하는 여비는 공무원여비규정에 준용하여 지급할 수 있음\n      - 사업추진을 위하여 자체적으로 구성하는 임의위원회는 반드시 관련 \n근거(교육부 지침, 자체계획)와 위원회 규정이 있고 심의·의결하는 \n경우에 한하며, 위원회 구성 인원은 최소화하여야 함 \n            ※ 단순 협의회 형식의 위원회는 참석수당 지급 불가\n      - 화상회의 등 원격 회의 시 위원회 참석수당은 지급하되, 교통비 등은 미지급\n            ※ 단순 E-mail 등을 통하여 심사할 경우, 법령 및 조례에 따라 심사수당만 지급\n   ◦ 심사수당\n      - 법령·조례 등에 의하여 설치된 위원회의 위원이 단순한 회의참석 \n이외에 사전 자료수집·회의안건 검토 등을 하는 경우 계상된 예산액의 \n범위 내에서 지급할 수 있음\n      - 다만, 공무원인 경우 자기가 소속된 지방자치단체에 설치된 위원회에 \n참석하는 경우에는 다른 법령에 특별한 규정이 없는 한 심사(심사, 심의, \n선정, 검토, 편집, 개발 등)수당을 지급할 수 없음\n      - 교육사업추진을 위하여 심사‧심의‧검토 등에 참여한 자에게 계상된 \n예산액의 범위 내에서 지급할 수 있음\n            ※ 세종특별자치시교육감 소속 공무원인 경우 직접적인 자기소관 사무 이외의 위원으로 \n위촉되었을 경우에 한하여 지급할 수 있으나, 동일 기관장 소속 공무원에는 지급할 수 없음\n(본청, 직속기관, 각급 학교는 각각의 독립된 기관으로 봄)\n      - 법령에서 달리 정한 경우를 제외하고, 법령․조례 및 사업추진을 위해 \n지방자치단체가 설치한 위원회에 지방의회의원 자격으로 참여하는 \n경우에는 위원회 심사수당을 지급할 수 없음
2026학년도 학교회계 예산편성 및 집행지침	67	제2편 학교회계 예산편성 및 집행지침	제2편 학교회계 예산편성 및 집행지침\n- 67 -\n      - 변호사, 회계사, 감정평가사, 건축사, 변리사 등 관련 전문가로부터 \n학교 사무처리와 관련하여 자문을 받는 경우 거래실례 가격 등을 \n기준으로 자문료를 지급할 수 있음\n      - 심사수당 편성 및 집행 기준액\n구분\n수당항목\n단가\n비고\n심사·심의·선정\n일반인 및 공무원\n∘ 기본 : 40,000원\n∘ 초과 : 20,000원\n ※ 기본료\n1일 2시간 이하 기준\n ※ 초과\n1일 2회에 한하여 지급 \n교수, 변호사 등 전문가\n∘ 기본 : 50,000원\n∘ 초과 : 30,000원\n상담 및 컨설팅\n대학진학센터 상담·컨설팅\n∘ 기본 : 50,000원\n∘ 초과 : 20,000원\n일반 상담·컨설팅\n∘ 기본 : 40,000원\n∘ 초과 : 20,000원\n검토·편집·심사·\n개발\n일반인 및 공무원\n∘ 기본 : 40,000원\n∘ 초과 : 20,000원\n교수, 변호사 등 전문가\n∘ 기본 : 50,000원\n∘ 초과 : 30,000원\n      - 심사시간 산출기준\n구분\n2시간 이하\n2시간 초과 ~ 3시간 이하\n3시간 초과 ~\n심사시간 산출기준\n2시간\n3시간\n4시간\n심사수당 지급\n기본료\n기본료 + 초과 1시간\n기본료 + 초과 2시간\n ※ 초과시간은 30분 이상부터 1시간으로 인정, 30분 미만은 심사시간에 미포함\n    ◦ 시험수당\n      - 시험실시계획에 따른 소요경비를 집행. 다만, 단위학교의 교육과정에 \n대한 평가고사 중 당해 학교의 교직원이 출제, 채점 및 문제선정, \n감수, 문제편집·편찬을 하는 경우는 시험관리비를 지급하지 아니함
2026학년도 학교회계 예산편성 및 집행지침	68	2026학년도 학교회계 예산편성 및 집행지침	2026학년도 학교회계 예산편성 및 집행지침\n- 68 -\n      - 시험수당 편성 및 집행 기준액\n구분\n단위\n단가\n비고\n① 출 제 비\n객관식\n문제당\n4,000원\n출제위원장 \n중복 지급 불가\n※ 출제감금수당은 연속\n12시간 이상 감금 상태\n에서 출제, 문제선정, \n문제편집 및 편찬을\n담당한 경우에 한하되, \n전체 감금시간을 24로 \n나눈 일수로 지급하고 \n소숫점 첫째자리에서\n반올림\n주관식\n과목당\n100,000원\n(출제위원장 \n150,000원)\n② 채 점 비\n객관식\n10문제당\n15원\n주관식\n과목당\n150,000원\n③ 문제선정심의비\n과목당\n100,000원\n④ 문제편집,편찬비\n1일당\n30,000원\n⑤ 시험감독비\n4시간 미만\n80,000원\n4시간 이상\n100,000원\n8시간 이상\n120,000원\n⑥ 면접ㆍ실기채점비\n4시간 미만\n100,000원\n4시간 이상\n120,000원\n8시간 이상\n140,000원\n⑦ 출제감금수당, 출제관리(행정요원)\n1일당\n80,000원\n⑧ 시험관리수당\n4시간 미만\n80,000원\n4시간 이상\n100,000원\n8시간 이상\n120,000원\n⑨ 시험장 준비, 문답지 보안관리 \n   (인계·인수포함)\n1일당\n70,000원\n ※ 주의 : 법규, 조례, 규칙 등에 별도의 규정으로 단가를 정하고 있는 경우 별도의 기준에 따름(예시: 대학수학능력시험 등)\n    ◦ 강사수당\n      - 시간강사 수당\n        ․ 예산, 강사경력, 학생․학부모 의견, 기타 학교 제반 여건 고려\n        ․ 강사료, 운영 방법은 학교운영위원회 심의를 거쳐 자율적 결정\n        ․ 방과후학교, 사교육 없는 학교, 영재학급 운영 사업 등과 같이 별도의 \n운영지침, 운영계획이 있는 경우 동 지침 및 운영계획 준용
2026학년도 학교회계 예산편성 및 집행지침	69	제2편 학교회계 예산편성 및 집행지침	제2편 학교회계 예산편성 및 집행지침\n- 69 -\n      - 외부강사 수당\n        ․ 경비의 성격: 학교자체 연수계획에 의하여 학생, 교직원, 학부모 \n교육을 실시한 강사의 수당\n        ․ 강사수당은 ｢세종특별자치시 학교회계 예산편성 및 집행지침｣에서 \n정한 금액 기준으로 지급하되, 원고료, 교통비, 식비, 숙박비는 예산의 \n범위 내에서 별도로 지급할 수 있으며, 교육훈련기관의 직원을 활용한 \n경우에는 강사료를 지급하지 아니한다.\n        ※ 교통비, 식비, 숙박비 지급기준: 공무원 여비 규정에 따라 지급하되 증빙서 제출 생략 가능
2026학년도 학교회계 예산편성 및 집행지침	70	2026학년도 학교회계 예산편성 및 집행지침	2026학년도 학교회계 예산편성 및 집행지침\n- 70 -\n      - 1인 출강 수당 편성 및 집행 기준액\n구  분\n지   급   대   상\n지급기준\n지급액\n(천원)\n공공분야\n민간분야\n특별\n강사\n1\n∘ 전‧현직 총리(급) 및 해당분야의 권위자로 기관장이 인정하는 자\n1시간\n300\n초과시간당\n200\n2\n∘ 전‧현직 장차관(급)\n∘ 전‧현직 국회의원\n∘ 전‧현직 교육감 및 이에 \n준하는 자\n∘ 전‧현직 대학교 총장(급)\n∘ 대기업 총수(회장), 국영기업체장, \n정부출연 연구기관장\n∘ 사회적 명망이 높은 \n문화‧예술‧종교인‧  기업임원(급) 및 \n이에 준하는 자로 기관장이 \n인정하는 자\n1시간\n200\n초과시간당\n150\n일반\n강사\n1\n∘ 24호봉 이상 교원 및 \n교육전문직\n∘ 5급이상 공무원\n∘ 대학 교수 이상\n∘ 대(중소)기업, 국영기업, 공사의 임원 \n(이사급 이상)\n∘ 판․검사, 변호사, 변리사, 의사, \n공인회계사, 기술사 등 자격(면허) \n소지자\n∘ 정부 출연 연구기관 연구원\n∘ 사회적 인지도가 있는 \n문화․예술․종교인․기업 임원(급) 및 \n이에 준하는 자로 기관장이 \n인정하는 자\n1시간\n160\n초과시간당\n90\n2\n∘ 23호봉 이하 교원 및 \n교육전문직\n∘ 6급이하 공무원 \n∘ 대학 강사\n∘ 대(중소)기업, 국영기업, 공사의 \n직원으로 1급에 해당하지 않는 자\n1시간\n100\n초과시간당\n50\n3\n∘ 외국어․체육․전산강사 등 강사\n1시간\n60\n초과시간당\n30\n보조강사\n∘ 각종 실기실습 보조자(전산보조 제외)\n∘ 전산 실기실습 보조자\n1시간\n40\n초과시간당\n10\n     ※ 수당지급 관련 주의 및 참고사항\n       ⁃ 특별강사로서 위 지급단가로는 교육과정운영 및 강사 초빙이 곤란하다고 인정되는 \n경우 각 기관(부서)별 예산의 범위 내에서 별도의 강사료를 정하여 지급할 수 있음\n       ⁃ 외부강사 수당 단가이므로 내부직원 지급 불가\n       ⁃ 각 기관 및 공무원 교육기관에서 공무원을 초빙하여 교육을 실시하는 경우, 타 기관 \n공무원에 대하여 강사료 지급 가능(다만, 소속직원을 강사로 활용시 소속기관 직원 \n이외의 인원이 과반수 이상을 차지하는 경우에 지급 가능)
2026학년도 학교회계 예산편성 및 집행지침	71	제2편 학교회계 예산편성 및 집행지침	제2편 학교회계 예산편성 및 집행지침\n- 71 -\n       ⁃ 부정청탁 및 금품 등 수수의 금지에 관한 법률 제10조, 동법 시행령 제25조에 따라 \n공무원 등은 시행령 제25조[별표2]의 상한액을 초과하여 지급할 수 없음\n       ⁃ 강사의 교통비, 숙박비 등 실비보상은 공무원여비규정에 따라 별도 지급이 가능함\n       ⁃ 예산 사정상 감액조정 지급 가능(단, 차하위 등급 지급액 보다 적게 지급 불가)\n       ⁃ 수강인원수에 따른 가산 가능(101명∼200명: 120%, 201명∼300명: 140%, 301명 이상: 160%)\n      - 다수인 출강 수당 편성 및 집행 기준액\n        ․ 대상 : 현대·전통 음악 및 무용 등 다수강사의 참여가 필요한 교육\n     구    분\n5인이하\n6~10인\n11인이상\n2시간미만\n50만원\n70만원\n90만원\n2시간이상\n70만원\n90만원\n110만원\n      - 강의시간 산출\n구분\n1시간 이하\n 1시간 초과~\n2시간 이하\n 2시간 초과~\n3시간 이하\n 3시간 초과 ~\n4시간 이하\n강의시간 산출 기준\n1시간\n2시간\n3시간\n4시간\n강의료지급\n기본료\n기본료+초과1시간\n기본료+초과2시간\n기본료+초과3시간\n        ※ 4시간 초과 시: 기본료(1시간) + 초과시간(기본료 1시간을 제외한 시간)\n       ※ 초과시간은 30분이상부터 1시간으로 인정, 30분 미만은 강의시간에 미포함\n       ※ 학생대상 강의는 해당 학교의 수업 시수 단위로 인정 가능\n      - 동일강사 1일 중복 출강 시 최초 1시간(기본료) 인정기준\n       ∨ 교육내용이 다른 강의(주제나 강의명이 다른 경우 포함)\n       ∨ 교육내용은 같으나, 교육대상이 다른 경우(단, 강의 간 대기 시간이 1시간 이상)\n< 예시 >\n∙ 동일강사가 동일한 강의 내용으로 하루에 A집단 오전2시간, B집단 오후 2시간으로 강의를 \n한 경우 강의료 지급은?\n  ☞ A집단(기본료+초과1시간) + B집단(기본료+초과 1시간)으로 계산하여 지급
2026학년도 학교회계 예산편성 및 집행지침	72	2026학년도 학교회계 예산편성 및 집행지침	2026학년도 학교회계 예산편성 및 집행지침\n- 72 -\n   ◦ 원고료 \n      - 지방자치단체가 업무와 관련하여 특정인에게 원고 집필을 의뢰하거나 \n응모(공모) 등에 채택된 원고에 대한 집필료\n      - 동영상 녹화자료를 통한 다양한 연수자료 및 컨텐츠 제작료\n      - 예산편성 및 집행기준액\n항목\n구분\n단위\n단가\n원 고 료\n국    문\n외 국 어\n◦ 매\n◦ A4규격, 글자 12포인트, 행간격 160, 상․하 여백 \n20mm, 좌․우여백 25mm\n   ※ 강의시간당 3매 이내\n14,000원\n슬라이드\n자막제거\n◦ 매(강의 시간당 5매 이내, 최대 20매 인정)\n10,000원\n프리젠테이션\nPPT\n◦ 면(강의 시간당 5면 이내, 최대 20면 인정) \n10,000원\n제 작 료\n연수자료 및 \n기타 컨텐츠\n음성\n◦ 10분(40매) \n100,000원\n영상(컨텐츠)\n◦ 1분(최대 30분 인정)\n10,000원\n홍보\n콘텐츠\n영상\n영상\nA유형(출연·촬영·편집)\n◦ 5분이내(최대 10분 인정)\n100,000원\nB유형(출연·촬영)\n◦ 5분이내(최대 10분 인정)\n60,000원\nC유형(출연)\n◦ 5분이내(최대 10분 인정)\n30,000원\n숏폼 영상(출연·촬영·편집)\n◦ 1분이내\n50,000원\n일러스트, 웹툰 등\n◦ 매\n30,000원\n※ 홍보 컨텐츠 제작 단가는 유형별 최고액으로 제작 난이도에 따라 차등 적용\n※ A~C유형은 5분 기준, 초과 1분당 10,000원 추가 지급(최대 50,000원 추가)\n※ C유형은 출연 형태에 따라 집행 가능 범위 내 지급 가능\n※ 소관 업무와 관련하여 업무 매뉴얼 등 자료 제작 시 원고료 및 수당 지급 불가\n※ 같은 강의에 국문이나 PPT 등 다양한 원고를 활용할 경우 원고료 중복 지급 불가\n※ 전문성이 필요한 외주 작가 제작비, 편집비, 촬영비 등의 단가는 법규, 조례, 규칙 등에서 별도의 규정으로 \n단가를 정하고 있는 경우 별도의 기준을 따를 수 있음\n      - 기존 원고 활용 시 원고료 편성 및 지급 비율\n구분\n지급비율\n비고\n기존활용\n원 고 의\n수    정\n사 용 시\n30% 미만 수정 시 (미수정)\n미 지 급\n30~70% 미만 수정 시 (부분수정)\n50% 지급\n70% 이상 수정 시 (전체수정)\n100% 지급
2026학년도 학교회계 예산편성 및 집행지침	73	제2편 학교회계 예산편성 및 집행지침	제2편 학교회계 예산편성 및 집행지침\n- 73 -\n    ◦ 공무원 교육 강사료\n      - 자체 직장교육을 위한 강사요원으로 직장 내 교직원을 활용할 경우에는 강사료 미지급\n      - 소속공무원이 자신의 업무와 관련하여 자신이 속한 학교에서 교육을 \n실시하는 경우에는 강사료 미지급 \n< 청탁금지법에 따른 ‘외부강의 등 사례금 상한액’ >\n∙ 외부강의등 사례금의 지급제한\n  - 관련근거: 「부정청탁 및 금품 등 수수의 금지에 관한 법률」 제10조 및 같은 법 시행령 제25조, \n「세종특별자치시교육청 공무원 행동강령」 제16조\n  - 외부강의등 사례금 상한액\n구분\n공무원, 공직유관단체 임직원\n각급 학교 교직원\n학교법인ㆍ언론사 임직원\n1시간당 상한액\n40만원\n(직급별 구분 없음)\n100만원\n사례금 총액 한도\n60만원\n※ 1시간 상한액+1시간 상한액의 50%\n제한없음\n  ※ 초과사례금 수령 시: 소속기관장에게 신고하고 제공자에게 지체 없이 반환\n  ※ 외부강의등 요청기관이 국가나 지방자치단체인 경우 외부강의 사전 신고 대상에서 제외되나 상한액은 준수\n  ※ 한국교육과정평가원, 한국교육학술정보원, 국립대학법인 등 공공기관은 국가나 지방자치단체에 \n해당되지 않으므로 신고 대상임\n<「세종특별자치시교육청 공무원 행동강령」 제16조>  [별표 3]\n1. 공직자등별 사례금 상한액\n  가. 「국가공무원법」 또는 「지방공무원법」에 따른 공무원(각급 학교의 장과 교직원에 해당하는 \n사람은 제외한다): 40만원 \n  나. 「초·중등교육법」, 「고등교육법」, 「유아교육법」 및 그 밖의 다른 법령에 따라 설치된 각급 \n학교의 장과 교직원(가목에 따른 공직자에도 해당하는 경우에는 나목에 따른다): 100만원\n  다. 가목 및 나목에도 불구하고 국제기구, 외국정부, 외국대학, 외국연구기관, 외국학술단체, 그 밖에 이에 \n준하는 외국기관에서 지급하는 외부강의등의 사례금 상한액은 사례금을 지급하는 자의 지급기준에 따른다.\n2. 적용기준\n  가. 제1호가목 및 나목의 상한액은 강의 등의 경우 1시간당, 기고의 경우 1건당 상한액으로 한다.\n  나. 제1호가목에 따른 공직자등은 1시간을 초과하여 강의 등을 하는 경우에도 사례금 총액은 \n강의시간에 관계없이 1시간 상한액의 100분의 150에 해당하는 금액을 초과하지 못한다.\n  다. 제1호가목 및 나목의 상한액에는 강의료, 원고료, 출연료 등 명목에 관계없이 외부강의등 \n사례금 제공자가 외부강의등과 관련하여 공직자등에게 제공하는 일체의 사례금을 포함한다.\n  라. 다목에도 불구하고 공직자등이 소속기관에서 교통비, 숙박비, 식비 등 여비를 지급받지 못한 \n경우에는 「공무원 여비 규정」 등 공공기관별로 적용되는 여비 규정의 기준 내에서 실비수준으로 \n제공되는 교통비, 숙박비 및 식비는 제1호의 사례금에 포함되지 않는다.\n ※ 관련 법령이 개정될 경우, 개정사항 적용
2026학년도 학교회계 예산편성 및 집행지침	74	2026학년도 학교회계 예산편성 및 집행지침	2026학년도 학교회계 예산편성 및 집행지침\n- 74 -\n    전기요금, 상하수도료\n    ◦ 공공요금의 조회‧납부시에는 자동이체 제도 및 인터넷 납부 제도를 \n적극 활용하여 절약 집행\n    ◦ 전기 사용은 한전 파워플래너 활용, 최대수요전력 장치 설치, 대기전력\n차단장치 설치 및 적정 운영 등으로 절약이 가능한 부분은 최대한 \n절약 집행하고 사적 용도로 사용 제한\n    ◦ 쾌적한 교수학습 환경조성을 위해 공공요금의 물가인상률을 감안하여 \n실소요액을 계상하여 우선 확보 \n    연료비\n    ◦ 도시가스료, 냉난방기연료비, 지역난방료, 차량유류대, 취사용기연료비 등 \n에너지 사용에 소요되는 경비\n      - 각급기관(학교)은 차량 유류 구입 시 부득이한 경우를 제외하고 ｢공공 \n기관 유류구매카드｣를 활용하여 조달청에 등록된 주유소와 비교한 \n후 유리한 조건의 주유소를 이용할 수 있음\n        ※ 공공유류구매 주유소는 나라장터 누리집(www.g2b.go.kr)를 통하여 확인 가능\n    기타 공공요금\n    ◦ 전기요금, 상하수도요금, 연료비를 제외한 우편요금, 전화요금, 인터넷 \n통신요금, 보험료, 자동차세 등 공공요금 및 제세공과금\n    ◦ 기관의 자동차세 등 공공요금 납부 시 예산절감을 위하여 선납 또는 \n일괄 납부 제도를 이용할 수 있음\n    ◦ 우편요금은 우편요금 감액제도를 활용하는 등 최대한 절약 집행\n    ◦ 각종 정책자료·홍보자료 등의 배포는 누리집, 전자우편 등을 최대한 활용\n    급식용식재료비: 급식에 소요되는 식재료비\n    우유급식비: 우유급식에 소요되는 우유구입비\n    맞춤형복지비: 교직원(교원, 직원, 교육공무직원, 특수운영직군) 맞춤형복지비
2026학년도 학교회계 예산편성 및 집행지침	75	제2편 학교회계 예산편성 및 집행지침	제2편 학교회계 예산편성 및 집행지침\n- 75 -\n    교직원복지비\n< 일반 지침 >\n∙ 교직원 맞춤형복지비를 제외한 교직원 복지비(피복비, 특근매식비, 자비부담연수비, 교직원\n보건검사비, 교직원 동호회 지원비, 교직원 생일기념 경비 등)\n∙ 고가의 문화·레저 체험비 집행 주의\n  - 1인당 단가가 높은 공연·문화행사·체험활동 등의 경비 집행 지양\n    사례) A학교(S석 최고가 뮤지컬 관람권 다수 구입), B학교(고급 재료를 활용한 체험 활동비 지급) \n∙ 업무추진비성 경비 지출 제한\n  - 교직원 행사(소통, 공감, 화합 등) 추진시 체험(연수)비 명목의 식사 및 다과 등 금지\n    사례) C학교(브런치 카페에서 교직원 행사비 집행), D학교(힐링 체험 명목의 케이터링)\n    ◦ 피복비 \n      - 피복은 본래 용도에 맞게 구입해야 하며, 개인 의복 및 고가 의류 구입 금지\n       ※ 피복비는 개인에게 직접 지급 불가하고, 반드시 물품구매 절차에 따라 구입 및 검수\n      - 소속 공무원(교육공무직원 등 포함)외의 자에게 본 과목에서 피복을 \n구매하여 지급할 수 없음\n      - 단, 방호원복과 청사 관리 요원(배움터지킴이 포함)의 작업복은 외부 \n위탁을 하지 않는 경우에 한하여 예산 범위 내에서 집행 가능 \n    ◦ 교직원 생일기념 경비 \n       - 소속 교직원*의 생일시 소액(1인당 3만원이하)의 상품권, 케익 등 지급 경비\n       * 교직원: 정규 교원, 지방공무원, 교육공무직원, 1년 이상 기간제 교원 및 교육공무직원, 특수운영\n직군, 원어민보조교사, 스포츠강사\n       ※ 세부사업-교직원복지, 세부항목-교직원생일기념경비, 원가통계비목-교직원복지로 편성\n    ◦ 특근매식비 \n      - 특근매식비 지급대상자는 정규 근무시간 개시 1시간 이전에 출근하여 \n근무하거나 근무종료 후 1시간 이상 근무하는 자 또는 휴일에 1시간 \n이상 근무하는 자\n      - 을지훈련 등 비상훈련 참가자 중 급식을 요하는 자
2026학년도 학교회계 예산편성 및 집행지침	76	2026학년도 학교회계 예산편성 및 집행지침	2026학년도 학교회계 예산편성 및 집행지침\n- 76 -\n      - 특근매식비의 집행은 불가피한 경우를 제외하고는 기관카드, 기관\n현금영수증카드 중 선택하여 사용하는 것을 원칙으로 함\n        * 식당의 카드 수수료 절감을 위해 현금영수증카드 우선 적용, 신용카드 예외 적용\n      - 예산편성 및 집행단가: 교직원 9,000원(1인 1식) 이내\n       ※ 학부모 등의 민간인 매식비 10,000원 이내\n  나) 교육운영비\n< 일반 지침 >\n∙ 학교장 또는 학생회가 주관하는 각종 행사는 검소하고 내실 있게 치르되, 행사장을 임차할 경우 \n가능한 공공기관 건물을 활용토록 하고, 차량 임차는 가급적 억제\n∙ 관행적인 기념식 위주의 행사를 탈피하고 행사 본연의 의의를 부각시키도록 함\n∙ 행사를 개최하는 경우에는 계획 수립 단계에서부터 낭비적 요인을 제거하여 효율적인 예산 \n집행이 되도록 노력\n∙ 행사 홍보탑, 아치, 현판, 광고풍선 설치 및 전야제 행사 등은 지양\n∙ 학생 자치활동 및 행사 기념품 제작, 안내서 또는 책자의 발행은 원칙적으로 지양하되, 부득이한 \n경우 필요한 최소량으로 제작‧발행\n  ※ 행사에 참여한 초청인사 등을 대상으로 기념품을 제작할 경우 ‘업무추진비’ 목으로 편성\n∙ 학생 자치활동 및 복리증진 등을 위하여 지출하는 경비는 예산 범위 내에서 목적에 부합되게 절약 집행\n  - 단, 학급 자치활동비는 학급행사비, 학급단체 활동 등 학급단위 교육 활동 소요경비를 말하며, \n이에 대한 집행은 예산의 범위 내에서 ｢세종특별자치시 공립학교회계 규칙｣ 제5장(지출)규정에 \n의하여 집행하되, 개인에게 정액으로 지급할 수 없음\n∙ 학급운영비는 학급 운영을 위해 연간 사용할 금액을 일괄 품의 후 학교 카드 사용 또는 개산급으로 \n지급할 수 있음(단, 청소도구 등 학급 비품구입은 학교 일반운영비에서 편성) \n∙ 개산급을 받은 자는 그 사업 종료 후 5일 이내에 정산서를 작성하여 증빙서와 함께 출납원에게 \n제출하여야 함\n  ※ 단, 개산급 사용에 따른 개인 포인트 적립 등 주의 필요\n    교육운영비\n    ◦ 교구, 기자재 구입 및 유지보수비, 교육용 재료비 등\n       ※ 자산성 물품은 비품구입비 목에 편성
2026학년도 학교회계 예산편성 및 집행지침	77	제2편 학교회계 예산편성 및 집행지침	제2편 학교회계 예산편성 및 집행지침\n- 77 -\n    ◦ 교육활동숙박비 \n      - (테마식)현장체험학습, 수련활동 등 학생 단체교육활동에 따른 숙\n박비\n      - 숙박시설에서 식사까지 함께 계약하는 경우엔 숙박비에 포함 \n    ◦ 교육활동식비 \n      - (테마식)현장체험학습, 수련활동 등 학생 단체교육활동에 따른 식비\n    ◦ 교육활동교통비 \n      - 비행기표, 선박요금, 기차요금 등 임차계약에 의하지 않은 학생 단체 교육활동 교\n통비\n    ◦ 학생교육훈련비 \n       - 학생 교내외 전지훈련, 대회출전 대비 연습 등에 소요되는 학생 제 교육 훈련비\n     - 연습․훈련에 따른 학생 식비, 숙박비, 여비 등을 포함\n    ◦ 학생대회출전비 \n     - 학생대회 출전에 따른 등록비, 출전에 따른 여비, 재료비 등 제 경비\n    ◦ 학급운영비\n     - 단위학교 학급운영의 자율성‧특색적인 교육활동 필요경비로 생활\n교육, 학급행사, 자료발간 등으로 집행\n< 예  시 >\n구분\n항목\n세부사업\n학급운영비\n생활교육\n수업개선, 개별‧집단‧학부모 상담 등 생활교육에 필요한 물품\n학급행사\n환경정비, 생일잔치, 단합대회, 사제동행 등 각종행사에 따른 물품\n자료발간\n학급신문(문집), 앨범, 앨범, 영상 제작 등
2026학년도 학교회계 예산편성 및 집행지침	78	2026학년도 학교회계 예산편성 및 집행지침	2026학년도 학교회계 예산편성 및 집행지침\n- 78 -\n< 학급운영비 집행 제한 항목 >\n∙ 학습준비물 구입\n∙ 일반적인 사무용품이나 정보화 장비의 소모품에 해당하는 물품 구입\n∙ 각종 상품권 구입\n    학습준비물\n    ◦ 학습준비물 담당 사업부서의 지침에 따름\n    학생복지비\n    ◦ 학생에게 지원하는 지원금을 제외한 학생복지에 소요되는 경비\n    ◦ 장학금, 학생자치활동비, 학생안전공제회비, 학생보건검사비, 졸업앨범, \n교복구입, 학생 정서행동 검사 및 치료비 등에 소요되는 경비\n  다) 법정부담금\n    기간제교원법정부담금\n    ◦ 기간제교원(정규‧대체 기간제교원, 시간강사 등)에게 기관(학교)이 부담\n해야 하는 법정 부담금(국민연금, 건강보험, 고용보험, 산재보험 등)\n    기간제근로자법정부담금\n    ◦ 기간제근로자(기간제 계약직, 일용직 등) 및 방과후강사에게 기관(학교)이 \n부담해야 하는 법정부담금(국민연금, 건강보험, 고용보험, 산재보험 등) \n    공무직법정부담금\n    ◦ 공무직(호봉제‧월급제 공무직 등)에게 기관(학교)이 부담해야 하는 \n법정 부담금(국민연금, 건강보험, 고용보험, 산재보험 등)
2026학년도 학교회계 예산편성 및 집행지침	79	제2편 학교회계 예산편성 및 집행지침	제2편 학교회계 예산편성 및 집행지침\n- 79 -\n 다. 여비\n \n< 공통 지침 >\n∙ 여비집행에 관한 사항은 ｢공무원 여비 규정｣ 및 ｢공무원보수 등의 업무지침 중 공무원여비 \n업무처리 기준｣에 의함\n \n구분\n지급근거\n국내여비\n｢공무원 여비 규정｣ 별표 2, 별표 5 등\n｢공무원 여비 규정｣ 별표 3, 별표 4, 별표 6의 2 등\n지방공무원 교육훈련여비 지급기준\n(「2025년 지방공무원 교육훈련 운영계획」, 운영지원과-1583, 2025.1.17.) \n국외여비\n이전비\n교육훈련비\n  1) 일반지침\n  가) 여비의 종류(영 제2조)\n구분\n내용\n운 임\n여행 목적지로 이동하기 위해 교통수단을 이용함에 있어 소요되는 비용을 충당하기 \n위한 여비 (철도운임, 선박운임, 항공운임, 자동차운임)\n숙박비\n여행 중 숙박에 소요되는 비용을 충당하기 위한 여비\n식 비\n여행 중 식사에 소요되는 비용을 충당하기 위한 여비\n일 비\n여행 중 출장지에서 소요되는 교통비, 통신비 등 각종 비용을 충당하기 위한 여비\n이전비\n근무지 외의 지역으로 부임의 명을 받거나 청사 소재지의 변경에 따라 거주지가 변동된 \n경우, 새 거주지로 이사화물을 이전하는데 소요되는 비용을 충당하기 위한 여비\n가족\n여비\n근무지 외의 지역으로 부임의 명을 받거나 청사 소재지의 변경에 따라 거주지가 변동된 \n경우, 새 거주지로 가족이 여행하는데 소요되는 비용을 충당하기 위한 여비\n준비금\n국외출장시 사전준비를 위한 비용을 충당하기 위한 여비로서 인사혁신처장이 정하는 \n항목(비자발급비, 예방접종비, 여행자보험가입비, 풍토병 예방약 구입비)\n  나) 공무로 여행하는 때에 지급되는 여비항목\n구분\n여비항목\n출장\n국내출장\n근무지내 국내출장\n1만원, 2만원 정액\n근무지외 국내출장\n운임, 식비, 숙박비, 일비\n국외출장\n운임, 식비, 숙박비, 일비, 준비금\n근무지 변경(신규임용 포함)\n부임여비, 이전비, 가족여비\n ※ ‘공무로 여행하는 때’라 함은 해당공무원이 사적용무가 아닌 공적업무를 수행하기 위해 필요한 여행을 하는 때를 의미함
2026학년도 학교회계 예산편성 및 집행지침	80	2026학년도 학교회계 예산편성 및 집행지침	2026학년도 학교회계 예산편성 및 집행지침\n- 80 -\n  다) 여비의 지급 구분(영 제3조)\n구분\n해당 공무원\n제1호\n다. 차관 또는 1급 상당 보수를 받는 공무원\n라. 유ㆍ초ㆍ중ㆍ고등학교의 교(원)장 또는 2급 및 3급(국장급만 해당) 공무원\n제2호\n가. 장학관 또는 교육연구관, 유ㆍ초・중・고등학교의 교(원)감， 14호봉 이상의 장학사・\n교육연구사 및 각급학교 교사，3급(과장급만 해당)부터 5급까지의 공무원(시간선택제 \n채용공무원 및 시간선택제 전환공무원 포함),연봉 등급 4호 및 5호에 해당하는 일반임기제공무원 \n나. 위 제1호 및 제2호가목에 해당하지 않는 공무원(「공무원보수규정」을 적용받는 공무원을 포함)\n  라) 파견자에 대한 여비지급 \n    파견 시 여비지급 \n    ◦ 파견명령에 의한 파견 시 본인 부임여비, 이전비, 가족 여비는 파견 받은 \n기관에서 지급함. 다만, 원소속 기관과 파견 받은 기관이 협의하여 \n원소속기관이 지급하기로 한 때에는 원소속기관이 지급함\n    ◦ 파견명령에 의한 파견 시 원소속기관이나 파견 받은 기관에서 파견기간을 \n출장으로 처리하여 여비를 지급할 수 없음\n    파견 받은 기관에서의 공무출장여비 지급\n    ◦ 파견 받은 기관의 공무수행을 위해 파견 받은 기관의 장이 파견자의 출장을 \n명한 경우, 파견자의 여비는 파견 받은 기관에서 이 영에 따라 지급함
2026학년도 학교회계 예산편성 및 집행지침	81	제2편 학교회계 예산편성 및 집행지침	제2편 학교회계 예산편성 및 집행지침\n- 81 -\n  마) 여비 지급 기준액\n    공무원 여비 지급 기준액\n구분\n운임\n일비\n(1일당)\n숙박비\n(1박당)\n식비\n(1일당)\n철도운임선박운임항공운임자동차운임\n제1호\n다,라\n실비\n(특실)\n실비\n(1등급)\n실비\n실비\n25,000원\n실비\n25,000원\n제2호\n실비\n(일반실)\n실비\n(2등급)\n실비\n실비\n25,000원\n실비(상한액: 서울특별시 \n100천원, 광역시 80천원, \n그 밖의 지역 70천원)\n25,000원 \n    외부 민간인에 대한 정액여비 지급 기준\n구분\n운임\n숙박비\n일비\n식비\n제1호에 준하는 민간인\n정 액\n77,000원\n25,000원\n25,000원\n제2호에 준하는 민간인\n정 액\n55,000원\n25,000원\n25,000원\n     ※ 공무원과 동행하는 외부 민간인에 대한 정액여비는 공무원과 동일하게 지급 가능\n     ※ 「공무원보수 등의 업무지침」 개정시 개정된 지급기준에 따름\n  2) 근무지내 국내출장 시의 여비\n    근무지내 국내출장의 경우 별도의 여비의 구분 없이, 출장 여행시간이 \n4시간 미만인 경우 1만원, 4시간 이상인 경우 2만원을 지급\n    운전업무를 담당하기 위해 임용된 운전원이 본연의 업무수행을 위해 차량을 \n운행하는 경우에는 여비를 지급하지 아니하되, 4시간 이상 근무지내 \n국내출장시에는 1만원을 감액하여 지급할 수 있음\n       ※ 단, 운전원도 근무지외 출장시에는 운임 및 일비, 숙박비, 식비에 따라 여비를 지급할 수 있으나, 실제 \n소요비용이 발생하지 않은 경우에는 지급하지 아니함\n    근무지내 국내출장 중 왕복 2km이내*의 근거리 출장인 경우 실비로 지급함\n구분\n실비 상한액\n4시간 미만\n1만원(운임)\n4시간 이상\n2만원(운임, 식비 1/3)\n     * 지도상의 직선거리가 아니라 근무지에서 출장지까지의 최단이동거리로 판단함\n      ※ 다만, 공용차량을 이용한 경우에는 운임은 지급하지 아니함
2026학년도 학교회계 예산편성 및 집행지침	82	2026학년도 학교회계 예산편성 및 집행지침	2026학년도 학교회계 예산편성 및 집행지침\n- 82 -\n    ◦ 출장자는 운임과 식비의 세부 사용내역을 확인할 수 있는 세금계산서, 신용\n카드 매출전표, 현금영수증, 승차권 등 증거서류를 갖추어 정산을 신청하여야 함\n      ※ 다만, 운임은 증거서류 구비가 어려울 경우에는 출장확인서, 현장사진 등을 근거로 버스, \n전철 또는 택시 기본요금을 정액으로 지급할 수 있음\n 3) 근무지외 국내출장 시의 여비\n  가) 운임\n    국내 자동차운임 지급기준\n    ◦ 국내 자동차운임 중 버스운임은 국토교통부장관 또는 특별시장·광역시장·도지사 \n또는 특별자치도지사가 정하는 기준 및 요율의 범위 안에서 정하여진 버스요금을 \n기준으로 실비로 지급하되, 할인이 되는 경우에는 할인된 금액을 지급함\n    ◦ 국내 자동차운임 중 자가용 승용차를 이용한 경우의 운임\n      - 자가용을 이용하여 공무로 여행하는 경우의 운임은 여행구간 등급별 \n철도 또는 버스운임(통상 이용되는 대중교통요금)으로 함\n      - 공무형편상 부득이한 사유로 자가용을 이용한 경우에는 철도 또는 버스\n운임 대신에 다음 기준에 따라 연료비 및 통행료, 주차료 등을 지급할 수 있음\n< 공무형편상 부득이한 사유 >\n ∙ 산간오지, 도서벽지 등 대중 교통수단이 없어 자가용을 이용할 수 밖에 없는 경우\n ∙ 출장경로가 매우 복잡ㆍ다양하여 대중교통을 사실상 이용할 수 없는 경우 \n ∙ 공무목적상 부득이한 심야 시간대 이동 또는 긴급한 사유가 있는 경우 \n ∙ 자가용을 이용함으로써 운임이 적게 소요되는 경우\n ∙ 하중이 무거운 수하물을 운송해야 하는 경우\n ∙ 출장 시 대중 교통수단을 이용할 경우 이동 소요시간 과다로 공무수행에 지장을 초래하는 경우
2026학년도 학교회계 예산편성 및 집행지침	83	제2편 학교회계 예산편성 및 집행지침	제2편 학교회계 예산편성 및 집행지침\n- 83 -\n   ◦ 연료비 지급기준: 여행거리(km)×유가÷연비\n      - 여행거리(km): 출발지와 출장지간 거리, 다만, 경유지가 있는 경우 \n경유지를 포함하여 여행거리를 계산\n        ※ 출발지: 근무지를 기준으로 함\n        ※ 출장지간거리: 한국도로공사(www.roadplus.co.kr)나 민간에서 제공하는 거리계산방법을 활용\n      - 유가 등: 출장 시작일 기준 유가 등\n        ※ 한국석유공사 유가정보서비스(www.opinet.co.kr)에 고시된 유가를 적용, 환경부 무공해차 통합 \n누리집 충전요금 등을 적용\n      - 승용차 유종별 연비(전비)\n구 분\n휘발유\n경유\nLPG\n하이브리드\n플러그인\n하이브리드\n전기\n수소\n연비(km/L)\n11.97\n12.52\n8.83\n15.37\n10.61\n전비(km/kwh)\n2.84\n5.22\n연비(km/kg)\n94.9\n       ※ 2025 공무원 보수 등의 업무지침\n       ※ 출장자는 고속도로 통행영수증, 출장지에 소재한 주유소에서 결제한 신용카드매출전표, 주차영수증 등 \n자가용을 이용하여 출장을 이행한 사실을 확인할 수 있는 증거서류를 갖추어 제출\n      - 고속(유로)도로 통행료 지급기준: 통행료 영수증 기재액\n      - 주차료, 공항·항만 이용료: 영수증 기재액(단, 주차료는 출장일수 1일당 \n10,000원 범위 내에서 지급)\n      - 자가용 동승자에게는 연료비 및 통행료 등의 운임을 지급하지 않음\n      - 2인 이상의 공무원이 같은 목적으로 동행하여 출장하는 경우에는 \n1대의 차량을 이용하는 것을 원칙으로 한다. 다만, 출장목적 수행상 \n불가피한 사유로 2대 이상의 차량을 이용한 경우에는 차량 이용에 \n대한 증거서류를 각각 제출하여야 함\n    ◦ 관외출장의 경우 신용카드 매출전표, 숙박·운임 영수증 등으로 출장\n이행을 반드시 확인하여야 함
2026학년도 학교회계 예산편성 및 집행지침	84	2026학년도 학교회계 예산편성 및 집행지침	2026학년도 학교회계 예산편성 및 집행지침\n- 84 -\n       ※ 국내여행자가 여비 중 운임과 숙박비를 결제할 때에는 「국고금관리법 제24조 제5항에 따른 \n정부구매카드를 사용하여야 한다. 다만, 출장지에서 정부구매카드를 사용할 수 없는 경우 등 \n특별한 사유가 있는 경우에는 현금 또는 개인카드 등을 사용할 수 있음\n    ◦ 국내여비의 단가가 현실화됨에 따라 불요불급한 출장을 최소화하여 \n기정 예산의 범위 내에서 집행하여야 함\n    운임 지급 일반사항\n    ◦ 학교차량이나 해당기관의 예산으로 전세버스 계약 시 인솔자의 운임이 \n실제 소요되지 않는 경우 운임의 전부를 감하여 지급\n    ◦ 학교와 민간업자와의 전세버스 계약 시 인솔자에 대한 특수조건의 \n계약이 이루어진 경우 인솔자의 운임은 공무원여비규정상의 금액의 \n범위 내에서 계약특수조건에 따른 금액으로 조정\n    ◦ 학생이 부담하는 금액만큼 인솔자의 운임이 소요된다면 학생과 동일한 \n금액으로 운임을 조정\n       ※ 인솔자의 운임을 학생이 부담하는 금액으로 충당하는 것은 불합리함\n  나) 식 비\n    식사를 무료로 제공 받은 경우에는 식비 지출이 불필요한 것이 명백하므로 \n감액(1식당 식비의 1/3(8,330원))하여 지급함\n    해당기관의 예산으로 인솔자의 식비에 대해서 계약이 이루어진 경우 \n인솔자의 식비는 실제 소요되지 않으므로 식비의 전부를 감하여 지급\n    학생이 부담하는 금액만큼 인솔자의 식비가 소요된다면 학생과 동일한 \n금액으로 식비를 조정 할 수 있음\n       ※ 인솔자의 식비를 학생이 부담하는 금액으로 충당하는 것은 불합리함\n    사전계약에 의한 방법이 아니라 현지에서 불특정 일반식당 이용 시 \n공무원여비규정상의 금액 적용
2026학년도 학교회계 예산편성 및 집행지침	85	제2편 학교회계 예산편성 및 집행지침	제2편 학교회계 예산편성 및 집행지침\n- 85 -\n  다) 숙 박 비\n    해당기관의 예산으로 인솔자의 숙박비에 대해서 계약이 이루어진 경우 인솔자의 \n숙박비는 실제 소요되지 않으므로 숙박비의 전부를 감하여 지급\n    학생이 부담하는 금액만큼 인솔자의 숙박비가 소요된다면 학생과 동일한 \n금액으로 숙박비를 조정\n       ※ 인솔자의 숙박비를 학생이 부담하는 금액으로 충당하는 것은 불합리함\n    학교와 민간업자와의 숙박비 계약 시 인솔자에 대한 특수조건의 계약이 \n이루어진 경우 인솔자의 숙박비는 공무원여비규정상의 금액의 범위 내\n에서 계약조건에 따른 금액으로 조정\n    야영지에서 숙박하는 경우 숙박비가 소요되지 않으므로 숙박비를 지급하지 않음\n    친지 집 등 숙박 출장 후 1야당 20,000원 숙박비 지급 가능하며, 1실에\n서의 공동 숙박 출장 후 총 숙박비를 7만원×(출장자수-1) 이하로 지출\n한 경우에 숙박비를 지출하지 않은 인원수* 범위 내에서 인원 수 당 \n20,000원(1야 기준)을 공동 숙박조에게 추가로 지급 가능\n< 계 산 식 >\n∙ 숙박비를 지출하지 않은 인원수(계산식) = 총 출장인원 - (총숙박비 ÷ 7만원)*\n    * 단, 소수점 이하는 올림\n   ※ 위 ‘7만원’을 서울시는 ‘10만원’, 광역시는 ‘8만원’으로 한다\n  라) 일 비\n    일비는 공무원여비규정상 현지교통비, 통신비, 세탁비, 음료수비 등 \n잡비에 사용되는 여비항목으로 현지교통비가 50%를 차지하고 있으므로 \n수학여행 및 수련회 인솔 시 현지교통비가 소요되지 않는다면 일비의 \n1/2을 감하여 지급
2026학년도 학교회계 예산편성 및 집행지침	86	2026학년도 학교회계 예산편성 및 집행지침	2026학년도 학교회계 예산편성 및 집행지침\n- 86 -\n    출장에 따른 초과근무 인정 범위\n    ◦ 학생 교외교육활동(사전답사 포함) 등 근무시간 이외에 실시되는 교육\n활동은 실시 전 학교장의 초과근무명령을 득하고 시간외근무를 하였다면 \n시간외근무수당을 지급할 수 있음\n      - 단, 출장의 목적상 필연적으로 시간외근무의 발생이 예상되는 공무원으로서 \n근무명령에 따라 출장 전 국가(지방)공무원 복무규정상의 근무시간외에 \n근무를 한 공무원에게는 초과근무 명령 및 승인 절차를 거치고, 실제로 \n초과 근무한 시간에 대해 명백히 인정할 수 있는 객관적인 증빙자료가 \n있는 경우에 한정하여 초과근무수당 지급 가능
2026학년도 학교회계 예산편성 및 집행지침	87	제2편 학교회계 예산편성 및 집행지침	제2편 학교회계 예산편성 및 집행지침\n- 87 -\n(여비 신청 서식)\n여비 정산 신청서\n소   속\n직 급\n(직위)\n성 명\n출 장\n(부임)\n일 정\n일  시\n       년    월    일  ~     년    월   일\n출장(부임)지\n숙박비\n상한액 또는 \n지급받은 선금\n실제\n소요액\n초과지출\n사   유\n식 비\n지급받은 금액\n실제\n소요액\n초과지출\n사   유\n운 임\n일 자\n교통편\n출발지\n도착지\n등 급\n금 액\n｢공무원여비규정｣ 제16조 제1항･제2항에 의하여 관계서류를 첨부하여 위와 같이 여비의 정\n산을 신청합니다.\n첨 부 : 신용카드 매출전표 등 1부\n년    월    일\n                     신 청 인   성 명                  (인)\n ※정산하는 여비항목 중 식비와 준비금은 국외여행에 한하며, 숙박비는 국내여행에 한함(국외여행의 숙박비는 별지 제7호 서식 사용)\n ※정산하는 여비항목 중 운임은 국내여행에 한함. 다만, 국내･외 항공운임은 별지 제5호 서식에 의함\n ※  부득이한 사유에 따른 자가용 이용 운임 정산시 교통편에 차량 유류 종류(경유, 휘발유, LPG 등) 기재
2026학년도 학교회계 예산편성 및 집행지침	88	2026학년도 학교회계 예산편성 및 집행지침	2026학년도 학교회계 예산편성 및 집행지침\n- 88 -\n    ◦ 증빙자료(아래 예시 자료 중 1건 이상 제출)\n< 예  시 >\n◦ 출장지에서 식사, 자가용 주유 등의 용도로 사용한 개인카드 사용내역서\n◦ 출장시 이용한 교통(열차, 선박, 항공, 버스, 고속도로 통행)이용 영수증\n◦ 기관을 방문한 경우 방문기관 등에서 제공한 자료, 사진, 기타 입증자료\n◦ 위 내용의 구비가 곤란한 경우 출장복명서 \n◦ 숙박 증빙자료(2일이상 출장시 해당)\n  - 업소에서 숙박한 경우: 정부 구매카드를 이용한 숙박비 영수증\n  - 친지 등의 집에서 숙박한 경우: 1일 관외출장 증빙서 중 출장일수별로 1건 이상\n◦ 고속도로 통행료, 주차비, 공항・항만 사용료 신청시: 해당 영수증\n   ※ 제외대상: 다른 기관 공문요청에 의한 회의(워크숍 및 세미나 등 포함), 행사, 연찬회 등 출장 \n입증자료가 명백한 경우 별도자료 구비 불필요\n   ※ 다만 자동차 운임비를 지급받고자 하는 경우는 차종을 알 수 있도록 주유 등의 용도로 사용한 내역서 \n 4) 국외출장 시의 여비\n    국제회의 참석 등 공무로 해외 출장 시에는 ｢공무원여비규정｣ 및 ｢공무원\n보수 등의 업무지침｣을 적용\n    해외연수 및 훈련의 경우에는 ｢공무원 인재개발법 시행령｣ 및 ｢지방공\n무원교육훈련법 시행령｣을 적용\n    국외항공운임은 기획재정부 ｢예산 및 기금운용계획 집행지침｣에 의거하여 \n정액으로 지급함\n    특별한 경우 이외에는 수행원을 동반할 수 없음\n    인터넷, 주재관 또는 현지공관 등을 통하여 자료수집 및 조사가 가능한 \n경우에는 동일 목적의 해외출장 금지\n    예산 범위 내에서 절약 집행하여야 하며, 추가경정예산 편성 시 증액 억제
2026학년도 학교회계 예산편성 및 집행지침	89	제2편 학교회계 예산편성 및 집행지침	제2편 학교회계 예산편성 및 집행지침\n- 89 -\n  5) 교육훈련 여비\n< 공통 지침 >\n∙ ｢공무원인재개발법 시행령 제13조 제1항｣에 의한 교육대상 공무원에 대한 국내여비는 ｢세종\n특별자치시교육청 지방공무원 교육훈련여비 지급기준｣에 의거하여 지급함\n    교육훈련 여비 집행 기준\n    ◦ 지급 기준 [2025년 지방공무원 교육훈련 운영계획(운영지원과-1583, 2025. 1. 17.)]\n         여비구분\n교육훈련기관구분\n운 임\n일   비\n숙 박 비\n식   비\n근무지내\n지역에 있는\n교육훈련기관에\n입교하는 경우\n합숙의\n경우\n◦지급 않음\n◦등록일(입교일),\n수료일은 전액\n◦기타일은 \n지급않음\n◦당해 교육훈련\n기관이 청구\n하는 금액\n◦당해 교육훈련\n기관이 청구하는\n금액\n비합숙의 \n경우\n◦지급 않음\n◦등록일(입교일),\n수료일은 전액\n◦기타일은 \n공무원\n여비규정 [별표2]\n일비의 5할\n◦지급 않음\n◦공무원여비규정\n【별표2】식비의 3분의1 \n또는 당해 교육훈련\n기관이 청구하는 금액\n근무지 외\n지역에 있는\n교육훈련기관에\n입교하는 경우\n합숙또는\n기숙사\n이용의\n경우\n여행구간 \n등급별 \n철도·선박·항공·\n자동차왕복 \n운임정액\n◦등록일(입교일),\n수료일은 전액\n◦기타일은 \n지급않음\n◦당해 교육훈련\n기관이 청구하는\n금액\n◦당해 교육훈련\n기관이 청구하는\n금액 또는 구내\n식당 가격\n비합숙의\n경우\n여행구간 \n등급별 \n철도·선박·항공·\n자동차왕복\n운임정액\n◦등록일(입교일),\n수료일은 전액\n◦기타일은 \n공무원\n여비규정 【별표2】\n일비의 5할\n◦<정액지급시>\n 「공무원보수등의 \n업무지침」상의 \n“정액여비지급기준” \n준용\n◦<실비정산시> \n 「공무원여비규정」 \n [별표2] 숙박비 준용\n◦공무원여비규정 \n【별표2】상의 식비.  \n단, 교육훈련기관이 \n중식비를 청구하는 \n경우에는 중식비를 \n제외한 차액\n※ 비고: 1. 자가용을 이용하여 공무로 여행하는 경우의 운임은 여행구간 등급별 철도 또는 버스운임으로 \n한다. 다만, 공무형편상 부득이한 사유로 자가용을 이용한 경우에는 연료비 및 통행료 등을 \n지급할 수 있고 구체적인 지급기준은 「공무원보수 등의 업무지침」에 정하는 바에 따른다.\n        2. 운임 및 숙박비의 할인이 가능한 경우에는 할인요금으로 지급한다.\n        3. 일비에 있어 '기타일'은 '등록일(입교일), 수료일을 제외한 교육훈련이 있는 날'을 말한다.\n        4. 위 기준표에도 불구하고 소요비용이 발생하지 않는 항목은 지급하지 아니한다.\n ※ 위는 2025년 기준이며, 2026년 기준 변경 시 해당 부서(운영지원과)에서 별도 안내 예정(교육공무원 위의 기준 준용)
2026학년도 학교회계 예산편성 및 집행지침	90	2026학년도 학교회계 예산편성 및 집행지침	2026학년도 학교회계 예산편성 및 집행지침\n- 90 -\n 6) 근무지 변경에 따른 여비 지급\n< 근무지 변경에 따른 여비지급 항목 >\n ∙ 국내 및 국외 부임여비 (신규채용 포함)\n ∙ 국내 및 국외 이전비 (신규채용 포함)\n ∙ 국내 및 국외 가족여비 (신규채용 포함)\n 가) 부임여비\n    부임의 명을 받거나 청사 소재지 이전에 따라 공무원이 근무지를 변경하게 되어 \n새로운 근무지로 여행하는 때에는 「공무원여비규정」에 의한 여비를 지급\n      ※ 외국에 부임하는 경우에는 영 제23조의 준비금을 지급\n    ‘부임의 명’이란 전보, 파견 등에 의하여, 새로운 근무지가 소재하는 지역\n(신임지(新任地))으로 여행하게 되는 명령을 말함\n    동일 시･군내에 부임(청사 소재지 이전 포함)하는 경우와 기타 사유로 \n본인의 부임에 따른 운임, 숙박비, 식비, 일비가 일부 또는 전부 필요하지 \n않는 경우에는 여비의 일부 또는 전부를 지급하지 아니할 수 있음\n    부임 시 본인 여비는 신 근무기관에서 지급(청사 소재지가 이전된 경우에는 \n소속기관에서 지급)한다. 다만, 구 근무기관과 신 근무기관이 협의하여 \n구 근무기관이 지급하기로 한때에는 구 근무기관이 지급\n    근무지 외의 곳에 거주하는 사람을 신규 채용한 경우에는 공무원 부임의 \n예에 준하여 임용되는 직위를 기준으로 본인여비, 국내･외 이전비, 국내･외 \n가족 여비를 지급할 수 있음, 이 경우 채용 당시 거주지를 전임지(前任地)로, \n채용 후 근무지를 신임지(新任地)로 봄\n 나) 국내 이전비\n    지급대상\n    ◦ 근무지 외의 지역으로 부임의 명을 받은 공무원 또는 청사 소재지 이전에 \n따라 거주지를 이전하는 공무원(이하 “국내이전자”라 한다)\n      ※ 근무지 외의 곳에 거주하는 사람을 임용(신규 채용)한 경우에는 부임(赴任)의 예에 \n준하여 새로운 (職)에 해당하는 이전비를 지급할 수 있음
2026학년도 학교회계 예산편성 및 집행지침	91	제2편 학교회계 예산편성 및 집행지침	제2편 학교회계 예산편성 및 집행지침\n- 91 -\n    지급요건\n    ◦ 전임지에서 신임지로의 이전\n      - 전임지(청사 소재지가 이전된 경우에는 구청사 소재지를 말함)에서 신임지\n(청사 소재지가 이전된 경우에는 신청사 소재지를 말함)로 거주지와 이사화물을 \n이전하여야 함. 다만, 동일 시(특별시, 광역시 및 특별자치시 포함)･군 및 \n섬(제주특별자치도 제외) 안에서 거주지를 이전하는 공무원에게는 국내이전비를 \n지급하지 아니함\n      - 전임지와 신임지가 동일 시(특별시, 광역시 및 특별자치시 포함)･군 및 섬\n(제주특별자치도 제외)일 경우에는 이전비를 지급하지 아니함\n        ※ 동일 시에 포함된 도서는 본 조의 동일 시로 보지 않는다.\n      - 국내이전자가 특별한 사정으로 소속 기관의 장의 허가를 받아 부임의 명을 \n받은 날 또는 청사 이전이 완료된 날의 다음날부터 기산하여 6개월 이내에 \n신임지 외의 지역으로 거주지와 이사화물을 이전하는 경우에는 이전비를 \n지급할 수 있음. 이 경우 지급할 수 있는 이전비는 전임지에서 신임지로 \n이전하는 때에 지급할 수 있는 금액을 넘지 못함\n      - 다만, 신임지 외의 지역으로 이전한 경우로서 전 거주지에서 신임지까지의 \n통근 시간과 신거주지에서 신임지까지의 통근 시간이 유사한 경우는, \n부임의 명에 의한 이전이 아니라 다른 사유에 의한 이전으로 볼 수 있으므로 \n이전비는 지급하지 아니함\n    ◦ 거주지와 이사화물의 이전\n      - ‘거주지 이전’은 주민등록표상의 거주지 변경을 말함\n      - 다만, 주민등록표상의 거주지를 변경하지 못한 경우에는 거주지 변경을 \n객관적으로 증명할 수 있는 증거서류로 이를 대체할 수 있음\n       ※ 증거서류 예시 : 임대차계약서, 전화번호 명의, 관사 거주시 소속기관장의 거주확인서 등
2026학년도 학교회계 예산편성 및 집행지침	92	2026학년도 학교회계 예산편성 및 집행지침	2026학년도 학교회계 예산편성 및 집행지침\n- 92 -\n    ◦ 부임의 명과 이전간의 시간관계\n      - 해당공무원은 부임의 명을 받은 후에 거주지와 이사화물을 이전하여야 함\n      - 다만, 해당지역으로 부임의 명을 받거나 청사가 이전될 것이 객관적으로 \n명백한 경우에는, 해당 지역의 주택 사정 등을 감안하여 거주지 및 이사화물을 \n사전에 이전 한 경우에도 이전비를 지급할 수 있음\n      ※ 이때 여비 지출 권한이 있는 자는 사전 이전이 사후 부임의 명에 의한 것이 명백하였는지 \n여부를 판단하여 이전비 지급 여부를 결정\n      - 국내 이전자가 부임의 명을 받은 날 또는 청사 이전이 완료된 날의 \n다음날부터 기산하여 1년 이내에 정당한 사유 없이 거주지 및 이사화물을 \n이전하지 아니한 경우에는 이전비를 지급하지 아니함\n    지급기준\n지급기준\n지급액\n5톤 이하의 이사화물\n해당 이사화물 이전비의 실비\n(사다리차 또는 승강기의 이용료를 포함)\n5톤을 초과하는 이사화물\n(이사화물이 7.5톤을 넘는 경우에는 7.5톤을 \n상한으로 한다)\n5톤의 이사화물에 해당하는 이전비의 실비(사다리차 \n또는 승강기의 이용료를 포함한다)에 5톤 초과 7.5톤 \n이하의 이사화물에 해당하는 이전비의 실비(사다리차 \n또는 승강기의 이용료를 포함한다)의 50퍼센트를 더한 금액\n ※ 실비는 이사화물의 운송비, 인건비 등을 포함하되, 각종 옵션사항(에어컨설치 등)으로 분류되는 \n항목의 비용은 제외\n    신청 절차\n    ◦ 이전비를 지급받으려는 공무원은 이전한 날의 다음 날부터 기산하여 \n6개월 이내에 ｢공무원 여비 규정｣에 따라 새 근무기관(청사 소재지가 \n이전된 경우에는 소속기관을 말함)에 이전비의 지급을 신청하여야 함\n      - 다만, 전 근무기관과 새 근무기관이 협의하여 전 근무기관이 이전비를 \n지급하기로 한 경우에는 전 근무 기관에 이전비 지급 신청\n        ※ 주민등록표상의 이전일과 실제 이사일이 다른 경우에는 실제 이사일을 기준으로 함
2026학년도 학교회계 예산편성 및 집행지침	93	제2편 학교회계 예산편성 및 집행지침	제2편 학교회계 예산편성 및 집행지침\n- 93 -\n    ◦ 거주지의 변경 및 이사화물의 운송명세(이동구간, 이동거리, 운송비 등)을 \n확인할 수 있는 증거서류 제출\n        ※ 거주지 변경을 확인할 수 있는 주민등록등․초본 등 이사화물의 운송내역을 확인할 \n수 있는 이사비용 계산서 등\n    다른 여비와의 병급\n ◦ 이전비는 순수한 이사물건의 이전에 대한 실비변상으로서, 부임시 본인에게 \n소요되는 운임, 숙박비, 식비, 일비와 병급할 수 있음
2026학년도 학교회계 예산편성 및 집행지침	94	2026학년도 학교회계 예산편성 및 집행지침	2026학년도 학교회계 예산편성 및 집행지침\n- 94 -\n(이전비 신청 서식)\n국내여비(부임여비･가족여비･이전비) 지급신청서\n소\n \n속\n직 급\n(직위)\n성 명\n임용 또는 \n청사이전\n일  시\n         년     월     일\n 종  류 신규채용(   ), 전보(   ), 파견(   ), 청사이전(   ), 기타(    )\n이\n \n전\n일  시\n부 임\n        년   월   일\n이전비용\n           원\n이 사\n        년   월   일\n화물량\n □ 5t 이하  □ 5t 초과 7.5t이하  □ 7.5t 초과\n구임지\n또는\n구청사 \n소재지 \n근무지\n 기관명 :                 소재지 :       (시, 군)\n거주지\n 주  소 :\n신임지\n또는\n신청사 \n소재지\n근무지\n 기관명 :                 소재지 :       (시, 군)\n거주지\n 주  소 :\n이\n전\n가\n족\n관 계\n성   명\n생년월일\n이전일시\n｢공무원여비규정｣ 제8조, 제20조제2항, 제21조제4항에 의하여 관계서류를 첨부하여 위와 같\n이 국내여비(부임여비, 가족여비, 이전비)를 신청합니다.\n첨 부:  1. 주민등록등본 등 1부\n 2. 이사화물 운송경비 영수증 1부\n 3. 운임과 숙박비의 신용카드매출전표 등 1부\n       4. 인사발령 공문 1부\n년     월     일\n                       신 청 인   성 명                    (인)\n ◦ 이전비용과 화물량은 이전비 신청시, 이전가족은 가족여비 신청시 기재\n ◦ 주민등록등본은 이전비･가족여비 신청시에 첨부\n ◦ 이사화물 운송경비 영수증은 이전비 신청시에 첨부\n ◦ 운임과 숙박비의 신용카드매출전표는 가족여비 신청시에 첨부
2026학년도 학교회계 예산편성 및 집행지침	95	제2편 학교회계 예산편성 및 집행지침	제2편 학교회계 예산편성 및 집행지침\n- 95 -\n 7) 학생여비\n  가) 일반지침\n    학생여비 지급은 ｢공무원 여비 규정｣의 공무원이 아닌 자의 여비 지급 \n기준에 준하여 지급 \n      ※ 단, 학생여비 지급 기준은 위 규정을 참고하여 학교 자체 실정에 맞게 수립 시행할 \n수 있으나, 공무원여비규정의 지급단가 한도액을 초과할 수 없음\n    학생 여비는 채주에게 직접 지급하는 것을 원칙으로 하되, 부득이하게 \n교사에게 지급할 경우에는 반드시 정산 하여야 함\n  나) 운임\n    학생 운임은 실소요 경비를 지급함\n    전세버스 계약 및 학교차량 이용 시 운임 미지급\n  다) 식비\n구분\n단위\n단가(원)\n비고\n식비\n1식\n10,000\n간식비\n1일\n3,000\n※ 본 단가를 참고하여 학교별 형편 또는 대회의 성격 등에 따라 학교장이 자체 단가 기준을 정하여 계상\n  라) 숙박비\n    학생 숙박비는 실소요 경비를 지급함\n     숙박비는 신용카드 결제를 원칙으로 함
2026학년도 학교회계 예산편성 및 집행지침	96	2026학년도 학교회계 예산편성 및 집행지침	2026학년도 학교회계 예산편성 및 집행지침\n- 96 -\n< 여비 집행 유의사항 >\n ◦ 경조사 출장 시 출장여비 집행 유의사항\n∙ 소속 직원의 경조사에 대한 출장사유가 있어 출장조치가 필요한 경우\n - 소속 부서(장)은 기관대표로서 참석하는 것인지, 개인 친분에 따라 참석하는 것 인지 \n여부 등을 면밀히 파악한 후 출장 조치 여부를 결정\n - 출장조치를 하는 경우에는 2인 이내*에 대해서 출장조치**를 하고 이에 따라 출장\n여비를 지급해야 함\n   * ｢국가공무원 복무․징계 예규｣에 약간명의 범위를 별도로 명시하고 있지 않으나, 인사혁신처 및 \n행정안전부 질의회신, ｢’18년 지방공무원 인사실무｣, ｢세종특별자치시교육감 소속 지방공무원 \n복무 지침｣에 따르면 2인 이내로 출장조치가 가능하며, 휴무일, 공휴일인 경우에도 출장조치가 가능함\n  ** ｢국가공무원 복무․징계관련 예규｣에 따라 기관대표가 아닌 공무원이 경조사에 참석하고자 할 때 \n여비 지급 여부와 상관없이 출장처리하는 것은 바람직하지 않음(인사혁신처 질의회신, ’16. 4.)\n※ 출처: 「공무원 여비 과오지급 방지를 위한 유의사항 안내」 (행정지원과-29456, 2020.12.23.)\n ◦ 여비 부적정 지급 유형\n∙ 출장을 가지 않거나, 관내의 경우 규정된 시간(4시간) 미만의 출장임에도 1만원이 감액\n되지 않은 채 여비를 지급한 경우\n∙ 실제 4시간 미만의 관내 출장임에도 불구하고 4시간 이상 출장으로 허위 신고 및 여비 수령\n∙ 도보 출장이 가능한 왕복 2km 이내의 근거리 출장임에도 여비를 지급한 경우 \n∙ 관외 출장시 2명 이상이 자가용 1대에 동승하였음에도 불구하고 출장자 전원에 \n대해 운임비를 지급한 경우\n∙ 실비로 지급되는 여비(2km이내 근거리 출장, 관외 출장 여비 중 운임 및 숙박비)에 \n대해 증빙서류 없이 정액 지급한 경우\n∙ 여비 감액대상(예시, 공무용차량이용)임에도 감액하지 않고 전액 지급한 경우\n※ 「공무용차량관리규정」제4조 및 별표에 따른 공무용차량 또는 공무용차량에 준하는 별도의 차량을 \n이용하거나 차량을 임차하여 사용하는 공무원에게는 1만원을 감액하여 지급\n∙ 개인 용무 등 부적절한 사유에 대한 출장 여비를 지급한 경우 \n∙ 정규 근무지 내의 이동임에도 불구하고 출장 조치 후 여비를 지급한 경우\n∙ 기타 공무원 여비 규정 준용사항을 위반하여 여비를 지급한 경우\n※ 출처: 「공무원 여비 과오지급 방지를 위한 유의사항 안내」 (행정지원과-29456, 2020.12.23.)\n「2021년도 행정사무감사 지적사항 안내」 (감사관-4031, 2021.7.9.)
2026학년도 학교회계 예산편성 및 집행지침	97	제2편 학교회계 예산편성 및 집행지침	제2편 학교회계 예산편성 및 집행지침\n- 97 -\n 라. 업무추진비\n< 공통 지침 >\n 업무추진비 집행에 관한 사항은 ｢지방자치단체 회계관리에 관한 훈령(행정안전부훈령)｣에 의함\n지 급 근 거\n ◦ 지방교육행정기관 업무추진비 집행에 관한 규칙(교육부령)\n ◦ 지방자치단체 교육비특별회계 예산편성 운영기준(교육부훈령)\n ◦ 지방자치단체 교육비특별회계 세출예산 집행기준(교육부예규)\n ◦ 세종특별자치시교육청 공무원 행동강령\n  1) 직책급 업무수행경비\n    각급 기관의 운영을 위하여 조직을 규정한 법령 또는 직제에 의한 직위를 \n보유한 자에게 정액으로 지급하는 경비\n    직위별 당해직무 수행활동에 소요되는 경비로 월정액으로 지급\n    지급기준\n직 위\n월 액\n연 액\n비 고\n유․초․중등\n특수·각종\n학교장\n250천원\n3,000천원\n가산금: 각급학교의 학급가산금은 12학급을 기준으로 1학급 \n초과 시마다 4,000원 가산(병설 유치원 학급, 특수학급, 기타 \n정규학급으로 지정된 특별학급포함) \n \n ※ 통합운영학교의 경우 상위급 학교에서 지급하고, 가산금 학급수 산정기준은 통합운영학교 전체 학급수로 함\n    세부 지침\n     ◦ 지급대상자의 퇴직, 직책 신설 또는 해외연수, 교육, 파견, 병가, 휴직 등 \n기타 직책의 변동 등의 사유로 해당 직책을 30일 이상 수행할 수 \n없는 경우에는 발령일을 기준으로 그 월액을 일할 계산하여 지급\n ※ 「지방자치단체 회계관리에 관한 훈령」 [별표2] 세출예산 성질별 분류에 따른 집행기준 5. 직무수행경비 참조\n     ◦ 원 직책자의 권한대행자, 직무대리자에게 해당 직위에 대한 기준액을 \n지급할 수 있으며, 원 직책자에게는 지급하지 아니함(단, 직무대리의 \n경우 정당한 절차에 의해 임명된 경우에 한함)\n ※ “직무대리”란 기관장, 부기관장이나 그 밖의 공무원에게 사고*가 발생한 경우에 직무상 공백이 \n생기지 아니하도록 해당 공무원의 직무를 대신 수행하는 것을 말함\n * “사고”란 전보, 퇴직, 해임 또는 임기 만료 등으로 후임자가 임명될 때까지 해당 직위가 공석인 \n경우와 휴가, 출장 또는 결원 보충이 없는 휴직 등으로 일시적으로 직무를 수행할 수 없는 경우를 말함
2026학년도 학교회계 예산편성 및 집행지침	98	2026학년도 학교회계 예산편성 및 집행지침	2026학년도 학교회계 예산편성 및 집행지침\n- 98 -\n    ◦ 파견근무자의 경우 파견 받은 기관(학교)에서 지급하되, 원 소속기관과 \n파견 받은 기관이 협의하여 원 소속기관에서 지급 가능\n    ◦ 공로연수자에게는 지급 불가\n  2) 일반업무추진비\n    각급학교의 운영 및 유관기관과의 업무협조, 직책수행 등의 직무수행에 \n소요되는 제반 경비로서 교직원 간담회, 학교운영위원회 운영, 학부모회 \n운영, 교수․학습력 제고, 교육행정 업무추진 및 기타 학교운영에 필요한 경비\n    직무수행이라 함은 공무원으로서의 특수한 업무 및 일반적인 업무 등 \n모든 업무수행을 의미하며, 특히 공적업무 수행이 아닌 개인적 용도의 \n찬조금 및 격려금 등 지급 불가\n    편성기준\n구분\n한도액\n비고\n단설유․초․중․고․특수·각종학교\n교당 5,000천원 + 급당 250천원\n병설유치원\n특수학급 포함\n ※ 단, 영재학교의 경우 특수성을 고려하여 학교운영비의 2% 내의 범위에서 편성 가능, 각종학교 \n대안교육 프로그램 운영 사업의 경우 사업부서 지침에 따라 편성   \n    세부지침\n    ◦ 교직원간담회, 학년협의회, 교과협의회, 평가협의회, 학교운영위원회․\n학부모회운영, 지방공무원 행정역량 강화, 접대물품구입, 기타 학교 \n운영에 필요한 경비를 학교별 기준 한도 범위 내에서 편성 가능함\n    ◦ 어떠한 경우에도 개인에게 업무추진비를 월정액(직책급 업무수행경비 \n제외)으로 지급할 수 없음\n    ◦ 사적인 경조사비, 전별금 및 학교장 등 교직원이 개인 자격으로 가입한 \n단체의 회비 등을 업무추진비에서 지출할 수 없음\n       ※ 예시) 각종 교장(교감, 교사, 행정실장 등)협의회, 교육연구회, 장학협의회, 기관장협의회 등 \n명칭여하를 불문하고 임의단체의 회원으로서 부담하는 회비 성격의 비용\n    ◦ 국민의 알권리와 행정의 투명성 확보를 위하여 업무추진비 내역 공개
2026학년도 학교회계 예산편성 및 집행지침	99	제2편 학교회계 예산편성 및 집행지침	제2편 학교회계 예산편성 및 집행지침\n- 99 -\n  3) 목적사업업무추진비 \n    지방자치단체 및 교육청에서 지원한 사업비로 특정 목적을 수행하기 \n위하여 추진하는 사업의 업무추진비\n    편성기준 \n    ◦ 사업 성격 상 업무추진비 집행이 필요한 경우 인건비성 경비(각종 \n수당 포함), 자산취득성 경비(비품구입비, 시설비) 등을 제외한 금액의 \n3% 범위 내에서 편성(단, 사업부서에서 별도로 규정하는 경우 그에 따름)\n    적용범위\n    ◦ 학교 교육계획에 의한 주요행사 및 각종 교육사업 등 원활한 사업추진을 \n위해 소요되는 경비\n    세부지침\n    ◦ 사업추진을 위한 접대성 경비는 업무와 연계하여 예산집행의 정당성 및 \n투명성이 확보되도록 집행내용을 구체적으로 명시\n    ◦ 사업추진업무추진비에서 축・조의금 및 사적용도 사용 금지\n    ◦ 사업추진과 관련이 없는 경비는 일체 집행 금지\n    ◦ 개인에게 월정액 지급 금지 및 예비비에서 지출 불가\n    ◦ 국민의 알권리와 행정의 투명성 확보를 위하여 목적사업업무추진비 내역 공개\n    ◦ 추가경정예산 감액으로 예산액이 조정된 경우, 조정된 예산액에 맞추어 \n목적사업업무추진비 조정\n       ※ 목적사업 예산집행 전에 목적사업업무추진비만 우선 집행하지 않도록 주의 \n  4) 업무추진비 집행 관련 유의사항\n    업무추진비는 격려금, 축의․부의금 등 현금 집행이 불가피한 경우를 제외하고는 \n신용카드 사용을 원칙으로 함
2026학년도 학교회계 예산편성 및 집행지침	100	2026학년도 학교회계 예산편성 및 집행지침	2026학년도 학교회계 예산편성 및 집행지침\n- 100 -\n    심야(23시 이후)와 사용자의 자택근처 등 통상적 업무추진과 관련이 적은 \n시간과 장소에서는 사용할 수 없음. 다만, 직무 관련성이 입증되는 객관적 \n증빙자료(출장명령서 등)를 제출한 경우에는 그러하지 아니함\n    현금지출 중 격려금을 전달하고자 하는 경우 격려금 지급 목적과 대상, \n금액 및 지급 필요성 등의 내용이 포함된 지출품의서(기본계획 수립․방침 \n포함)를 작성하여야 함\n    간담회 및 협의회 경비는 1인 1회당 4만원 이하 범위에서 집행함 다만, \n행사 성격 등 불가피한 경우에는 증빙서류 등에 사유를 명시하고 4만원을 \n초과하여 집행 가능\n    업무추진비를 집행하고자 하는 경우에는 집행목적, 일시, 장소, 집행대상 등을 \n증빙서류에 기재하여 사용용도를 명확히 하여야 하며, 건당 50만원 이상의 \n경우에는 주된 상대방의 소속 또는 주소 및 성명을 증빙서류에 반드시 \n기재하여야 함\n    업무추진비로 상품권, 기념품, 특산품 등을 구매한 경우에는 지급관리대장에 \n지급일시, 대상자 및 수량을 반드시 기재하여 결재를 받아 관리하여 \n사적으로 사용되지 않도록 함  \n    경조사비는 1인당 50,000원 이내 집행 가능  \n구분\n지급대상범위\n지급가능범위\n학교장\n결혼 또는 사망\n(대상자 본인과 배우자,\n본인과 배우자의 직계존비속)\n◦ 소속학교 상근 교직원\n◦ 소속학교 학생 및 학부모(보호자)\n◦ 소속학교 학교운영위원, 총동창회 회장단\n◦ 기타 학교에 도움을 주는 유관기관의 임직원\n ※ 동일한 자치단체 소속 기관간, 학교장 본인, 본청·직속기관·다른 학교의 직원·위탁용역업체 \n직원에게는 지급 불가
2026학년도 학교회계 예산편성 및 집행지침	101	제2편 학교회계 예산편성 및 집행지침	제2편 학교회계 예산편성 및 집행지침\n- 101 -\n< 업무추진비 집행 유의사항 >\n ◦ 업무추진비를 집행함에 있어 집행의 대상자가 ｢공직선거법｣ 제112조제1항에 따른 기부행위 \n대상자(수혜를 받는 자를 포함)에 해당될 경우에는 직무수행과 관련된 통상적인 경비의 \n축의․부의금품에 해당하는 업무추진비를 집행하는 경우를 제외하고는 해당 자치단체의 \n명의로 하여야 하며, 해당 지방자치단체의 장의 직명 또는 성명을 밝히거나 그가 하는 \n것으로 추정할 수 있는 방법으로 하는 행위는 기부행위로 보아 집행할 수 없음(｢공직선거법｣ \n제112조 제4항1) 참조) \n ◦ 표기방법(예시)\n   - OO초등학교장이 학교업무추진비를 집행하는 경우 → ｢OO초등학교｣으로 표기 \n ◦ 경조사비 집행 관련 청첩장 등 회계 증빙서류에 첨부 → 00학교명으로 계좌이체 가능\n ◦ 학생격려의 경우 「지방자치단체 업무추진비 집행에 관한 규칙」에 의하여 업무추진비는 \n사업추진에 따른 문화예술, 체육활동 유공자 등 뚜렷한 공적이 있는 사람에게 집행하는 것은 \n가능 단, 단순히 현장학습 및 각종 청소년 단체활동에 참여하는 학생들을 위한 격려 목적으로 \n집행하는 것은 적절하지 않고, 교육과정 운영상 필요하다면 원가통계비목을 교육운영비로 \n편성하여 해당 예산을 편성하여 집행하는 것이 적절\n    소속 상근직원에 대한 격려 및 지원이 가능하며 단, 해당기관 상근직원은 \n소속기관 직원에 한함\n    예산의 범위 내에서 절약하여 집행하고, 추가경정예산 증액 억제\n    사업의 필요성, 타당성 등을 고려하여 우리 교육청의 ｢공무원 행동강령｣에 \n위배되지 않도록 집행에 적정을 기함\n1) 지방자치단체의 직무상 행위는 법령·조례에 따라 표창·포상하는 경우를 제외하고는 해당 \n지방자치단체의 명의로 하여야 하며, 해당 지방자치단체의 장의 직명 또는 성명을 밝히거나 \n그가 하는 것으로 추정할 수 있는 방법으로 하는 행위는 기부행위로 본다.
2026학년도 학교회계 예산편성 및 집행지침	102	2026학년도 학교회계 예산편성 및 집행지침	2026학년도 학교회계 예산편성 및 집행지침\n- 102 -\n< 업무추진비 집행의 제한 >\n◦ 사적단체, 법적 근거가 없는 비공식단체에 대한 집행\n  - 교장, 교감, 행정실장 등 동일 직위에 있는 자들의 협의회 구성ㆍ운영에 따른 협의회비\n◦ 집행 대상이 아닌 명목의 집행\n  - 공무원 해외연수 등 국내외 출장 등에 대한 격려금(품) 지급\n  - 퇴직하였거나 전출한 직원에 대한 경조사비, 전별금, 위로금, 기념품, 선물비용 지급 \n  - 소속 직원 외의 자(외주업체 직원, 공공근로 및 대체근로자)에 대한 경조사비, 전별금 지급\n  - 기관간의 비공식적인 섭외ㆍ접대, 업무와 관련 없는 내부 직원 격려 및 각종 후원금 지급 \n◦ 격려금의 월정 지급 및 법령 및 규정에 근거하지 않은 지급\n◦ 기타 개인별로 거두어서 내는 성금\n  - 개인 명의의 불우이웃돕기 및 재해의 연금 등  \n◦ 명절 선물(금) 지급(학교운영위원, 학부모회, 자원봉사자 등)\n◦ 돌, 회갑, 자녀 시험 격려(수능시험 제외), 소속 직원이 아닌 자의 병문안 등
2026학년도 학교회계 예산편성 및 집행지침	103	제2편 학교회계 예산편성 및 집행지침	제2편 학교회계 예산편성 및 집행지침\n- 103 -\n 마. 자산취득비\n  1) 시설비\n    시설비\n    ◦ 학교의 시설에 필요한 설계비, 시설비, 시설부대비 등\n      - 자산의 변동을 가져오는 대규모 수선 등의 시설  \n    ◦ 각급학교에서 발주하는 공사 중 전문적인 기술검토가 필요한 경우에는 \n기술직공무원 또는 전문업체의 설계와 감리에 의해 부실공사를 방지 \n    ◦ 교육환경개선사업 등은 계획 수립 시 사전에 철저한 자료 분석과 치밀한 \n계획을 수립하여 불용액 및 이월액 최소화 방안을 강구 \n    ◦ 각급학교의 시설비 낙찰차액은 다음의 방법에 따라 집행 가능함\n      - 목적 교부된 시설사업비의 경우 동일 세목 내의 낙찰차액을 부대공사비 \n또는 세목을 달리하여 사용할 수 있으나 이 경우 사업부서와 사전 협의 후 집행 \n      - 이외의 신규 사업으로 사용하는 경우 반드시 추가경정예산에 편성하여 사용 \n   임차보증금\n    ◦ 원어민교사 주택 등 향후 회수할 임차보증금\n    ◦ 주택 및 사무실 임차 시 전세보증금 채권 확보      \n  2) 비품구입비\n    비품구입비\n    ◦ 자산의 변동을 가져오는 물품구입비, 대규모기계, 기구, 차량, 선박, 저작권, \n교육컨텐츠 등 무형자산 취득비, 정수관리대상이 되는 물품 구매비\n    ◦ 자산취득은 ｢공유재산 및 물품관리법｣ 제58조 및 「물품관리법」제16조에 \n의거한 ｢주요물품 정수책정기준｣에서 고시한 기준에 따라 이루어져야 함\n      ※ 「세종특별자치시교육비특별회계소관물품정수관리지침」, 재무행정과-11112(2024.12.2.)
2026학년도 학교회계 예산편성 및 집행지침	104	2026학년도 학교회계 예산편성 및 집행지침	2026학년도 학교회계 예산편성 및 집행지침\n- 104 -\n    ◦ ｢물품관리법 시행규칙｣ 제25조에 의거하여 내용연수가 정해져 있는 \n물품은 불가피한 경우 이외에는 내용연수 경과이전에 교체할 수 없음\n    ◦ 자산취득비 등 물품 구매 시 친환경상품, 중소기업 제품, 장애인생산품 등 \n법적 의무사항을 준수하여 구매\n    ◦ 학교장은 ｢물품 수급관리 계획｣을 수립하여 연말에 집행이 집중되지 \n않도록 노력하여야 함\n    도서구입비\n    ◦ 학교도서관, 학급문고 등의 도서로 자본 형성적 도서 구입비\n    ◦ 도서 구입비는 도서관, 자료실 등에 자산적 가치를 형성하는 도서구입에 \n한하여 집행한다. 다만, 부서의 업무참고용 도서는 일반운영비로 집행\n    ◦ ｢출판문화산업 진흥법｣ 제22조 간행물 정가 표시 및 판매 관련 규정에 \n따라 도서구입비 집행하여야 함 \n  3) 적립금\n    노후교실의 증․개축, 잔디운동장 전면보수, 수영장 전면보수 등 대규모 \n사업을 위한 적립금\n      ※ 시설적립금은 교육청에 승인 사항이었으나, 2016년 1차 개정시 시설적립금은 폐지\n  4) 기타자산취득비\n    수목 구입, 소프트웨어 구입, 기타 유․무형 자산 등의 기타자산취득비
2026학년도 학교회계 예산편성 및 집행지침	105	제2편 학교회계 예산편성 및 집행지침	제2편 학교회계 예산편성 및 집행지침\n- 105 -\n 바. 예비비\n  1) 예비비   \n    예측할 수 없는 예산외의 지출이나 예산초과지출에 충당하기 위하여 \n필요한 최소한의 소요 경비를 예비비로 계상할 수 있으며, 업무추진비로 \n지출하기 위하여 예비비로 계상할 수 없음\n    예비비는 예비비사용명세서에 정해진 목적대로 집행되어야 하며 타 비목으로 \n전용할 수 없음\n    연도 중에 예비비를 사용한 경우에는 학교운영위원회에 결산서 제출 시 \n예비비사용명세서를 첨부하여야 함 \n    계상 한도는 예산 총액의 100분의 1범위 내에서 금액 계상\n    정리 추경 시 예비비를 일반사업비로 전환하여 불용액 최소화\n    예비비를 사용하는 경우에도 배정되기 전에 집행할 수 없음\n  2) 반환금\n    국고, 지방자치단체, 교육비특별회계, 학교법인 목적사업비 등 집행잔액 반환금 \n  3) 전출금\n    교육비특별회계 또는 타학교회계 등으로 전출하는 전출금
2026학년도 학교회계 예산편성 및 집행지침	106	2026학년도 학교회계 예산편성 및 집행지침	2026학년도 학교회계 예산편성 및 집행지침
2026학년도 학교회계 예산편성 및 집행지침	107	제3편	제3편\nⅠ. 학교운영비\nⅡ. 학교특성경비\nⅢ. 통합교부사업\nⅣ. 권장사업\n학교운영비 및 권장사업
2026학년도 학교회계 예산편성 및 집행지침	108	(텍스트 추출 없음)	(텍스트 추출 없음)
2026학년도 학교회계 예산편성 및 집행지침	109	제3편 학교운영비 및 권장사업	제3편 학교운영비 및 권장사업\n- 109 -\nⅠ\n학교운영비\n1. 교육비특별회계이전수입 구성\n교육비특별회계이전수입 = 학교운영비전입금 + 목적사업비전입금\n \n  학교운영비전입금: 교육비특별회계에서 목적 지정 없이 총액 교부하는 \n학교운영기본경비\n  목적사업비전입금: 교육비특별회계에서 단위학교의 목적사업 수행을 \n위해 교부하는 경비\n2. 교육비특별회계와 학교회계 예산구조\n교육비특별회계\n학교회계\n세목\n교부계획\n예산교부\n세입원가통계비목\n학교운영비\n기본운영비\n기본경비\n총액교부\n예산2담당\n학교운영비\n전  입  금\n학교특성경비\n통합교부사업비\n인건비지원\n사업부서\n사업부서\n목적사업비\n전  입  금\n목적사업비\n학교환경개선사업비\n학교특별교육지원비\n3. 학교운영비 전입금\n 가. 학교운영비\n  2026년도 학교운영비 배분․편성기준\n학교운영비 = 기본운영비(기본경비±학교특성경비) + 통합교부사업비\n \n  ◦ (기본경비) 교당경비 + 급당경비 + 학생당경비 \n  ◦ (학교특성경비) 기본경비 조정 및 학교 특정 사업 수요를 반영하여 지원\n  ◦ (통합교부사업비) 목적사업비 중 매년 반복되는 사업을 학교운영비로 총액 배분
2026학년도 학교회계 예산편성 및 집행지침	110	2026학년도 학교회계 예산편성 및 집행지침	2026학년도 학교회계 예산편성 및 집행지침\n- 110 -\n  기본경비 단가\n< 2026학년도 기본운영비 배분 및 편성 기준 개선 >\n◦ 기본경비 중 교당경비 인상\n  - 정책연구 제시안 및 물가지수 인상률에 따라 기본경비(교당경비) 인상\n  - 유 2.5%, 초·중·일반고·특목고·영재·특수학교 7%, 특성화고 14% 인상\n◦ 권장사업 배분방식 개선\n  - 권장사업 소관부서 의견에 따라 권장사업 중 ‘배움터지킴이지원’,‘교육시설안전인증지원’,‘학교\n폭력업무경감지원’ 사업을 기본경비(교당경비)에서 학교특성경비 전환\n◦ ‘미완성학급 교당경비 추가지원’ 학교특성경비 신설\n  - 완성학급 대비 현재학급이 50% 미만 학교에 대해 시설장비유지 및 공공요금 추가지원\n     ※ 지원기준: (완성학급 교당경비 – 현재학급 교당경비) × 10%\n  ◦ 유치원 기본경비 단가 기준표\n(단위 : 천원)\n학급당\n유치원 기본경비\n원당\n급당\n원아당\n단설유치원\n병설유치원\n1학급\n62,618 \n7,062 \n2,998\n78\n2학급\n69,727 \n     10,627 \n2,998\n78\n3학급\n76,835 \n     14,617 \n2,998\n78\n4학급\n83,944 \n     19,878 \n2,998\n78\n5학급\n91,053 \n     21,209 \n2,998\n78\n6학급\n94,960 \n     22,539 \n2,998\n78\n7학급\n101,464 \n     23,869 \n2,998\n78\n8학급\n107,084 \n     25,200 \n2,998\n78\n9학급\n112,855 \n     26,531 \n2,998\n78\n10학급\n117,665 \n     27,862 \n2,998\n78\n11학급\n120,307 \n     29,191 \n2,998\n78\n12학급\n124,180 \n     30,521 \n2,998\n78\n13학급\n128,104 \n     31,853 \n2,998\n78\n14학급\n133,081 \n     33,183 \n2,998\n78\n15학급\n137,912 \n     33,183 \n2,998\n78\n16학급~\n142,743 \n     33,183 \n2,998\n78
2026학년도 학교회계 예산편성 및 집행지침	111	제3편 학교운영비 및 권장사업	제3편 학교운영비 및 권장사업\n- 111 -\n  ◦ 초등학교, 중학교, 특수학교 기본경비 단가 기준표\n(단위 : 천원)\n학급당\n초등학교\n중학교\n특수학교\n교당\n급당\n학생당\n교당\n급당\n학생당\n교당\n급당\n학생당\n1학급\n 94,741 \n1,846\n189\n118,450 \n1,708\n198\n144,616 \n3,623\n310\n2학급\n103,317 \n1,846\n189\n126,931 \n1,708\n198\n150,372 \n3,623\n310\n3학급\n111,893 \n1,846\n189\n135,414 \n1,708\n198\n156,128 \n3,623\n310\n4학급\n120,470 \n1,846\n189\n143,896 \n1,708\n198\n161,884 \n3,623\n310\n5학급\n129,046 \n1,846\n189\n152,378 \n1,708\n198\n167,638 \n3,623\n310\n6학급\n137,622 \n1,846\n189\n160,859 \n1,708\n198\n173,395 \n3,623\n310\n7학급\n141,366 \n1,846\n189\n165,297 \n1,708\n198\n176,700 \n3,623\n310\n8학급\n145,111 \n1,846\n189\n169,734 \n1,708\n198\n180,004 \n3,623\n310\n9학급\n148,855 \n1,846\n189\n174,173 \n1,708\n198\n183,308 \n3,623\n310\n10학급\n152,599 \n1,846\n189\n178,611 \n1,708\n198\n186,613 \n3,623\n310\n11학급\n156,344 \n1,846\n189\n183,048 \n1,708\n198\n189,917 \n3,623\n310\n12학급\n160,088 \n1,846\n189\n187,487 \n1,708\n198\n193,222 \n3,623\n310\n13학급\n163,938 \n1,846\n189\n191,233 \n1,708\n198\n196,102 \n3,623\n310\n14학급\n167,788 \n1,846\n189\n194,981 \n1,708\n198\n198,982 \n3,623\n310\n15학급\n171,638 \n1,846\n189\n198,728 \n1,708\n198\n201,862 \n3,623\n310\n16학급\n175,487 \n1,846\n189\n202,475 \n1,708\n198\n204,742 \n3,623\n310\n17학급\n181,129 \n1,846\n189\n206,223 \n1,708\n198\n207,622 \n3,623\n310\n18학급\n185,017 \n1,846\n189\n212,070 \n1,708\n198\n210,502 \n3,623\n310\n19학급\n190,813 \n1,846\n189\n218,624 \n1,708\n198\n212,724 \n3,623\n310\n20학급\n194,775 \n1,846\n189\n221,895 \n1,708\n198\n214,949 \n3,623\n310\n21학급\n198,739 \n1,846\n189\n224,970 \n1,708\n198\n217,173 \n3,623\n310\n22학급\n202,704 \n1,846\n189\n229,969 \n1,708\n198\n219,397 \n3,623\n310\n23학급\n206,667 \n1,846\n189\n234,971 \n1,708\n198\n221,621 \n3,623\n310\n24학급\n210,632 \n1,846\n189\n239,971 \n1,708\n198\n223,845 \n3,623\n310\n25학급\n212,065 \n1,846\n189\n246,102 \n1,708\n198\n227,197 \n3,623\n310\n26학급\n217,629 \n1,846\n189\n249,832 \n1,708\n198\n230,549 \n3,623\n310\n27학급\n223,192 \n1,846\n189\n253,250 \n1,708\n198\n233,902 \n3,623\n310\n28학급\n228,755 \n1,846\n189\n256,977 \n1,708\n198\n237,254 \n3,623\n310\n29학급\n234,318 \n1,846\n189\n260,703 \n1,708\n198\n240,606 \n3,623\n310\n30학급\n239,883 \n1,846\n189\n266,068 \n1,708\n198\n243,958 \n3,623\n310
2026학년도 학교회계 예산편성 및 집행지침	112	2026학년도 학교회계 예산편성 및 집행지침	2026학년도 학교회계 예산편성 및 집행지침\n- 112 -\n학급당\n초등학교\n중학교\n특수학교\n교당\n급당\n학생당\n교당\n급당\n학생당\n교당\n급당\n학생당\n31학급\n243,276 \n1,846\n189\n269,660 \n1,708\n198\n247,516 \n3,623\n310\n32학급\n246,670 \n1,846\n189\n273,253 \n1,708\n198\n249,367 \n3,623\n310\n33학급\n250,063 \n1,846\n189\n276,844 \n1,708\n198\n250,968 \n3,623\n310\n34학급\n253,457 \n1,846\n189\n280,436 \n1,708\n198\n252,565 \n3,623\n310\n35학급\n256,850 \n1,846\n189\n283,701 \n1,708\n198\n254,158 \n3,623\n310\n36학급\n260,244 \n1,846\n189\n289,941 \n1,708\n198\n255,749 \n3,623\n310\n37학급\n263,364 \n1,846\n189\n295,845 \n1,708\n198\n257,409 \n3,623\n310\n38학급\n266,484 \n1,846\n189\n301,807 \n1,708\n198\n259,068 \n3,623\n310\n39학급\n269,605 \n1,846\n189\n307,827 \n1,708\n198\n260,727 \n3,623\n310\n40학급\n275,451 \n1,846\n189\n313,909 \n1,708\n198\n262,388 \n3,623\n310\n41학급\n278,602 \n1,846\n189\n320,048 \n1,708\n198\n264,049 \n3,623\n310\n42학급\n281,753 \n1,846\n189\n323,415 \n1,708\n198\n265,709 \n3,623\n310\n43학급\n285,131 \n1,846\n189\n326,695 \n1,708\n198\n267,224 \n3,623\n310\n44학급\n298,505 \n1,846\n189\n329,978 \n1,708\n198\n268,738 \n3,623\n310\n45학급\n301,999 \n1,846\n189\n333,258 \n1,708\n198\n270,247 \n3,623\n310\n46학급\n305,493 \n1,846\n189\n336,540 \n1,708\n198\n272,025 \n3,623\n310\n47학급\n308,987 \n1,846\n189\n339,822 \n1,708\n198\n273,803 \n3,623\n310\n48학급\n312,481 \n1,846\n189\n343,102 \n1,708\n198\n275,581 \n3,623\n310\n49학급\n315,377 \n1,846\n189\n345,777 \n1,708\n198\n277,397 \n3,623\n310\n50학급\n315,453 \n1,846\n189\n348,452 \n1,708\n198\n279,213 \n3,623\n310\n51학급\n318,319 \n1,846\n189\n351,126 \n1,708\n198\n281,029 \n3,623\n310\n52학급\n321,263 \n1,846\n189\n353,801 \n1,708\n198\n282,845 \n3,623\n310\n53학급\n324,207 \n1,846\n189\n356,475 \n1,708\n198\n284,661 \n3,623\n310\n54학급\n327,149 \n1,846\n189\n359,152 \n1,708\n198\n286,477 \n3,623\n310\n55학급\n330,092 \n1,846\n189\n359,152 \n1,708\n198\n286,477\n3,623\n310\n56학급\n333,034 \n1,846\n189\n359,152 \n1,708\n198\n286,477\n3,623\n310\n57학급\n335,976 \n1,846\n189\n359,152 \n1,708\n198\n286,477\n3,623\n310\n58학급\n338,918 \n1,846\n189\n359,152 \n1,708\n198\n286,477\n3,623\n310\n59학급\n341,861 \n1,846\n189\n359,152 \n1,708\n198\n286,477\n3,623\n310\n60학급\n344,803 \n1,846\n189\n359,152 \n1,708\n198\n286,477\n3,623\n310\n61학급\n347,745 \n1,846\n189\n359,152 \n1,708\n198\n286,477\n3,623\n310\n62학급\n350,688 \n1,846\n189\n359,152 \n1,708\n198\n286,477\n3,623\n310\n63학급\n353,630 \n1,846\n189\n359,152 \n1,708\n198\n286,477\n3,623\n310\n64학급~\n356,572 \n1,846\n189\n359,152 \n1,708\n198\n286,477\n3,623\n310
2026학년도 학교회계 예산편성 및 집행지침	113	제3편 학교운영비 및 권장사업	제3편 학교운영비 및 권장사업\n- 113 -\n  ◦ 고등학교 기본경비 단가 기준표\n(단위 : 천원)\n학급당\n고등학교\n일반고\n특성화고\n특수목적고\n교당\n급당\n학생당\n교당\n급당\n학생당\n교당\n급당\n학생당\n1학급\n137,750 \n1,644\n362\n128,454 \n4,078\n431\n121,699 \n4,899\n430\n2학급\n147,082 \n1,644\n362\n131,521 \n4,078\n431\n139,817 \n4,899\n430\n3학급\n156,415 \n1,644\n362\n133,990 \n4,078\n431\n157,932 \n4,899\n430\n4학급\n165,749 \n1,644\n362\n149,360 \n4,078\n431\n176,049 \n4,899\n430\n5학급\n175,081 \n1,644\n362\n164,731 \n4,078\n431\n194,168 \n4,899\n430\n6학급\n184,414 \n1,644\n362\n180,101 \n4,078\n431\n212,284 \n4,899\n430\n7학급\n189,383 \n1,644\n362\n191,706 \n4,078\n431\n228,814 \n4,899\n430\n8학급\n194,353 \n1,644\n362\n203,311 \n4,078\n431\n239,322 \n4,899\n430\n9학급\n199,323 \n1,644\n362\n214,915 \n4,078\n431\n247,920 \n4,899\n430\n10학급\n204,293 \n1,644\n362\n226,520 \n4,078\n431\n254,407 \n4,899\n430\n11학급\n209,262 \n1,644\n362\n243,591 \n4,078\n431\n263,459 \n4,899\n430\n12학급\n214,231 \n1,644\n362\n259,283 \n4,078\n431\n272,709 \n4,899\n430\n13학급\n218,155 \n1,644\n362\n275,562 \n4,078\n431\n280,572 \n4,899\n430\n14학급\n222,077 \n1,644\n362\n289,271 \n4,078\n431\n288,317 \n4,899\n430\n15학급\n227,129 \n1,644\n362\n302,969 \n4,078\n431\n294,885 \n4,899\n430\n16학급\n231,071 \n1,644\n362\n314,526 \n4,078\n431\n303,451 \n4,899\n430\n17학급\n235,014 \n1,644\n362\n320,964 \n4,078\n431\n310,596 \n4,899\n430\n18학급\n237,768 \n1,644\n362\n325,498 \n4,078\n431\n318,273 \n4,899\n430\n19학급\n243,493 \n1,644\n362\n332,433 \n4,078\n431\n322,812 \n4,899\n430\n20학급\n249,220 \n1,644\n362\n340,021 \n4,078\n431\n327,043 \n4,899\n430\n21학급\n254,948 \n1,644\n362\n346,015 \n4,078\n431\n333,787 \n4,899\n430\n22학급\n260,675 \n1,644\n362\n355,437 \n4,078\n431\n337,614 \n4,899\n430\n23학급\n266,402 \n1,644\n362\n364,977 \n4,078\n431\n341,194 \n4,899\n430\n24학급\n272,129 \n1,644\n362\n371,088 \n4,078\n431\n344,418 \n4,899\n430\n25학급\n275,686 \n1,644\n362\n375,759 \n4,078\n431\n347,288 \n4,899\n430\n26학급\n279,244 \n1,644\n362\n380,429 \n4,078\n431\n349,783 \n4,899\n430\n27학급\n282,799 \n1,644\n362\n385,101 \n4,078\n431\n351,998 \n4,899\n430
2026학년도 학교회계 예산편성 및 집행지침	114	2026학년도 학교회계 예산편성 및 집행지침	2026학년도 학교회계 예산편성 및 집행지침\n- 114 -\n학급당\n고등학교\n일반고\n특성화고\n특수목적고\n교당\n급당\n학생당\n교당\n급당\n학생당\n교당\n급당\n학생당\n28학급\n292,084 \n1,644\n362\n389,772 \n4,078\n431\n353,931 \n4,899\n430\n29학급\n295,712 \n1,644\n362\n394,443 \n4,078\n431\n358,969 \n4,899\n430\n30학급\n302,276 \n1,644\n362\n399,114 \n4,078\n431\n367,220 \n4,899\n430\n31학급\n305,954 \n1,644\n362\n404,215 \n4,078\n431\n375,884 \n4,899\n430\n32학급\n309,635 \n1,644\n362\n409,317 \n4,078\n431\n384,460 \n4,899\n430\n33학급\n310,813 \n1,644\n362\n414,418 \n4,078\n431\n393,080 \n4,899\n430\n34학급\n317,449 \n1,644\n362\n419,519 \n4,078\n431\n401,742 \n4,899\n430\n35학급\n324,155 \n1,644\n362\n424,621 \n4,078\n431\n410,447 \n4,899\n430\n36학급\n330,909 \n1,644\n362\n429,722 \n4,078\n431\n419,024 \n4,899\n430\n37학급\n337,750 \n1,644\n362\n433,785 \n4,078\n431\n425,155 \n4,899\n430\n38학급\n344,660 \n1,644\n362\n437,848 \n4,078\n431\n432,846 \n4,899\n430\n39학급\n351,640 \n1,644\n362\n441,911 \n4,078\n431\n441,623 \n4,899\n430\n40학급\n358,689 \n1,644\n362\n445,974 \n4,078\n431\n450,385 \n4,899\n430\n41학급\n362,549 \n1,644\n362\n450,035 \n4,078\n431\n459,122 \n4,899\n430\n42학급\n366,410 \n1,644\n362\n454,098 \n4,078\n431\n467,648 \n4,899\n430\n43학급\n370,678 \n1,644\n362\n458,972 \n4,078\n431\n472,666 \n4,899\n430\n44학급\n374,946 \n1,644\n362\n463,845 \n4,078\n431\n477,685 \n4,899\n430\n45학급\n379,215 \n1,644\n362\n468,719 \n4,078\n431\n482,704 \n4,899\n430\n46학급\n383,483 \n1,644\n362\n473,592 \n4,078\n431\n487,722 \n4,899\n430\n47학급\n387,752 \n1,644\n362\n478,466 \n4,078\n431\n492,741 \n4,899\n430\n48학급\n392,020 \n1,644\n362\n483,338 \n4,078\n431\n497,759 \n4,899\n430\n49학급\n394,438 \n1,644\n362\n486,665 \n4,078\n431\n501,187 \n4,899\n430\n50학급\n396,857 \n1,644\n362\n489,992 \n4,078\n431\n504,612 \n4,899\n430\n51학급\n401,657 \n1,644\n362\n493,319 \n4,078\n431\n508,037 \n4,899\n430\n52학급\n405,300 \n1,644\n362\n496,645 \n4,078\n431\n511,464 \n4,899\n430\n53학급\n407,742 \n1,644\n362\n499,972 \n4,078\n431\n514,890 \n4,899\n430\n54학급~\n410,182 \n1,644\n362\n503,299 \n4,078\n431\n518,316 \n4,899\n430
2026학년도 학교회계 예산편성 및 집행지침	115	제3편 학교운영비 및 권장사업	제3편 학교운영비 및 권장사업\n- 115 -\nⅡ\n학교특성경비\n순\n사업명\n사업내용 등\n담당자\n1 건물유지비 \n지\n원\n◦사업내용: 학교 건물 유지 비용 지원\n◦지원대상: 2년 이상 경과 학교(BTL 10개교 제외)\n◦지원기준: 건물 연면적(㎡) × 산정단가\n(단위: 원)\n경과연수\n2년\n3년~5년\n6년~10년\n산정단가\n506\n1,238\n2,530\n경과연수\n11년~15년\n16년~20년\n21년 이상\n산정단가\n3,315\n3,965\n4,509\n조직예산과\n주무관 손효송\n(☏320-1533)\n2 BTL학교 조정\n◦사업내용: BTL교 계약서와 중복된 학교운영비 감조정 \n및 증축시설 건물유지비 지원\n◦지원대상: BTL 10개교\n조직예산과\n주무관 손효송\n(☏320-1533)\n3\n미완성학급\n교당경비\n추가지원\n◦사업내용: 완성학급 대비 현재학급 50% 미만 학교에 \n대해 교당경비 추가지원\n◦지원대상: 완성학급 대비 현재학급 50% 미만 학교\n◦지원기준: (완성학급 교당경비 – 현재학급 교당경비) × 10%\n  - 현재학급: 2026. 3. 1.자 확정 학급수 기준\n조직예산과\n주무관 손효송\n(☏320-1533)\n4 대안교육\n운영 지원\n◦사업내용: 대안교육 및 가정형Wee센터 운영 지원\n◦지원대상: 세종늘벗학교\n◦지원기준: 647,600천원 \n  - 대안교육 운영비: 297,000천원\n  - 가정형Wee센터 운영비: 350,000천원\n  - 전문적학습공동체 운영비: 600천원\n학교정책과\n장학사 김영선\n(☏320-2543)\n5 학교폭력업무\n경감지원\n◦사업내용: 학교폭력 및 학생생활교육 업무담당자 \n대체 강사채용 지원\n◦지원대상: 초·중·고(세종국제고, 세종과학예술영재학교 제외)\n◦지원기준: 초 교당 7,000천원, 중·고 학급수 차등지원\n(단위: 천원)\n학급\n7학급 \n이하\n8학급\n∼17학급\n18학급\n∼39학급\n40학급 \n이상\n지원액\n4,000천원\n7,000천원\n10,000천원\n13,000천원\n학교정책과\n장학사 정성혜\n(☏320-2542)
2026학년도 학교회계 예산편성 및 집행지침	116	2026학년도 학교회계 예산편성 및 집행지침	2026학년도 학교회계 예산편성 및 집행지침\n- 116 -\n순\n사업명\n사업내용 등\n담당자\n6\n귀국학생\n특별학급\n지\n원\n◦사업내용: 귀국학생 특별학급 운영 지원\n◦지원대상: 늘봄초등학교\n◦지원기준: 36,800천원×2학급=73,600천원\n유초등교육과\n장학사 서정아\n(☏320-2141)\n7\n읍면지역\n기숙형고교\n운영지원\n◦사업내용: 읍면지역 및 기숙형 공립고 지원을 통한 \n원거리 통학생 등·하교 편의 및 학력 향상 도모, \n교육프로그램 운영을 통해 모든 학생의 소질과 적성에 \n맞는 맞춤형 교육 지원\n◦지원기준: 읍면지역 기숙형 교육경비, 교육프로그램 운영비 등\n  - (세종고) 386,974천원\n    · 기숙사 운영비: 241,974천원\n    · 읍면지역 기숙형 교육경비: 75,000천원\n    · 기숙형 공립고 교육프로그램 운영비: 50,000천원\n    · 저소득층 급식비: 20,000천원\n  - (세종여고) 75,000천원\n    · 읍면지역 기숙형 교육경비: 75,000천원\n  - (세종미래고) 20,000천원\n    · 읍면지역 기숙형 교육경비: 20,000천원\n  - (세종장영실고) 20,000천원\n    · 읍면지역 기숙형 교육경비: 20,000천원\n중등교육과\n장학사 윤진숙,\n(☏320-2214)\n장학사 유주현\n(☏320-2215)\n8\n직업계고\n학점제교육\n과정지원\n◦ 사업내용: 직업계고 학점제 및 교육과정 운영\n◦ 지원대상: 세종미래고, 세종장영실고, 세종여고(직업계열)\n◦ 지원기준: 학급수 차등지원\n  - 10학급 이하: 70,000천원\n  - 11~19학급 이하: 170,000천원\n  - 20학급 이상: 400,000천원\n중등교육과\n장학사 공민정\n(☏320-2231)\n9 세종국제고\n교육과정지원\n◦사업내용: 교육과정운영\n   - 교육‧교과‧행사 활동 운영비 지원(Jump UP 프로그램, \n과제연구, 세계시민교육, 독서포럼, 독서콜로키움, 독서세미나, \n국제 문화‧학술 교류 등 특색프로그램 운영 지원)\n  - 국제문화교류활동 지원, 기숙사 운영비 지원\n  - 사회통합전형 대상 맞춤형 프로그램 운영 및 기숙사비 지원\n  - 전문적학습공동체운영비 지원: 1,500천원(15학급)\n◦지원대상: 세종국제고\n◦지원기준: 280,000천원\n  - 교육과정운영지원: 255,000천원\n  - 자기주도학습전형 운영지원: 25,000천원\n중등교육과\n장학사 차의진\n(☏320-2225)\n장학사 한성민\n(☏320-2224)
2026학년도 학교회계 예산편성 및 집행지침	117	제3편 학교운영비 및 권장사업	제3편 학교운영비 및 권장사업\n- 117 -\n순\n사업명\n사업내용 등\n담당자\n10\n세종예술고\n예술학과운영\n지\n원\n◦사업내용: 세종예술고 예술 특화 교육과정 운영\n  - 예술학과 각 전공영역의 예술 심화교육과정 지원을 \n    위한 전문예술 강사비, 교육 운영비, 비품구입비,\n  전문적학습공동체 운영비 등\n◦지원대상: 세종예술고\n◦지원기준: 800,000천원 \n  - 교육과정운영지원: 798,800천원\n  - 전문적 학습공동체 운영비: 1,200천원(12학급)\n중등교육과\n장학사 김나경\n(☏320-2245)\n11 독도체험관\n운영지원\n◦사업내용: 독도체험관 운영교에 대한 교육운영비, 콘텐츠 \n및 유지보수비 지원으로 체험중심 독도교육 활성화 \n◦지원대상: 새롬고(독도체험관 운영교)\n◦지원기준: 48,000천원  \n   - 교육운영비, 운영수당, 일반수용비, 비품구입비, 전기요금, \n출장여비 등 독도체험관 운영·관리\n중등교육과\n주무관 백숙현\n(☏320-2226)\n12\n통합운영학교\n교육과정\n운영지원\n◦사업내용: 통합운영학교 교육과정 운영을 위한 교육\n운영비, 운영수당, 학교특색 교육과정 운영비 지원\n◦지원기준: 44,000천원\n  - (산울초중) 12,000천원\n  - (해밀중) 6,000천원\n  - (해밀고) 26,000천원\n중등교육과\n주무관 박민아\n(☏320-2211)\n13 공동조리 중심\n학교 지원\n◦사업내용: 공동조리 중심학교의 급식 운영비 지원\n  - 순회근무운영비, 급식차량임차, 공동조리 운영비, \n조리종사원 여비\n◦지원대상: 4교(연남초, 연동초, 연서초, 장기초)\n◦지원기준\n구분\n지원 기준\n금액\n영양(교)사 순회 \n근무운영비\n20,000원, 90일 \n1,800천원\n급식 차량 임차료\n60,000원, 192일\n11,520천원\n공동조리 급식 \n제반 추가 운영비\n1,000천원, 1교\n1,000천원\n조리종사원 여비\n10,000원, 200일, 2명\n4,000천원\n  ※ 장기초 조리종사원 여비는 ‘24. 8월 세종시 택시 기본 \n요금 기준 왕복 8,000원 적용\n교육복지과\n주무관 고주연\n(☏320-3326)
2026학년도 학교회계 예산편성 및 집행지침	118	2026학년도 학교회계 예산편성 및 집행지침	2026학년도 학교회계 예산편성 및 집행지침\n- 118 -\n순\n사업명\n사업내용 등\n담당자\n14 교육시설안전\n인증지원\n◦사업내용: 교육시설 안전여부를 전문기관을 통해 인증\n◦지원대상: 산울초중, 세종캠퍼스고\n◦지원기준: 17,400천원\n  - (산울초) 4,300천원\n  - (산울중) 4,300천원\n  - (캠퍼스고) 8,800천원\n교육시설과\n주무관 박준영\n(☏320-3416)\n15 배움터지킴이 \n지\n원\n◦사업내용: 유치원·학교 내 배움터지킴이 배치 지원\n◦지원대상: 유(단설)·초·중·고·특수·각종학교\n◦지원기준: 학교당 기본 1명 배정\n  ※ 학급수 24학급 이상, 기숙형 고등학교 및 교사(校舍) \n현황등을 반영하여 추가배정\n구분\n지원단가\n산출내역\n유\n13,576천원\n(활동비) 7,600원×8시간×220일\n(운영비) 200천원\n초·중·\n고·특수\n11,752천원\n(활동비) 7,600원×8시간×190일\n(운영비) 200천원\n ※ 단, 늘벗학교 지원단가 11,144천원\n학교안전과\n주무관 유동완\n(☏320-1713)\n16 통학차량지원\n◦사업내용: 관용차량 및 임차차량 운영비 등 지원\n◦지원대상: 통학차량 운영학교\n◦지원기준: 운행거리에 따라 지원\n◦집행범위: 유류비, 전기차 충전 전기료, 임차료, 차량 \n수리비, 안전용품 등 \n학교지원본부\n주무관 박윤경\n(☏320-4321)\n17 재정집행 \n효율화 조정\n◦사업내용: 건전한 재정운영을 위해 세입결산액의 1.5% \n초과하는 순세계 잉여금 감액(2025학년도 결산 이후 확정)\n   ※ 단, 특별한 사유가 인정되는 불용액 발생 건에 대해서는 기준 적용 제외\n조직예산과\n주무관 손효송\n(☏320-1533)
2026학년도 학교회계 예산편성 및 집행지침	119	제3편 학교운영비 및 권장사업	제3편 학교운영비 및 권장사업\n- 119 -\nⅢ\n통합교부사업\n1. 통합교부사업 안내\n □ 통합교부사업비 집행\n   ◦ 사업 목적 달성이 예상되거나 사업 완료 후 집행 잔액이 발생한 경우 \n학교 자체 운영비로 사용 가능\n   ◦ 통합교부사업 업무추진비 편성시 예산액에서 인건비성 경비(각종 수당 포함), \n자산취득성 경비(비품구입비, 시설비) 등을 제외한 금액의 3% 내 편성\n(단, 사업부서에서 별도로 규정하는 경우 그에 따름)\n     ※ 일반 업무추진비와 별도이며, 원가통계비목은 목적사업업무추진비로 편성\n<통합교부사업 업무추진비 편성시 주의사항 >\n◦ 통합교부사업 업무추진비는 “업무추진비 편성 가능 여부” 사업 기준으로 편성\n  - (예시)A학교 “세종미래학교 생각자람교육과정운영지원” 예산 편성액 40,000천원 중 강사수당 \n5,000천원 제외한 35,000천원의 3% 1,050천원 업무추진비 편성 가능\n◦ 통합교부사업 교부액이 아닌 편성예산액 기준으로 업무추진비 반영(추경예산 조정시 동일 적용)\n  - (예시)B학교 “특수학급운영비지원” 교부액 3,680천원 중 3,000천원 편성시 업무추진비 90천원 편성 가능\n   ◦ 사업부서의 별도 기준이 있는 경우 사업부서 기준에 따르며, 세부 집행 \n관련 사항은 사업담당자에게 직접 문의\n   ◦ 학교 본예산 편성시 누락되지 않도록 사업별 담당자에게 교부액을 안내하고 \n추가 소요되는 예산은 학교 자체 부담\n   ◦ 예산 구분을 위해 세부항목에 [통합] 등 말머리 추가하여 별도 구분\n \n세부사업\n세부항목\n산출내역\n정보화실 운영\n학내망관리\n스마트스쿨기기 유지관리 200,000원×2월=\n[통합]학내망관리\n스마트스쿨기기 유지관리 200,000원×10월=\n외국어 교과활동\n교과운영\n영어교재교구 100,000원×10종=\n[미래]외국어교육지원\n영어캠프 운영물품 50,000원×10종=\n[목]원어민보조교사인건비\n원어민보조교사 인건비 2,000,000원×10월=\n   ◦ 통합교부사업비는 3.1.자 또는 9.1.자 학급수 및 학생수를 반영하여 조정될 \n수 있으며, 교육비특별회계 운용 상황 등 사정에 따라 변경 가능
2026학년도 학교회계 예산편성 및 집행지침	120	2026학년도 학교회계 예산편성 및 집행지침	2026학년도 학교회계 예산편성 및 집행지침\n- 120 -\n2. 통합교부사업 목록\n★: 신규(9개), ☆: 전환(목적→통합, 9개), ♥: 확대(목적+통합, 1개)\n순\n담당부서\n사업명\n업무\n추진비\n결과보고\n대상학교\n유\n무\n유초중고특각\n1\n미래기획관방학중아이들의성장지원\n○\n　●　\n　●　\n2\n학교정책과A I 정보교육실구축지원\n○\n○\n●\n3\n학교정책과지능형과학실구축지원\n○\n○\n　●●　　\n4\n학교정책과지능형과학실활용운영지원\n○\n●●\n5\n학교정책과첨단과학실구축지원☆\n○\n○\n●\n6\n학교정책과첨단과학실활용운영지원★\n○\n○\n●\n7\n학교정책과과학탐구지원강사지원☆\n○\n●●●\n8\n학교정책과개교100주년기념사업지원\n○\n○\n　　\n●　　\n9\n학교정책과영재학교교육과정운영지원☆\n○\n○\n●\n10 학교정책과정다움학습지원튜터운영지원☆\n○\n　●\n　　\n11 학교정책과학생생활교육실구축지원☆\n○\n　●　●●　　●\n12 학교정책과세종미래학교운영지원\n※ 세종미래학교 통합예산목록 참조\n13 유초등교육과유치원놀이지원자원봉사자운영지원\n○\n●　\n14 유초등교육과유치원방과후(돌봄)과정운영지원\n○\n●\n15 유초등교육과유치원하모니봉사자지원\n○\n●\n16 유초등교육과병설유치원교육복지서비스지원\n○\n●\n17 유초등교육과학교도서관자원봉사자지원\n○\n　●●●●●\n18 유초등교육과학교도서관환경개선지원\n○\n●●●●●●\n19 유초등교육과신설학교장서확충지원\n○\n●●●\n20 유초등교육과문화예술체육활동지원☆\n○\n　　\n　●\n21 유초등교육과특수학교(급)고교학점제운영지원☆ \n○\n○\n●\n22 유초등교육과특수학급운영비지원\n○\n○\n●●●●●\n23 유초등교육과특수교육진로직업교육지원\n○\n●●●\n24 유초등교육과특수학교(급) 돌봄교실 운영비지원\n○\n●\n●\n25 유초등교육과특수학급꿈마루교실지원\n○\n○\n●●\n●\n26 중등교육과현장실습안전지원\n○\n●\n27 중등교육과직업계고실습여건개선지원\n○\n●\n28 중등교육과학교운동부지도자운영지원\n○\n●●●\n29 중등교육과우수선수육성지원\n○\n●●●
2026학년도 학교회계 예산편성 및 집행지침	121	제3편 학교운영비 및 권장사업	제3편 학교운영비 및 권장사업\n- 121 -\n순\n담당부서\n사업명\n업무\n추진비\n결과보고\n대상학교\n유\n무\n유초중고특각\n30 중등교육과중창단및밴드부운영프로젝트지원★\n○\n●\n31 교원인사과중등순회교사제운영지원★\n○\n　　●●　　\n32 운영지원과학교문서고현대화사업운영지원\n○\n　●\n33 운영지원과지방공무원신규채용\n필기시험장운영지원\n○\n○\n　　●　　\n34 재무행정과적정규모학교 육성 지원\n○\n○\n　●　●　　\n35 재무행정과학생분산배치교지원\n○\n○\n●\n36 재무행정과완성학급초과교지원\n○\n○\n●\n37 재무행정과학교시설개방지원★\n○\n○\n　●　●●　●　●\n38 재무행정과노후관사시설수선지원☆\n○\n　●●　　\n39 교육복지과방과후·돌봄환경개선지원☆\n○\n　●　\n40 교육복지과방과후학교운영지원\n○\n　●●●　●\n41 교육복지과초등돌봄교실운영지원\n○\n●\n42 교육복지과현장체험학습비(1일형체험학습\n ·수련활동·수학여행)지원\n○\n　●　●●　●　　\n43 교육복지과영양체험식생활교육지원\n○\n●●●●●●\n44 교육복지과교육복지선도학교지원\n○\n○\n　●　●　　\n45 교육복지과교과용도서무상지원\n○\n　　\n●　　●\n46 교육복지과유치원급식비지원\n○\n●\n47 교육복지과Non-GMO식재료구입비지원\n○\n●●●●●●\n48 교육시설과학교공간혁신운영지원♥\n○\n○\n●●●●●●\n49 교육시설과화재시축광패치설치지원★\n○\n●●●●●●\n50 교육시설과교내그늘막설치지원\n○\n●●●●●●\n51 조직예산과학교공유우산,양심우산지원★\n○\n●●●●●●\n52 학교안전과교실형안전체험관운영지원\n○\n○\n　●\n●　\n53 학교안전과건강증진실천학교지원\n○\n○\n●●●●●\n54 학교안전과학생정신건강지원\n○\n　●　●●●　●\n55 학교안전과노후자동심장충격기(AED)교체지원\n○\n●　●●●　\n56 학교안전과청소위생관리비지원 \n○\n●●●●●●\n57 학교안전과공기정화장치유지관리지원\n○\n●●●●●●\n58 학교안전과흙먼지털이기설치지원\n○\n●●●●●\n59 학교안전과산업재해예방지원★\n○\n●●●●●●
2026학년도 학교회계 예산편성 및 집행지침	122	2026학년도 학교회계 예산편성 및 집행지침	2026학년도 학교회계 예산편성 및 집행지침\n- 122 -\n순\n담당부서\n사업명\n업무\n추진비\n결과보고\n대상학교\n유\n무\n유초중고특각\n60 노사정책과3일이내업무상재해요양비지원★\n○\n●●●●●●\n61 평생교육원학교협동조합운영지원\n○\n○\n●\n●\n62 학교지원본부\n(교육지원부) 학생맞춤통합지원★\n○\n　●●●●●\n63 학교지원본부\n(교육지원부) 교원안심번호제운영지원\n○\n●●●●●●\n64 학교지원본부\n(시설지원부) 기계설비성능점검지원\n○\n●●●●\n65 학교지원본부\n(시설지원부) 어린이놀이시설개선지원\n○\n●●\n●\n66 학교지원본부\n(시설지원부) 노후책걸상및사물함교체지원\n○\n●●●\n67 학교지원본부\n(시설지원부) 스마트스쿨기기유지관리지원\n○\n●●●●●●
2026학년도 학교회계 예산편성 및 집행지침	123	제3편 학교운영비 및 권장사업	제3편 학교운영비 및 권장사업\n- 123 -\n※ 세종미래학교 통합예산 목록\n★: 전환(목적→통합, 4개), ♥: 확대(목적+통합, 3개)\n순\n담당부서\n사업명 및 세부사업명\n업무\n추진비\n결과보고\n대상학교\n유\n무유초\n중\n고\n특\n각\n12-1 학교정책과세종학교자치지원\n① 혁신자치학교운영지원\n○\n○\n●　●\n●　\n교원인사과② 학부모학교참여지원\n○\n○\n●●\n●\n●\n●\n12-2 학교정책과\n민주시민학생생활지원\n①  관계중심생활교육운영지원♥\n○\n○\n●●\n●\n●\n●\n●\n②  학교폭력예방교육운영지원\n○\n○\n●\n●\n●\n●\n●\n③ 학생자치활동운영지원\n○\n○\n●\n●\n●\n●\n●\n④ 위클래스운영지원\n○\n●\n●\n●\n●\n●\n⑤ 학업중단숙려제지원♥\n○\n●\n●\n12-3 학교정책과\n창의융합정보지원　\n①  탐구활동중심수학교육지원\n○\n　●　●\n●　\n② 발명교육센터지원\n○\n○\n●　\n③ 영재교육기관지원\n○\n○\n●　●\n●　\n12-4\n유초등교육과\n교\n육\n원\n유아교육부\n유아교육지원\n①  아이다움교육과정운영지원\n○\n○\n●　　\n② 생태유아교육지원♥\n○\n○\n●\n●\n③ 어깨동무유치원운영지원\n○\n○\n●\n④ 유·초이음교육운영지원★\n○\n○\n●\n●\n⑤ 마을배움터운영지원\n○\n●\n12-5\n유초등교육과\n초등교육지원\n①   초등생각자람교육과정운영지원\n○\n○\n●\n② 읍면지역특성화\n  교육과정운영학교지원\n○\n○\n●\n●\n●\n유초등교육과\n중등교육과\n③ 특색교육과정운영을 위한\n  학교환경개선사업지원★\n○\n○\n●\n12-6 중등교육과\n중등교육지원\n①  중학교나다움성장교육과정지원\n○\n○\n●\n② 미래지음고교학점제지원\n○\n○\n●\n●\n③ 특화교육과정운영교지원★\n○\n○\n●
2026학년도 학교회계 예산편성 및 집행지침	124	2026학년도 학교회계 예산편성 및 집행지침	2026학년도 학교회계 예산편성 및 집행지침\n- 124 -\n순\n담당부서\n사업명 및 세부사업명\n업무\n추진비\n결과보고\n대상학교\n유\n무유초\n중\n고\n특\n각\n④일반고직업교육위탁과정지원\n○\n○\n●\n⑤ 역사독도교육지원\n○\n○\n●\n●\n●\n12-7 중등교육과\n국제외국어교육지원\n① 국제교류협력학교지원\n○\n○\n●\n●\n●\n② 외국어교육지원\n○\n○\n●\n●\n12-8 중등교육과\n예술체육교육지원\n① 초등생존수영지원\n○\n●\n●\n② 건강체력교실운영지원\n○\n●\n●\n●\n●\n●\n③ 교내스포츠리그운영지원\n○\n●\n●\n●\n●\n●\n④  중학교교육과정스포츠클럽지원\n○\n●\n●\n⑤ 365+체육온활동지원★\n○\n●\n●\n●\n●\n●\n⑤ 학생오케스트라지원\n○\n○\n●\n●\n●\n12-9 진로교육원\n진로교육지원\n① 진로전환기진로체험지원\n○\n●\n●\n●\n●\n② 학교대입역량강화지원\n○\n○\n●\n●\n12-10\n학교정책과학교선택사업-기본형\n① 생태전환형\n○\n○\n●●\n●\n●\n●\n●\n학교정책과② 이음형\n○\n○\n●●\n●\n●\n●\n●\n학교정책과③ 창의정보형\n○\n○\n●●\n●\n●\n●\n●\n학교정책과④ 민주시민형\n○\n○\n●●\n●\n●\n●\n●\n유초등교육과⑤ 인문독서형\n○\n○\n●●\n●\n●\n●\n●\n유초등교육과⑥ 주제탐구형➊\n○\n○\n●●\n●\n●\n●\n●\n중등교육과⑦ 주제탐구형➋\n○\n○\n●●\n●\n●\n●\n●\n중등교육과⑧ 예술체육형\n○\n●●\n●\n●\n●\n●\n12-11 학교정책과학교선택사업-확장형\n① 학교자율형\n○\n○\n●●\n●\n●\n●\n●
2026학년도 학교회계 예산편성 및 집행지침	125	제3편 학교운영비 및 권장사업	제3편 학교운영비 및 권장사업\n- 125 -\n사업명\n 1. 방학 중 아이들의 성장지원\n기존 þ  \n신규 □ \n소속\n미래기획관\n직ㆍ성명ㆍ연락처\n주무관 이재준(320-1415)\n □ 사업목적\n  ◦ 방학중에도 다양한 프로그램 운영을 통한 학생 성장지원 시스템 마련\n  ◦ 방학중 프로그램 참여 학생에 대한 중식지원으로 학생복지 강화\n □ 관련근거\n   ◦｢세종교육 3대 핵심 정책과제｣ ② 방학중 아이들의 성장 지원 \n □ 사업내용\n  ◦ 사업대상: 초 55교, 특수 2교\n  ◦ 운영내용: 방학중 프로그램* 운영, 참여 학생 중식 및 자원봉사인력 운영\n     * 기초학력, 문화, 스포츠, 진로탐색, 지역탐방, 정서·심리 등 다양한 성장지원 프로그램을 학교 자율 운영\n  ◦ 지원단가: 학급당 1,218천원*\n     * 여름방학 지원금액으로 겨울방학은 추경 편성 지원 예정\n □ 행정사항\n구  분\n내  용\n예산과목\n선택적교육활동-방과후학교운영-방과후학교운영\n업무추진비편성\n업무추진비 편성 불가\n지원불가항목\n비품구입비 지양\n  ◦ 세부 지원내역\n    - 프로그램 운영비: 학습과 체험이 필요한 학생 대상의 학습 지원, 진로적성, \n지역 연계, 사제동행 프로그램 등 운영 강사비와 물품비 지원\n    - 중식 지원: 방학 중 프로그램 참여 학생 중 희망자 학교 여건에 따라 중식 지원\n    - 자원봉사 인력 운영: 프로그램 운영 지원, 학생안전관리, 급식지도 등 역할 수행
2026학년도 학교회계 예산편성 및 집행지침	126	2026학년도 학교회계 예산편성 및 집행지침	2026학년도 학교회계 예산편성 및 집행지침\n- 126 -\n□ 학교 현장에 맞게 반영할 사항\n  ◦ 사업 목적이 달성될 수 있도록 학교 세부 계획 수립·추진\n  ◦ 학교 교육공동체의 의견수렴을 거쳐 운영계획 및 예산 편성\n  ◦ 중식은 방학중 방과후 프로그램 참여학생 중 희망자에게 모두 제공\n  ◦ 예산액의 30%에 한하여 프로그램 운영 냉·난방비, 수도·가스요금 등 공공요금 집행 가능
2026학년도 학교회계 예산편성 및 집행지침	127	제3편 학교운영비 및 권장사업	제3편 학교운영비 및 권장사업\n- 127 -\n사업명\n2. AI정보교육실구축지원\n기존 þ  \n신규 □ \n소속\n학교정책과\n직ㆍ성명ㆍ연락처\n장학사 서원경(320-2531)\n□ 사업목적\n  ◦ 2022 개정 교육과정 초·중학교 정보 시수 확대(2배) 및 인공지능 내용 \n추가에 따라 현장 안착 기반 마련\n□ 관련근거\n  ◦ 세종 이도 프로젝트 추진계획(학교정책과-2179, 2025. 2. 14.)\n□ 사업내용\n  ◦ 사업대상: 공립고 4교\n구 분\nAI정보교육실구축 지원 대상교\n고(6교)\n 다정고, 한솔고, 보람고, 해밀고\n  ◦ 운영내용: 기존 컴퓨터실 또는 유휴교실 등을 활용하여 AI교육을 위한 \n창의적이고 유연한 정보교육 공간 구축\n  ◦ 지원단가: 교당 100,000천원\n□ 행정사항\n구  분\n내  용\n예\n산\n과\n목\n▸교육활동지원-교육여건개선-교육환경개선\n업무추진비편성\n▸업무추진비 편성 가능(총금액 200만원 이내)\n지원불가항목\n▸해당없음\n□ 학교 현장에 맞게 반영할 사항\n  ◦ 사업 계획 공문 안내 및 업무담당자 설명회는 사업담당부서에서 추진\n  ◦ 학교별 계획서, 보고서 및 정산서 제출 필요\n  ◦ (기타) 세부 사항의 경우 사업 계획 공문 참고
2026학년도 학교회계 예산편성 및 집행지침	128	2026학년도 학교회계 예산편성 및 집행지침	2026학년도 학교회계 예산편성 및 집행지침\n- 128 -\n사업명\n3. 지능형과학실구축지원\n기존 þ  \n신규 □  \n소속\n학교정책과\n직ㆍ성명ㆍ연락처\n장학사 손천재(320-2532)\n□ 사업목적\n  ◦ 첨단 과학기술 기반 탐구·실험 중심 과학교육 활성화\n  ◦ 안전한 과학실 환경 구축을 위한 노후화된 과학실 개선\n□ 관련근거\n  ◦ 제5차 과학교육종합계획(교육부, 2024. 12.)\n  ◦ 세종 이도 프로젝트 추진계획(학교정책과-2179, 2025. 2. 14.)\n□ 사업내용\n  ◦ 사업대상: 총 22교\n구 분\n지능형 과학실 구축 대상교\n초(14교)\n두루초, 고운초, 으뜸초, 종촌초, 다빛초, 늘봄초, 가락초, 보람초, 소담초, 새롬초, \n새뜸초, 가득초, 여울초, 글벗초\n중(8교)\n두루중, 고운중, 종촌중, 양지중, 새움중, 새뜸중, 보람중, 글벗중\n  ◦ 운영내용: 지능형 과학실 구축을 위한 지원\n  ◦ 지원단가: 교당 40,000천원\n□ 행정사항\n구  분\n내  용\n예\n산\n과\n목\n▸교육활동지원-교육여건개선-교육환경개선\n업무추진비편성\n▸업무추진비 편성 가능 ※ 예산액(인건비성 경비, 자산취득성 경비 제외) 5%이내\n지원불가항목\n▸학교 환경개선(상하수도 시설 등) 경비, 여비\n□ 학교 현장에 맞게 반영할 사항\n  ◦ 기타: 사업 담당 부서에서 별도 추진계획 안내\n  ◦ 학교별 계획서 및 보고서, 정산서 제출 필요\n  ◦ 지원사항: 사업 추진을 위한 설명회, 워크숍 등을 사업 담당 부서(학교정책과 \n창의융합정보담당)에서 추진함
2026학년도 학교회계 예산편성 및 집행지침	129	제3편 학교운영비 및 권장사업	제3편 학교운영비 및 권장사업\n- 129 -\n  ◦ 예산 편성 및 활용\n구분\n예산\n예산편성 주요사항 \n구축교\n40,000천원\n- 자산취득비(시설비, 비품구입비 등)는 예산 80% 이상 편성 권장\n- 시설비 및 노후화된 과학실 가구류(실험대, 의자, 기구장, 밀폐 시약장 등)를 \n위한 예산은 예산 총액의 50% 이내 집행\n- 지능형 과학실 구축 관련 이외 예산 집행 불가*\n  *확충 지양 설비·물품\n  · 지능형 과학실 구축을 위한 직접적인 설비·물품 이외의 학교 설비·물품\n(예: 상하수도 설비 등)\n  · 소모성 과학실험 기구 및 기자재(비커 등), 교사용 ICT 기기 등
2026학년도 학교회계 예산편성 및 집행지침	130	2026학년도 학교회계 예산편성 및 집행지침	2026학년도 학교회계 예산편성 및 집행지침\n- 130 -\n사업명\n4. 지능형과학실활용운영지원\n기존 þ  \n신규 □  \n소속\n학교정책과\n직ㆍ성명ㆍ연락처\n장학사 손천재(320-2532)\n□ 사업목적\n  ◦ 첨단 과학기술 기반 탐구·실험 중심 과학교육 활성화\n  ◦ 지능형 과학실 활용 수업 자료 개발 및 적용\n□ 관련근거\n  ◦ 제5차 과학교육종합계획(교육부, 2024. 12.)\n  ◦ 세종 이도 프로젝트 추진계획(학교정책과-2179, 2025. 2. 14.)\n□ 사업내용\n  ◦ 사업대상: 총 55교\n구 분\n지능형 과학실 활용·운영 대상교\n초(36교)\n다정초, 새움초, 한결초, 대평초, 솔빛초, 반곡초, 해밀초, 나성초, 집현초, 감성초, \n부강초, 세종도원초, 소정초, 수왕초, 쌍류초, 연남초, 연동초, 연봉초, 연서초, \n의랑초, 장기초, 전동초, 전의초, 조치원교동초, 조치원대동초, 조치원명동초, 바른초, \n산울초, 조치원신봉초, 한솔초, 참샘초, 금남초, 도담초, 연세초, 아름초, 연양초\n중(19교)\n다정중, 금호중, 반곡중, 해밀중, 나성중, 집현중, 부강중, 연서중, 연동중, \n장기중, 전의중, 세종중, 조치원중, 산울중, 도담중, 새롬중, 아름중, 어진중, 한솔중\n  ◦ 운영내용: 지능형 과학실 활용·운영을 위한 지원\n  ◦ 지원단가: 교당 5,000천원 \n     ※ 일부지원금액으로 추경반영 후 추가지원 예정(교당 5,000천원 추가)\n□ 행정사항\n구  분\n내  용\n예\n산\n과\n목\n▸기본적교육활동-교과활동-과학교과활동\n업무추진비편성\n▸업무추진비 편성 불가\n지원불가항목\n▸시설비 편성 불가
2026학년도 학교회계 예산편성 및 집행지침	131	제3편 학교운영비 및 권장사업	제3편 학교운영비 및 권장사업\n- 131 -\n□ 학교 현장에 맞게 반영할 사항\n  ◦ 기타: 사업 담당 부서에서 별도 추진계획 안내/학교별 계획서 및 보고서, \n정산서 제출 필요\n  ◦ 지원사항: 사업 추진을 위한 설명회, 워크숍 등을 사업 담당 부서(학교정책과 \n창의융합정보담당)에서 추진함\n  ◦ 예산 편성 및 활용\n구분\n예산\n예산편성 주요사항 \n활용운영교\n5,000천원\n- 시설비는 편성 불가\n- 자산취득비(비품구입비)는 70%이내 편성 권장\n- 지능형 과학실 활용 관련 이외 예산 집행 불가*\n * 확충 불가 물품\n  · 소모성 과학실험 기구 및 기자재(비커 등), 교사용 ICT 기기 등
2026학년도 학교회계 예산편성 및 집행지침	132	2026학년도 학교회계 예산편성 및 집행지침	2026학년도 학교회계 예산편성 및 집행지침\n- 132 -\n사업명\n5. 첨단과학실구축지원\n기존 □  \n신규 þ  \n소속\n학교정책과\n직ㆍ성명ㆍ연락처\n장학사 손천재(320-2532)\n□ 사업목적\n  ◦ 첨단 과학기술 기반 고등학교 전문분야 탐구․실험 환경 조성\n  ◦ 미래과학기술 분야 연계 첨단과학 실험 활동 사례 발굴 및확산\n□ 관련근거\n  ◦ 제5차 과학교육종합계획(교육부, 2024. 12.)\n  ◦ 세종 이도 프로젝트 추진계획(학교정책과-2179, 2025. 2. 14.)\n□ 사업내용\n  ◦ 사업대상: 두루고\n  ◦ 운영내용: 첨단과학실 구축을 위한 지원\n  ◦ 지원단가: 교당 100,000천원\n□ 행정사항\n구  분\n내  용\n예\n산\n과\n목\n▸ 교육활동지원-교육여건개선-교육환경개선\n업무추진비편성\n▸ 업무추진비 편성 가능 ※ 예산액(인건비성 경비, 자산취득성 경비 제외) 5%이내\n지원불가항목\n▸ 학교 환경개선(상하수도 시설 등) 경비, 내부 강사 수당\n□ 학교 현장에 맞게 반영할 사항\n  ◦ 기타: 사업 담당 부서에서 별도 추진계획 안내/학교별 계획서 및 보고서, \n정산서 제출 필요\n  ◦ 지원사항: 사업 추진을 위한 설명회, 워크숍 등을 사업 담당 부서(학교정책과 \n창의융합정보담당)에서 추진함
2026학년도 학교회계 예산편성 및 집행지침	133	제3편 학교운영비 및 권장사업	제3편 학교운영비 및 권장사업\n- 133 -\n  ◦ 예산 편성 및 활용\n구분\n예산\n예산편성 주요사항 \n구축교\n100,000천원\n- 자산취득비(시설비, 비품구입비 등)는 예산 90% 이상 편성 권장\n- 시설비는 첨단과학기자재를 활용하기 위하여 필요한 경우만 30%\n까지 편성 가능\n- 확충 지양 설비·물품\n  · 첨단과학실 구축을 위한 직접적인 설비·물품 이외의 설비·물품\n  · 소모성 과학실험 기구 및 기자재(비커 등), 교사용 ICT 기기 등
2026학년도 학교회계 예산편성 및 집행지침	134	2026학년도 학교회계 예산편성 및 집행지침	2026학년도 학교회계 예산편성 및 집행지침\n- 134 -\n사업명\n6. 첨단과학실활용운영지원\n기존 □  \n신규 þ  \n소속\n학교정책과\n직ㆍ성명ㆍ연락처\n장학사 손천재(320-2532)\n□ 사업목적\n  ◦ 첨단 과학기술 기반 고등학교 전문분야 탐구․실험 활성화\n  ◦ 미래과학기술 분야 연계 첨단과학 실험 활동 사례 발굴 및확산\n□ 관련근거\n  ◦ 제5차 과학교육종합계획(교육부, 2024. 12.)\n  ◦ 세종 이도 프로젝트 추진계획(학교정책과-2179, 2025. 2. 14.)\n□ 사업내용\n  ◦ 사업대상: 고등학교 15실(16실)\n구 분\n첨단과학실 활용운영 대상교\n고\n(15교(16실))\n고운고, 다정고, 도담고, 종촌고, 양지고, 반곡고(2), 보람고, 새롬고, 세종고, 세종여고, \n세종캠퍼스고, 소담고, 아름고, 한솔고, 해밀고\n  ◦ 운영내용: 첨단과학(공학)실 활용·운영을 위한 지원\n  ◦ 지원단가: 실당 30,000천원\n     ※ 일부지원금액으로 추경반영 후 추가지원 예정(교당 20,000천원 추가)\n□ 행정사항\n구  분\n내  용\n예\n산\n과\n목\n▸ 기본적교육활동-교과활동-과학교과활동\n업무추진비편성\n▸ 업무추진비 편성 가능 ※ 예산액(인건비성 경비, 자산취득성 경비 제외) 5%이내\n지원불가항목\n▸ 학교 환경개선(상하수도 시설 등) 경비, 내부 강사 수당\n□ 학교 현장에 맞게 반영할 사항\n  ◦ 기타: 사업 담당 부서에서 별도 추진계획 안내/학교별 계획서 및 보고서, \n정산서 제출 필요\n  ◦ 지원사항: 사업 추진을 위한 설명회, 워크숍 등을 사업 담당 부서(학교정책과 \n창의융합정보담당)에서 추진함
2026학년도 학교회계 예산편성 및 집행지침	135	제3편 학교운영비 및 권장사업	제3편 학교운영비 및 권장사업\n- 135 -\n  ◦ 예산 편성 및 활용\n구분\n예산\n예산편성 주요사항 \n활용운영교\n30,000천원\n- 자산취득비(시설비, 비품구입비 등)는 80%이내 편성 권장\n- 시설비는 첨단과학기자재를 활용하기 위하여 필요한 경우만 30%\n까지 편성 가능\n- 확충 지양 설비·물품\n  · 첨단과학실 활용운영을 위한 직접적인 설비·물품 이외의 설비·물품\n  · 소모성 과학실험 기구 및 기자재(비커 등), 교사용 ICT 기기 등
2026학년도 학교회계 예산편성 및 집행지침	136	2026학년도 학교회계 예산편성 및 집행지침	2026학년도 학교회계 예산편성 및 집행지침\n- 136 -\n사업명\n7. 과학탐구지원강사지원\n기존 □  \n신규 þ  \n소속\n학교정책과\n직ㆍ성명ㆍ연락처\n장학사 손천재(320-2532)\n□ 사업목적\n  ◦ 학생 참여형 탐구 중심의 과학실험을 지원하는 인력 운영으로 과학교육 활성화\n  ◦ 학생 맞춤형 탐구중심 과학교육 지원으로 안전한 과학실 환경 조성\n□ 관련근거\n  ◦ 세종 이도 프로젝트 추진계획(학교정책과-2179, 2025. 2. 14.)\n□ 사업내용\n  ◦ 사업대상: 초 40교, 중 20교, 고 14교\n구 분\n첨단과학실 활용운영 대상교\n초\n(40교)\n가락초, 고운초, 글벗초, 나래초, 나루초, 나성초, 다빛초, 다정초, 대평초, 두루초, 미르초, \n바른초, 반곡초, 보람초, 새뜸초, 새움초, 소담초, 솔빛초, 수왕초, 쌍류초, 양지초, 여울초, \n연남초, 연봉초, 연서초, 연세초, 연양초, 온빛초, 으뜸초, 의랑초, 장기초, 전동초, 전의초, \n조치원교동초, 조치원대동초, 조치원명동초, 종촌초, 참샘초, 한결초, 한솔초\n중\n(20교)\n고운중, 금호중, 나성중, 다정중, 두루중, 보람중, 산울중, 새뜸중, 새롬중, 세종중, \n소담중, 아름중, 어진중, 연서중, 장기중, 전의중, 조치원중, 종촌중, 집현중, 해밀중\n고\n(14교)\n고운고, 도담고, 두루고, 반곡고, 보람고, 새롬고, 세종국제고, 세종미래고, 세종여고, \n세종예고, 세종캠퍼스고, 아름고, 양지고, 종촌고\n  ◦ 운영내용: 교사와 강사의 협력수업(co-teaching) 및 과학교육 활동을 보조\n하는 형태로 운영\n  ◦ 지원단가: 실당 5,000천원\n     ※ 일부지원금액으로 추경반영 후 추가지원 예정(교당 5,000천원 추가)
2026학년도 학교회계 예산편성 및 집행지침	137	제3편 학교운영비 및 권장사업	제3편 학교운영비 및 권장사업\n- 137 -\n□ 행정사항\n구  분\n내  용\n예\n산\n과\n목\n▸ 기본적교육활동-교과활동-과학교과활동\n업무추진비편성\n▸ 업무추진비 편성 불가\n지원불가항목\n▸ 자산취득비(시설비, 비품구입비)\n□ 학교 현장에 맞게 반영할 사항\n  ◦ 강사 수당은 시간당 30,000원 이내로 책정\n  ◦ 사업 계획 공문 안내 및 업무담당자 설명회는 사업담당부서에서 추진\n  ◦ 학교별 계획서, 보고서 및 정산서 제출 필요\n  ◦ (기타) 세부 사항의 경우 사업 계획 공문 참고
2026학년도 학교회계 예산편성 및 집행지침	138	2026학년도 학교회계 예산편성 및 집행지침	2026학년도 학교회계 예산편성 및 집행지침\n- 138 -\n사업명\n8. 개교100주년기념사업지원\n기존 þ  \n신규 □ \n소속\n학교정책과\n직ㆍ성명ㆍ연락처\n장학사 신세일 (320-2511)\n□ 사업목적\n  ◦ 학교가 지역사회에서 갖는 역사적 의미와 가치에 대한 인식을 높이고 지역\n사회와의 상생 발전의 기회를 제공하고자 개교 100주년 기념 사업을 지원함\n□ 관련근거\n  ◦ ｢세종특별자치시교육청 개교 100주년 기념사업 지원 조례｣\n□ 사업내용\n  ◦ 사업대상: 세종고\n  ◦ 운영내용: 개교 100주년 기념을 위해 필요하다고 인정하는 사업 등의 예산 지원\n▸ 학교 100년사 등 개교 100주년 기념 관련 자료집 발간, 개교 100주년 기념 홍보 \n영상 제작, 기념식수, 기념비 등 기념 상징물 조성 \n▸ 개교 100주년 기념 문화·예술·체육·학술 행사 및 프로그램 운영 등\n \n  ◦ 지원단가: 교당 6,000천원\n□ 행정사항\n구  분\n내  용\n예\n산\n과\n목\n▸ 교육활동지원-교무업무운영-교무학사운영\n업무추진비편성\n▸ 업무추진비 편성 가능(지원금의 10%이내)\n지원불가항목\n▸ 학교 환경개선(상하수도 시설 등) 경비 등\n□ 학교 현장에 맞게 반영할 사항\n  ◦ 사업 담당 부서에서 별도 추진계획 안내/ 학교별 계획서 및 보고서, 정산서 \n제출 필요
2026학년도 학교회계 예산편성 및 집행지침	139	제3편 학교운영비 및 권장사업	제3편 학교운영비 및 권장사업\n- 139 -\n사업명\n9. 영재학교교육과정운영지원\n기존 □  \n신규 þ \n소속\n학교정책과\n직ㆍ성명ㆍ연락처\n장학사 이성기(320-2514)\n□ 사업목적\n  ◦ 영재학교 특색교육과정 운영 지원을 통한 영재 교육과정 활성화\n□ 관련근거\n  ◦ ｢영재교육진흥법｣ 제3‧12‧14조 및 같은 법 시행령 제20‧21‧26‧27‧30조\n  ◦ 2025년 영재교육 추진 계획(학교정책과-4564, 2025.3.18.)\n□ 사업내용\n  ◦ 사업대상: 세종과학예술영재학교\n  ◦ 운영내용: 영재학교 특색교육과정 지원 \n  ◦ 지원단가: 300,000천원\n□ 행정사항\n구  분\n내  용\n예\n산\n과\n목\n▸ 기본적교육활동-교과활동-교과활동지원\n업무추진비편성\n▸ 업무추진비 편성 가능\n지원불가항목\n▸ 해당없음\n□ 학교 현장에 맞게 반영할 사항\n  ◦ 지원예산 사용내역은 학교의 사정에 따라 변경 가능\n  ◦ (사업 목적 외 집행 금지) 사업비는 사업 목적 범위에서 <세종특별자치시\n교육비특별회계 세출예산 집행지침> 등을 준수하여, 학교의 교육활동 \n지원을 위해 최대한 자율적으로 사용* 가능\n      * 지역사회 기여를 위한 사업은 본교 교사 수당 지급 가능\n  ◦ (전문적학습공동체운영비) 학급수 × 100천원 확보\n  ◦ (협조사항) 지원 예산은 잔액이 발생하지 않도록 정산 바람
2026학년도 학교회계 예산편성 및 집행지침	140	2026학년도 학교회계 예산편성 및 집행지침	2026학년도 학교회계 예산편성 및 집행지침\n- 140 -\n사업명\n10. 정다움학습지원튜터운영지원\n기존 □  \n신규 þ \n소속\n학교정책과\n직ㆍ성명ㆍ연락처\n장학사 김민아(320-2522)\n□ 사업목적\n  ◦ 담임교사와의 협력 및 학생 학습정보 공유를 통해 맞춤형 학습지원 환경 조성\n  ◦ 대상 학생의 자신감과 성취감의 향상을 통한 적극적인 학습 참여 유도\n□ 관련근거\n  ◦ ｢세종특별자치시교육청 기초학력 보장 조례｣(2023. 9. 27.)\n  ◦ ｢기초학력보장법｣(2021. 9. 24.)\n□ 사업내용\n  ◦ 사업 대상: 초 52교(부강초, 전동초, 새뜸초 제외)\n  ◦ 운영내용: 정규교육과정에서 담임교사와 협력 수업 또는 수업 보조\n      ※ 학교자율적으로 계획을 수립하여 변경 운영 가능(자격조건 및 법령 준수)\n  ◦ 지원단가: 튜터 1인당 6,000천원\n     ※ 일부지원금액으로 추경반영 후 추가지원 예정(교당 4,000천원 추가)\n□ 행정사항\n구  분\n내  용\n예\n산\n과\n목\n▸ 기본적교육활동-교과활동-교과활동지원\n업무추진비편성\n▸ 업무추진비 편성 불가\n지원불가항목\n▸ 강사비, 인력 채용 관련 부대 비용(고용보험 등), 교재교구비 외 집행 불가\n□ 학교 현장에 맞게 반영할 사항\n  ◦ 시간당 30,000원 내외로 책정하되 학교운영위원회 심의를 통한 강사료 \n추가분‧자율 책정 지급 가능\n  ◦ 사업 계획 공문 안내 및 업무담당자 설명회는 사업담당부서에서 추진\n  ◦ 학교별 계획서, 보고서, 정산서 제출 필요\n      ※ 학교별 강사 채용 여부, 예산 사용의 합목적성과 집행 현황 등\n  ◦ (기타) 세부 사항의 경우 사업 계획 공문 참고
2026학년도 학교회계 예산편성 및 집행지침	141	제3편 학교운영비 및 권장사업	제3편 학교운영비 및 권장사업\n- 141 -\n사업명\n11. 학생생활교육실구축지원\n기존 □  \n신규 þ \n소속\n학교정책과\n직ㆍ성명ㆍ연락처\n장학사 박도희(320-2541)\n□ 사업목적\n  ◦ 학교 내 학생의 정서․행동․생활 교육 문제를 효과적으로 지원할 수 있는 \n공간을 마련하여 학생의 건강한 성장과 학교 생활 적응 지원\n□ 관련근거\n  ◦｢초․중등교육법｣ 제20조의4(개별학생교육지원) \n□ 사업내용\n  ◦ 사업 대상: 초 10교, 중 6교, 고 5교, 각종 1교 \n구 분\n대상교\n초\n(10교)\n글벗초, 다빛초, 두루초, 새롬초, 새움초, 세종도원초, 양지초, 참샘초, 한결초, 한솔초\n중\n(6교)\n두루중, 새뜸중, 세종중, 양지중, 어진중, 한솔중\n고\n(5교)\n아름고, 새롬고, 세종국제고, 세종미래고, 세종과학예술영재고\n각종\n(1교)\n늘벗학교\n  ◦ 운영내용: 학생생활교육실구축지원\n    - 학생 수시 상담실, 학생생활규정에 따른 개별학생 교육지원, 학교폭력 \n즉시 분리에 따른 분리 조치실, 관계중심 생활교육을 위한 학생 활동실\n(서클실, 조정실) 등 학교 내 생활교육 공간\n    - 학생생활교육에 필요한 별도의 실* 구축\n        * 학생자치실, 교사연구실, 위클래스와 구분된 별도의 공간\n  ◦ 지원단가: 교당 10,000천원
2026학년도 학교회계 예산편성 및 집행지침	142	2026학년도 학교회계 예산편성 및 집행지침	2026학년도 학교회계 예산편성 및 집행지침\n- 142 -\n□ 행정사항\n구  분\n내  용\n예\n산\n과\n목\n▸ 교육활동지원-생활지도운영-학생생활상담지도\n업무추진비편성\n▸ 업무추진비 편성 불가\n지원불가항목\n▸ 교육운영비(소모성 물품 구입), 학생생활교육실 구축과 관련없는 항목 지원 불가\n□ 학교 현장에 맞게 반영할 사항\n  ◦ 학생생활교육실 구축을 위한 인테리어 공사, 가구 공사, 교육실 내 집기류* 구입\n       * 영상장비, 기자재, 냉난방기, 상담용 책상 및 의자 화이트 보드, ,파티션, 비상벨, 보관함 등\n  ◦ 구축 사업계획서(~΄26. 3.) 및 구축 사진을 포함한 결과보고서 제출(~΄26. 12. 7.)
2026학년도 학교회계 예산편성 및 집행지침	143	제3편 학교운영비 및 권장사업	제3편 학교운영비 및 권장사업\n- 143 -\n사업명\n12. 세종미래학교운영지원\n기존 þ  \n신규 □  \n소속\n학교정책과\n직ㆍ성명ㆍ연락처\n장학사 이주화(320-2512)\n□ 사업목적\n  ◦ 학교 자치로 만들어가는 세종미래학교 운영 지원 \n□ 관련근거 \n  ◦ ｢세종미래학교 추진 계획｣\n  ◦ ｢2026 세종미래학교 통합예산 추진 계획｣(학교정책과-16094, 2025.8.12.)\n□ 사업내용\n  ◦ 사업대상: 유·초·중·고·특수·각종학교(늘벗·온세종)\n  ◦ 운영내용: 세종미래학교 교육과정, 학생 문화 관련 11개 사업 \n순\n사업명\n담당\n순\n사업명\n담당\n1\n세종학교자치지원\n학교정책과\n교원인사과 \n10\n학교선택사업\n_기본형\n생태전환형\n학교정책과\n이음형\n학교정책과\n2\n민주시민학생생활지원\n학교정책과 \n창의정보형\n학교정책과\n3\n창의융합정보지원\n학교정책과 \n민주시민형\n학교정책과\n4\n유아교육지원\n유초등교육과\n교육원 유아교육부\n인문독서형\n유초등교육과\n5\n초등교육지원\n유초등교육과\n중등교육과\n주제탐구형\n유초등교육과\n중등교육과\n6\n중등교육과정지원\n중등교육과\n예술체육형\n중등교육과\n7\n국제외국어교육지원\n중등교육과\n11\n학교선택사업\n_확장형\n학교자율형\n학교정책과\n8\n예술체육교육지원\n중등교육과\n9\n진로교육지원\n진로교육원 \n  ◦ 세부사업 내용 및 지원단가: 세부 사업별 세부 내용과 예산 편성 기준 반영\n□ 행정사항\n구  분\n내  용\n예산 활용 영역▸ 세부사업 사업설명서 참고\n집\n행\n관\n리▸ 사업 계획, 집행결과서 등 세부사업 담당자별 별도 안내될 수 있음\n▸ 사업별 지침이 없는 경우 2026학년도 학교회계 예산편성 및 집행지침에 따름
2026학년도 학교회계 예산편성 및 집행지침	144	2026학년도 학교회계 예산편성 및 집행지침	2026학년도 학교회계 예산편성 및 집행지침\n- 144 -\n□ 학교현장에 맞게 반영할 사항\n  ◦ 사업목적이 달성될 수 있도록 학교 세부 계획 수립·추진\n  ◦ 해당 운영 계획 및 학교 교육공동체의 의견 수렴 절차를 거쳐 예산 편성
2026학년도 학교회계 예산편성 및 집행지침	145	제3편 학교운영비 및 권장사업	제3편 학교운영비 및 권장사업\n- 145 -\n사업명\n12-1. 세종학교자치지원\n기존 þ  \n신규 □  \n소속\n학교정책과\n직ㆍ성명ㆍ연락처\n장학사 류주희(320-2513)\n주무관 김수지(868-1157)\n□ 사업목적\n  ◦ 세종미래학교 모델 구축을 위한 혁신자치학교 운영 지원\n  ◦ 교육 주체로서 학부모 학교 참여 활성화 및 자녀교육 역량 강화\n□ 관련근거 \n  ◦ ｢교육기본법｣ 제5조제2항 및 제13조제2항\n  ◦ ｢세종특별자치시교육청 혁신학교 운영·지원에 관한 조례｣제8조(지원)\n□ 사업내용\n  ◦ 담당: 학교정책과 학교정책기획담당, 교원인사과 학부모지원센터\n    - 학교정책과세종미래학교 운영을 위한 전문적학습공동체, 혁신학교 운영 지원\n    - 교원인사과학부모 학교참여 활동 지원(학부모회, 학부모 교육, 학부모 동아리 활동 등)\n  ◦ 운영내용\n세부\n사업명\n[대상학교급]\n사업 내용\n지원\n단가\n예산활용\n항목 \n예산세부\n항목\n(정책-단위\n-세부사업)\n사업\n담당자\n업무추진비\n편성\n지원불가 \n항목\n1. \n혁신자치\n학교\n운영지원\n●●●\n▸ 교육과정 특성화 및 다양화 사업\n - 교과별 프로그램 운영비, 교육과정 \n수립 및 평가 협의, 체험학습 등\n▸ 세종미래학교 문화 조성 사업\n - 학생자치활동지원, 학생회 연수, \n학생진로적성검사, 심리 검사 등)\n▸ 전문적학습공동체 운영 사업\n - 수업공개, 수업코칭, 수업컨설팅, \n외부전문가 초빙연수, 수업 협의회 등\n▸ 혁신자치학교 운영 평가회, 혁신\n자치학교 사례집, 연수교재 발간, \n혁신자치학교 관련 설명회 등 운영\n▸ 지역사회 협력 사업\n    (단위:천원)\n학급예산액\n∼20\n18,400\n21~30 27.200\n31~40 32,000\n41∼50 44,000\n51∼\n52,800\n▸강사비, \n재료비, \n운영비, \n도서구입비, \n차량비, \n입장료 \n등\n기본적\n교육활동-\n교과활동-\n교과활동\n지원\n학교\n정책과  \n장학사 \n류주희\n☎320\n-2513\n업무추진비 \n편성 가능\n(지원금의\n10%이내)\n▸시설비는 \n운영비의 \n20%를 \n초과할 \n수 없음
2026학년도 학교회계 예산편성 및 집행지침	146	2026학년도 학교회계 예산편성 및 집행지침	2026학년도 학교회계 예산편성 및 집행지침\n- 146 -\n세부\n사업명\n[대상학교급]\n사업 내용\n지원\n단가\n예산활용\n항목 \n예산세부\n항목\n(정책-단위\n-세부사업)\n사업\n담당자\n업무추진비\n편성\n지원불가 \n항목\n2.\n학부모\n학교\n참여지원\n●●\n●●●\n▸ 학부모 학교 참여 활동 지원\n(학부모회, \n학부모 \n동아리, \n학부모 교육, 학부모 자원봉사, \n학부모회 주관 학교 행사 등)\n▸ 학부모회 운영 계획 등과 연계한 \n예산 편성 및 집행\n  ※ 다수의 학부모가 참여할 수 \n있도록 운영\n  ※ 학부모회 구성이 어려운 경우, \n학교 주관 학부모 학교참여 \n활동에 소요되는 예산으로 \n집행 가능\n병설유\n(4학급 미만)\n300천원, \n병설유\n(4학급 이상)\n600천원, \n단설유\n700천원,\n초·중·고·특수\n1,600천원\n▸학부모 \n학교참여 \n활동비 \n(강사수당,\n원고료, \n행사용품 \n구입 등)\n학교\n일반운영-\n학교운영 \n협력-\n학부모 \n협력\n교원\n인사과\n주무관 \n김수지\n☎868\n-1157\n업무추진비 \n편성 가능\n(지원금의 \n20% 이내)\n▸학부모회\n주관이 아닌  \n행사운영비 \n편성불가\n(체육대회, \n체험학습 등)\n▸학부모 \n교육 참여와 \n직접적인 \n관련 없는 \n경비 편성 \n불가 \n(학교설비, \n문화상품권, \n장학금 \n지급 등)\n▸재능기부 \n활동 계획이 \n없는 학부모 \n취미 활동 \n편성 불가  \n(원데이 \n클래스, \n도서구입,\n단순영화\n관람비 등)\n▸일회성 \n행사비 \n과다 집행 \n지양 \n(30%이내)
2026학년도 학교회계 예산편성 및 집행지침	147	제3편 학교운영비 및 권장사업	제3편 학교운영비 및 권장사업\n- 147 -\n사업명\n12-2. 민주시민학생생활지원\n기존 þ  \n신규 □  \n소속\n학교정책과\n직ㆍ성명ㆍ연락처\n장학사 김영선(320-5243)\n□ 사업목적\n  ◦ 민주시민 학생 생활교육 내실화로 평화로운 학교문화 조성\n□ 관련근거 \n  ◦ ｢학교폭력예방 및 대책에 관한 법률｣\n  ◦ ｢초·중등교육법｣제28조(학업에 어려움을 겪는 학생에 대한 교육) \n  ◦ ｢세종특별자치시교육청 학생상담 지원 및 활성화 조례｣\n  ◦ ｢세종특별자치시교육청 학생자치활동 지원 조례｣\n  ◦ ｢위프로젝트 사업 관리·운영에 관한 규정｣\n□ 사업내용\n  ◦ 담당: 학교정책과 민주시민생활교육담당\n  ◦ 운영내용\n세부\n사업명\n[대상학교급]\n사업 내용\n지원\n단가\n예산활용\n항목 \n예산세부\n항목\n(정책-단위\n-세부사업)\n사업\n담당자\n업무추진비\n편성\n지원불가 \n항목\n3. \n관계중심\n생활교육\n운영지원\n●●●\n●●●\n※ 확대사업 목적+통합\n▸ 관계중심 생활교육 역량 강화\n(연수, 컨설팅, 기관 탐방 운영)\n▸ 학교 맞춤형 관계중심 생활\n교육 프로그램 운영(또래 조정 \n동아리 등 학생 참여형 생활\n교육 프로그램 실천 등)\n▸ 관계중심 생활교육 기반 수업 \n활동 지원\n▸ 관계중심 생활교육 실천학년 \n운영비 지원\n  - (실천학년) 총금액의 50% 이상\n∼70%까지 편성\n   유치원\n   (단위:천원)\n구분예산액\n병설\n1,000\n단설\n1,900\n초중고특각종\n   (단위:천원)\n학급예산액\n17\n이하4,000\n18\n이상6,400\n▸강사비, \n프로그램 \n운영비, \n교육활동을 \n위한 \n용품비 등\n교육활동\n지원-생활\n지도운영-\n학생생활\n상담지도\n학교\n정책과  \n장학사 \n박도희\n☎320\n-2541\n업무추진비 \n편성 가능\n▸비품구입비\n편성불가
2026학년도 학교회계 예산편성 및 집행지침	148	2026학년도 학교회계 예산편성 및 집행지침	2026학년도 학교회계 예산편성 및 집행지침\n- 148 -\n세부\n사업명\n[대상학교급]\n사업 내용\n지원\n단가\n예산활용\n항목 \n예산세부\n항목\n(정책-단위\n-세부사업)\n사업\n담당자\n업무추진비\n편성\n지원불가 \n항목\n3. \n관계중심\n생활교육\n운영지원\n●●●\n●●●\n〔관계중심 생활교육 실천학급 공동체〕\n▸ 단위학교 관계중심 생활교육 실천 \n학급 운영 희망 교사 간 공동 \n기획·운영 및 상호 교류·성찰을 \n통한 학교내 생활교육 공동체 \n문화를 실천하는 교사 네트워크\n▸ 관계중심 생활교육 학급단위 \n운영 및 교사간 사례 나눔, \n교사 서클 등 공동체 운영\n   (실천학급 공동체 운영 계획, \n보고서 제출, 연 1회 이상 \n컨설팅 참여, 실천학급 공동\n체 운영 담당자 협의회 참석) \n▸ 학교별 희망 유형 지원\n   (단, 6학급 이하 1유형 지원)\n▸ 관계중심생활교육 실천학급 운영비, \n실천학급 공동체 운영비 지원\n   신청교\n   (단위:천원)\n유형예산액\n1\n1,000\n2\n3,000\n3\n5,000\n4\n7,000\n▸교육활동을 \n위한 \n용품비, \n프로그램 \n운영비 등\n교육활동\n지원-생활\n지도운영-\n학생생활\n상담지도\n학교\n정책과  \n장학사 \n박도희\n☎320\n-2541\n업무추진비 \n편성 가능\n▸비품구입비\n편성불가\n4.\n학교폭력\n예방교육\n운영지원\n●●●\n●●●\n▸ 교육과정 연계 학교폭력예방교육 \n운영(교과 연계 어울림·사이버\n어울림 프로그램)\n▸ 학교문화 책임규약 운영\n▸ 학생 참여 및 체험 중심 학교\n폭력예방활동 운영 (학교폭력 \n예방을 위한 갈등 해결 프로그램, \n교육활동, 학교폭력 예방 캠페인 등)\n▸ 학교의 특성을 고려한 맞춤형 \n프로그램 운영\n교당 \n800천원\n▸강사비, \n프로그램 \n운영, \n교육활동을 \n위한 \n용품비 등\n교육활동\n지원-생활\n지도운영-\n학생폭력\n예방\n학교\n정책과\n장학사 \n정성혜\n☎320\n-2542\n업무추진비 \n편성 가능\n(지원금의 \n7% 이내)\n▸비품구입비\n편성불가\n5.\n학생자치\n활동운영\n지원\n●●●\n●●\n▸ 학생회장단 공약 이행\n▸ 학생회 주관 행사\n  - 학생회 운영, 봉사활동, 학생회 \n주관 연수 등\n  - 기타 다양한 학생 자치 활동\n▸ 학교 구성원이 함께하는 소통‧\n공감 토론회 운영\n▸ 학생회 주관 학교행사\n  - 입학식, 졸업식, 학교 축제 등 \n교당\n1,600천원\n▸행사물품, \n학생회 \n주관 캠프 \n외부강사 \n수당 등\n기본적\n교육활동\n-창의적\n체험활동\n-자율·자치\n활동\n학교\n정책과 \n장학사 \n황나영\n☎320\n-2544\n업무추진비 \n편성 가능\n▸비품구입비\n편성불가
2026학년도 학교회계 예산편성 및 집행지침	149	제3편 학교운영비 및 권장사업	제3편 학교운영비 및 권장사업\n- 149 -\n세부\n사업명\n[대상학교급]\n사업 내용\n지원\n단가\n예산활용\n항목 \n예산세부\n항목\n(정책-단위\n-세부사업)\n사업\n담당자\n업무추진비\n편성\n지원불가 \n항목\n6. \n위클래스\n운영지원\n●●●\n●●\n▸ 학생의 학교생활 적응력 향상과 \n학교폭력 및 학업중단 예방 지원\n▸ 학생의 심리․정서․관계 회복을 \n위한 개인․집단 상담 및 프로그램 \n운영\n▸ 학생, 학부모, 교사 대상 상담과 \n자문, 각종 상담활동 지원 등\n교당 \n2,400천원\n▸교육활동 \n운영비 \n(심리검사, \n상담교구 \n구입, \n상담활동 \n소모품 등 \n운영비, \n심리치유 \n프로그램, \n전문기관 \n치료비 \n지원 등)\n교육활동\n지원-생활\n지도운영-\n학생생활\n상담지도\n학교\n정책과  \n장학사 \n박도희\n☎320\n-2541\n업무추진비 \n편성 불가\n▸비품구입비\n편성불가\n7.\n학업중단 \n숙려제 \n지원\n●●\n※ 확대사업 목적+통합\n▸ 학업중단 위기 및 학교 부적응 \n학생 대상 학업중단 예방 숙려제 \n프로그램 운영\n▸ 연간 49일 이내(7주, 2회 신청)\n중\n(교당 \n1,000천원)\n고\n(교당 \n2,000천원)\n▸프로그램\n운영비, \n강사비, \n멘토링비, \n용품비 등 \n교육활동비\n교육활동\n지원-생활\n지도운영-\n학생생활\n상담지도\n학교\n정책과\n장학사 \n김영선\n☎320\n-2543\n업무추진비 \n편성 불가\n▸비품구입비\n편성불가
2026학년도 학교회계 예산편성 및 집행지침	150	2026학년도 학교회계 예산편성 및 집행지침	2026학년도 학교회계 예산편성 및 집행지침\n- 150 -\n사업명\n12-3. 창의융합정보지원\n기존 þ  \n신규 □  \n소속\n학교정책과\n직ㆍ성명ㆍ연락처\n장학사 배은희(320-2536)\n□ 사업목적\n  ◦ 탐구·활동 중심 수학교실 운영 지원\n  ◦ 발명교육 활성화를 위한 발명교육센터 운영\n  ◦ 영재교육기관 지원으로 영재교육과정 운영\n□ 관련근거 \n  ◦ ｢영재교육진흥법｣ 및 동법 시행령\n  ◦ ｢세종특별자치시교육청 발명교육 활성화 및 지원에 관한 조례｣\n  ◦ ｢2026 세종미래학교 통합예산 추진 계획｣(학교정책과-16094, 2025.8.12.)\n  ◦ ｢2026년 수학교육 추진계획｣(교육부 학교교수학습혁신과-868)\n□ 사업내용\n  ◦ 담당: 학교정책과 창의융합정보담당, 학교정책기획담당\n  ◦ 운영내용\n세부\n사업명\n[대상학교급]\n사업 내용\n지원\n단가\n예산활용\n항목 \n예산세부\n항목\n(정책-단위\n-세부사업)\n사업\n담당자\n업무추진비\n편성\n지원불가 \n항목\n8. \n탐구활동\n중심수학\n교육지원\n●●●\n▸학교교육과정계획의 특색사업 \n및 교육목표, 학습자 특성, 학교급 \n등을 고려하여 주제중심 수학\n탐구동아리 1개이상 (필수)운영\n▸(동아리 운영) 주제중심 수학탐구 \n동아리(수학문제 해결 등) \n▸(수학교육프로그램) 교내 수학\n교육프로그램 운영, 창의융합교육\n축제참가, 수학탐구대회 준비 등\n학급당\n80천원\n▸주제중심 \n  탐구 동아리 \n운영비 \n(재료 및 \n교구구입비)\n수학교육 \n프로그램 \n운영비\n기본적\n교육활동\n-교과활동\n-수학교과\n활동\n학교\n정책과  \n장학사 \n배은희\n☎320\n-2536\n업무추진비 \n편성 불가\n▸시설설비 \n설치, \n디지털 \n기기 및 \n사무용품 \n경비 \n사용불가
2026학년도 학교회계 예산편성 및 집행지침	151	제3편 학교운영비 및 권장사업	제3편 학교운영비 및 권장사업\n- 151 -\n세부\n사업명\n[대상학교급]\n사업 내용\n지원\n단가\n예산활용\n항목 \n예산세부\n항목\n(정책-단위\n-세부사업)\n사업\n담당자\n업무추진비\n편성\n지원불가 \n항목\n9.\n발명교육\n센터지원\n●\n▸발명교육 \n활성화를 \n위한 \n발명교육 센터 운영\n▸발명교육센터 정규‧영재과정 운영\n▸발명교육센터 \n기타특색교육 \n운영\n▸교육공동체를 대상으로 하는 \n발명교육 프로그램 운영\n▸학생 교육과정 다양화 등을 \n위한 발명교육 행사 운영 및 \n지원 등\n참샘초 1교\n50,000천원\n▸기자재구입, \n연수물품, \n외부강사 \n수당 등\n선택적\n교육활동\n-기타 \n선택적\n교육활동\n-창의 \n교육운영\n학교\n정책과  \n장학사 \n김미연\n☎320\n-2534\n업무추진비 \n편성 가능\n▸시설비지출 \n자제  \n(필요시 \n사전협의)\n10. \n영재교육\n기관지원\n●●●\n▸ 영재학급 21교, 37개 학급 운영\n▸ 세종과학예술영재학교 영재\n교육원 3학급(39,000천원) \n▸ 사회통합영재학급 4개교 운영\n  -교당 2,250천원 추가 지원\n▸ 수학, 과학, 정보, 인문, 발명, \n정보AI 분야의 영재교육과정 운영\n▸ 영재입학전형 실시에 따른 \n지원(3월)\n▸ 사사과정, 체험학습을 위한 \n교육과정 운영\n▸ 영재교육 교육과정 운영울 \n위한 교구‧기자재‧설비 구축, \n자료 제작‧인쇄, 연수 및 \n홍보 등 \n학급당  \n8,000천원\n사회통합\n(읍면)추가 \n2,250천원\n▸강사비,재료비, \n협의회비, \n연구비, \n현장체험학습비 \n등\n선택적\n교육활동\n-기타 \n선택적\n교육활동\n-창의 \n교육운영\n학교\n정책과  \n장학사 \n이성기\n☎320\n-2514\n업무추진비 \n편성 가능\n▸담당교원 \n연구비 \n지급가능1인 \n연간 500천원 \n이내\n▸영재강사는 \n일반강사3에 \n준하여 집행) \n▸영재교육과정 \n중 실시되는 \n현장체험학습경비, \n교재비, 재료비 \n등 수익자 \n부담가능 \n단,사회적배려\n대상학생은 \n자비부담 \n경감 및 면제\n※ 2025 통합교부예산 세부사업 종료 및 변경\n - [세종미래학교]-[창의융합교육지원]-[학교내무한상상실운영지원]: 사업종료\n - [세종미래학교]-[창의융합교육지원]-[지능형과학실활용운영지원]: 단독 통합교부사업으로 변경
2026학년도 학교회계 예산편성 및 집행지침	152	2026학년도 학교회계 예산편성 및 집행지침	2026학년도 학교회계 예산편성 및 집행지침\n- 152 -\n사업명\n12-4 유아교육지원\n기존 þ  \n신규 □ \n소속\n유초등교육과\n직ㆍ성명ㆍ연락처\n장학사 장유진(320-2111)\n□ 사업목적\n  ◦ 교육공동체가 함께 만들어가는 유치원 아이다움교육과정 운영 지원\n□ 관련근거 \n  ◦ ｢세종미래학교 추진 계획｣\n  ◦ ｢2026 세종미래학교 통합예산 추진 계획｣(학교정책과-16094, 2025.8.12.)\n□ 사업내용\n  ◦ 담당: 유초등교육과 유아교육담당, 세종교육원 유아교육부 \n  ◦ 운영내용\n세부\n사업명\n[대상학교급]\n사업 내용\n지원\n단가\n예산활용\n항목 \n예산세부\n항목\n(정책-단위\n-세부사업)\n사업\n담당자\n업무추진비\n편성\n지원불가 \n항목\n11. \n아이다움\n교육과정\n운영지원\n●\n▸우리유치원 교육과정 개발 \n및 운영\n▸우리유치원 연령별 교육과정 \n개발 및 운영\n▸학부모 협의체(놀이,동아리) 운영\n▸유치원교원 전문적 학습공동체\n운영\n - 교육과정, 수업, 평가, 생활\n교육 중심의 주제로 운영\n(단순 취미, 힐링 자제)\n - 매주 수요일 전문적학습\n공동체의 날 운영(권장)\n  ※ 학교 밖 전문적학습공동체 운영의 날 제외\n - 학교 자율 장학과 연계 운영\n학급당 \n2,100천원\n▸유치원교육과정 \n운영비\n▸전문적학습공동체\n운영비\n▸학부모협의체 \n운영비 등 \n교육과정에 \n필요한 운영비\n기본적\n교육활동\n-교과활동\n-교과활동 \n지원\n[전학공]\n인적자원\n운용 \n-교직원\n복지 및 \n역량강화\n-교직원\n역량강화\n유초등\n교육과  \n장학사 \n장유진\n☎320\n-2111\n업무추진비 \n편성 가능\n▸해당사업 \n운영과 무관한 \n예산집행금지\n▸비품구입비 \n편성불가
2026학년도 학교회계 예산편성 및 집행지침	153	제3편 학교운영비 및 권장사업	제3편 학교운영비 및 권장사업\n- 153 -\n세부\n사업명\n[대상학교급]\n사업 내용\n지원\n단가\n예산활용\n항목 \n예산세부\n항목\n(정책-단위\n-세부사업)\n사업\n담당자\n업무추진비\n편성\n지원불가 \n항목\n12.\n생태유아\n교육지원\n●●\n※ 확대사업 목적+통합\n▸유아 숲, 생태 관련 교육활동 \n운영 지원\n - 유아 숲생태 교육활동 운영비\n - 교육공동체 연수 및 교육지원\n▸전환형 숲·생태유치원 해당 사항\n - 대상: 두루유, 올망유, 가득유\n - 숲생태유치원 운영을 위한 \n비품, 시설비, 환경개선비 \n예산의 70%까지 편성 가능\n - 별도 안내에 따른 계획서, \n결과보고서, 정산서 제출 필수\n1) 유치원\n학급당 \n1,000천원\n▸숲, 생태 \n교육과정 운영에 \n따른 교육활동 \n운영비\n - 운영물품\n - 재료비\n - 입장료\n - 강사비 등\n기본적\n교육활동\n-교과활동\n-유치원\n교과활동\n기본적\n교육활동\n-창의적\n체험활동\n-현장체험\n학습활동\n선택적 \n교육활동\n-기타 \n선택적 \n교육활동\n-환경교육\n운영‘\n교육활동\n지원\n-교육여건\n개선\n-교육환경\n개선\n유초등\n교육과  \n장학사 \n현윤희\n☎320\n-2113\n▸해당사업 \n운영과 무관한 \n예산집행금지\n2) 전환형 \n숲생태유치원 \n두루유, 올망유\n가득유\n20,000천원\n추가지원\n▸숲, 생태 \n교육과정 운영에 \n따른 교육활동 \n운영비\n - 운영물품\n - 재료비\n - 입장료\n - 강사비 등\n▸ 비품구입, \n시설비 \n70%까지 \n편성가능\n▸ 업무추진비\n5%이내 \n편성 가능\n업무추진비 \n편성 가능\n13.  \n어깨동무\n유치원\n운영지원\n●\n▸읍면지역 소규모병설유치원 \n체험활동\n▸협의체 구축\n▸전문적학습공동체 운영\n -연수 및 교육지원\n▸공동교육과정 운영 지원\n -공동행사 운영비\n중심유치원\n3,600천원\n▸체험비, \n물품구입비,\n차량임차료,\n강사비\n기본적\n교육활동\n-창의적\n체험활동\n-현장체험\n학습활동\n유초등\n교육과  \n장학사 \n김혜진\n☎320\n-2112\n업무추진비 \n편성 가능\n▸해당사업 \n운영과 무관한 \n예산집행금지\n▸비품구입비 \n편성불가
2026학년도 학교회계 예산편성 및 집행지침	154	2026학년도 학교회계 예산편성 및 집행지침	2026학년도 학교회계 예산편성 및 집행지침\n- 154 -\n세부\n사업명\n[대상학교급]\n사업 내용\n지원\n단가\n예산활용\n항목 \n예산세부\n항목\n(정책-단위\n-세부사업)\n사업\n담당자\n업무추진비\n편성\n지원불가 \n항목\n14. \n유·초\n이음교육 \n운영지원\n●●\n※ 전환사업 목적→통합\n▸유·초 이음교육 운영 전반\n - 개정 누리과정에 기반한 \n유·초 연계 교육과정 운영\n - 유·초 교원 전문적 학습공동체 \n구성\n - 맞춤형 컨설팅 실시 교원\n역량 강화 연수 실시 등\n - 학부모 연수 실시\n5세 유아 \n포함 \n학급당 \n1,050천원\n▸유·초 이음 \n교육운영에 \n따른 교육활동 \n운영비\n - 운영물품\n - 재료비\n - 입장료\n - 강사비 등\n기본적\n교육활동\n-교과활동\n-유치원\n교과활동\n기본적\n교육활동\n-창의적\n체험활동\n-현장체험\n학습활동\n유초등\n교육과  \n장학사 \n현윤희\n☎320\n-2113\n업무추진비 \n편성 가능\n(지원금의 \n5% 이내)\n▸자산취득비 \n(비품, 시설비) \n편성 불가\n▸해당사업 \n운영과 무관한 \n예산집행금지\n15. \n마을\n배움터\n운영지원\n●\n▸마을과 연계한 체험활동, \n협의체 구축, 인적‧물적 자원 \n활용을 통한 유치원 교육\n과정 운영 지원\n - (체험활동) 마을배움터 연계\n활동으로 우리 마을 돌아\n보기, 공공기관 방문 등 \n체험활동 \n - (협의체 구축) 마을배움터 \n운영 사전협의회 실시, 유아교육 \n나눔의 날 운영을 통한 \n운영사례 공유, 유치원-지역\n사회 상호간 교육공동체 \n기반 조성   \n - (마을자원 활용) 전문가, 마을\n교사, 학부모 등 인적 자원 \n및 공공기관, 가게, 숲, 공원 \n등 물적 자원 활용 \n1학급\n800천원\n \n5학급이하\n1,200천원\n6학급이상\n1,600천원\n▸체험비, \n물품구입비 \n차량임차료 \n강사비\n기본적\n교육활동\n-창의적\n체험활동\n-현장체험\n학습활동\n교육원\n유아\n교육부\n연구사 \n동정숙\n☎902\n-1351\n업무추진비 \n편성 불가\n▸비품구입비\n불가\n▸일회성 행사 \n지양
2026학년도 학교회계 예산편성 및 집행지침	155	제3편 학교운영비 및 권장사업	제3편 학교운영비 및 권장사업\n- 155 -\n사업명\n12-5 초등교육지원\n기존 þ  \n신규 □ \n소속\n유초등교육과\n직ㆍ성명ㆍ연락처\n장학사 이정미(320-2121)\n□ 사업목적\n  ◦ 학교 자치로 만들어가는 초등 세종미래학교 운영 지원 \n□ 관련근거 \n  ◦ ｢세종미래학교 추진 계획｣\n  ◦ ｢2026 세종미래학교 통합예산 추진 계획｣(학교정책과-16094, 2025.8.12.)\n□ 사업내용\n  ◦ 담당: 유초등교육과 초등교육담당\n  ◦ 운영내용\n세부\n사업명\n[대상학교급]\n사업 내용\n지원\n단가\n예산활용\n항목 \n예산세부\n항목\n(정책-단위\n-세부사업)\n사업\n담당자\n업무추진비\n편성\n지원불가 \n항목\n16. \n초등 \n생각자람\n교육과정\n운영지원\n●\n▸생각자람교육과정운영지원\n - 학교 고유의 창의적 교육\n과정 개발·운영 \n - 학교중점교육활동, 학년중점\n교육활동, 학교자율시간 개발·운영\n - 놀이활동 시간 안전관리를 \n위해 사용 가능\n공통지원금\n(15,600천원)\n+추가지원금\n      (단위:천원)\n학급 수\n예산액\n20이하20,000\n21～25 23,000\n26～30 26,000\n31～35 30,000\n36～40 34,000\n41～45 38,000\n46～50 42,000\n51～55 47,000\n56～60 52,000\n61이상57,000\n※동지역 혁신자치\n학교, 작은학교\n(12교)추가지원금 \n없음\n▸교육과정 운영에 \n따른 학생 직접 \n교육활동 운영비 \n(강사비, 재료비, \n입장료 등)\n기본적\n교육활동\n-교과활동\n-교과활동 \n지원\n기본적\n교육활동\n-창의적\n체험활동-\n자율활동\n현장체험\n학습활동,\n동아리활동, \n봉사활동\n유초등\n교육과  \n장학사 \n이정미\n☎320\n-2121
2026학년도 학교회계 예산편성 및 집행지침	156	2026학년도 학교회계 예산편성 및 집행지침	2026학년도 학교회계 예산편성 및 집행지침\n세부\n사업명\n[대상학교급]\n사업 내용\n지원\n단가\n예산활용\n항목 \n예산세부\n항목\n(정책-단위\n-세부사업)\n사업\n담당자\n업무추진비\n편성\n지원불가 \n항목\n16. \n초등 \n생각자람\n교육과정\n운영지원\n●\n▸전문적학습공동체운영\n - 교육과정, 수업, 평가, 생활\n교육 중심의 주제로 운영\n(단순 취미, 힐링 자제)\n - 매주 수요일 전문적학습\n공동체의 날 운영(권장)\n(학교 밖 전문적학습공동체 \n운영의 날 제외 必)\n - 학교 자율 장학과 연계 운영\n전문적학습 \n공동체운영비\n(학급수*100천원)\n▸전문적학습\n공동체운영비\n[전학공]\n인적자원\n운용 \n-교직원\n복지 및 \n역량강화\n-교직원\n역량강화\n[전학공]\n학교\n정책과  \n장학사 \n이주화\n☎320\n-2512\n업무추진비 \n편성 가능\n▸비품구입비 \n편성불가\n17.\n읍면지역\n특성화\n교육과정\n운영학교\n지원\n●●●\n【초등학교】\n▸작은학교 특색교육과정 운영 \n지원\n▸작은학교 교육력 제고를 위한 \n공동교육과정 및 학생 프로그램 \n운영 지원\n공통지원금\n(15,000천원)\n+학교수요반영 \n차등 지원\n+공동교육과정 \n운영비 지원\n  (신청교당 \n3,000천원)\n▸작은학교 \n특색교육과정 \n운영을 위한 \n학생교육활동\n운영비(강사비, \n재료비 등)\n▸공동교육과정 \n운영을 위한 \n작은학교간 \n전문적학습 \n공동체운영\n기본적 \n교육활동-\n교과활동-\n교과활동 \n지원\n기본적 \n교육활동-\n창의적 \n체험활동-\n자율활동\n현장체험 \n학습활동,\n동아리활동, \n봉사활동\n●\n유초등\n교육과  \n장학사 \n이정미\n☎320\n-2121\n업무추진비 \n편성 가능\n▸비품구입비 \n편성불가\n【중학교】\n▸읍·면 지역 학교 여건을 반영한 \n특색 교육과정 운영 지원 \n▸강점 기반 교육과정 운영 지원으로 \n읍면지역 중학교 교육력 제고  \n교당 \n10,000천원 \n∼20,000천원 \n차등 지급\n▸강사수당, \n연수비, \n프로그램 \n운영비,교육\n활동비 등\n기본적 \n교육활동\n-교과활동\n-교과활동 \n지원\n기본적 \n교육활동\n-창의적 \n체험활동-\n자율활동\n현장체험 \n학습활동,\n동아리활동, \n봉사활동\n●\n중등\n교육과  \n장학사 \n박민아\n☎320\n-2211\n업무추진비 \n편성 가능\n▸비품구입비 \n편성불가\n【고등학교】\n▸읍·면 지역 학교 교육과정 \n특성화 및 운영시스템 구축 \n▸읍·면 지역 교육력 제고를 위한 \n학생 프로그램 운영 지원\n사업대상교 \n교당 \n5,000천원\n▸강사수당, \n연수비, \n프로그램 \n운영비,교육\n활동비 등\n●\n중등\n교육과  \n장학사 \n유주현\n☎320\n-2215\n업무추진비 \n편성 가능\n▸비품구입비 \n편성불가
2026학년도 학교회계 예산편성 및 집행지침	157	제3편 학교운영비 및 권장사업	제3편 학교운영비 및 권장사업\n- 157 -\n세부\n사업명\n[대상학교급]\n사업 내용\n지원\n단가\n예산활용\n항목 \n예산세부\n항목\n(정책-단위\n-세부사업)\n사업\n담당자\n업무추진비\n편성\n지원불가 \n항목\n18. \n특색 \n교육과정\n운영을 \n위한 \n학교환경\n개선사업\n지원\n●\n※ 전환사업 목적→통합\n【초등학교】\n▸읍면지역 특색교육과정 운영 \n지원을 위한 학교환경개선\n사업[세종꿈마루 통합사업 \n연계] 지원\n교당 \n31,500천원\n촉진자용역비\n포함\n▸반드시 \n특색교육과정 \n연계 공간 \n구성에 사용\n기본적\n교육활동\n-교과활동\n-교과활동 \n지원\n유초등\n교육과  \n장학사 \n이정미\n☎320\n-2121\n업무추진비 \n편성 가능\n▸해당 공간에서 \n특색교육과정 \n운영을 위해 \n필요한 비품 \n구입비 편성 가능 \n(촉진자 용역비 \n제외하고 \n50% 이하 편성)
2026학년도 학교회계 예산편성 및 집행지침	158	2026학년도 학교회계 예산편성 및 집행지침	2026학년도 학교회계 예산편성 및 집행지침\n- 158 -\n사업명\n12-6 중등교육지원\n기존 þ  \n신규 □ \n소속\n중등교육과\n직ㆍ성명ㆍ연락처\n장학사 박민아(320-2111)\n□ 사업목적\n  ◦ 세종 중학교 나다움 성장 교육과정 운영 지원\n  ◦ 학생 진로 맞춤형 중‧고 연계 교육과정 강화\n  ◦ 고등학교 미래지음 교육과정 지원으로 단위학교 고교학점제 운영 역량 강화 \n□ 관련근거 \n  ◦ ｢초·중등교육법｣ 제23조 및 제48조 \n  ◦ ｢세종미래학교 추진 계획｣\n  ◦ ｢2026 세종미래학교 통합예산 추진 계획｣(학교정책과-16094, 2025.8.12.)\n□ 사업내용\n  ◦ 담당: 중등교육과 중등교육과정담당, 중등장학담당, 직업교육담당\n  ◦ 운영내용\n세부\n사업명\n[대상학교급]\n사업 내용\n지원\n단가\n예산활용\n항목 \n예산세부\n항목\n(정책-단위\n-세부사업)\n사업\n담당자\n업무추진비\n편성\n지원불가 \n항목\n19. \n중학교 \n나다움\n성장교육\n과정지원\n●\n▸자유학기(1학년)-학습탐구집중\n학년(2학년)-진로집중학년\n(3학년) 등 교육활동 운영비 지원\n▸학교자율시간 운영을 위한 \n교육활동비 지원\n▸교육과정 관련 학생 동아리\n(과학, 수학, 정보, 환경 등) 지원\n▸전문적학습공동체운영\n - 교육과정, 수업, 평가, 생활교육, \n진로교육 등 학교 고유의 \n창의적교육과정 개발 운영을 \n위한 주제로 운영(단순 취미, \n친목도모 등 교육과정과 \n관련성 적은 활동 자제)\n - 매주 수요일 전문적학습공동체의 \n날 운영(권장), 학교 밖 전문적\n학습공동체 운영의 날은 제외\n - 학교 자율 장학과 연계한 \n전문적학습공동체 운영 권장\n학급수, 학생수, \n학교 수요를 \n반영하여 \n학교별 차등 지급\n학교별  2개 이상 \n동아리 활동 권장\n전문적학습 \n공동체운영비\n(학급수*100천원)\n▸자유학기, \n학습탐구 \n집중학년, \n진로집중 \n학년,학교 \n자율시간  \n운영을 위한 \n교육운영비, \n외부강사 수당 등 \n활용 가능\n기본적\n교육활동-\n자유학기 \n(년)활동-\n자유학기\n활동\n[전학공]\n인적자원\n운용 \n-교직원\n복지 및 \n역량강화\n-교직원\n역량강화\n중등\n교육과  \n장학사 \n박민아\n☎320\n-2211\n업무추진비 \n편성 가능\n▸비품구입비 \n편성불가
2026학년도 학교회계 예산편성 및 집행지침	159	제3편 학교운영비 및 권장사업	제3편 학교운영비 및 권장사업\n- 159 -\n세부\n사업명\n[대상학교급]\n사업 내용\n지원\n단가\n예산활용\n항목 \n예산세부\n항목\n(정책-단위\n-세부사업)\n사업\n담당자\n업무추진비\n편성\n지원불가 \n항목\n20.\n미래지음\n고교\n학점제\n지원\n●●\n▸고교학점제 도입에 따라 학생의 \n진로탐색 및 학업 역량 함양을 \n위한 일반고 특성화 교육과정 \n운영 지원\n▸전문적학습공동체운영\n - 교육과정, 수업, 평가, 생활교육, \n진로교육 등 학교 고유의 창의적\n교육과정 개발 운영을 위한 \n주제로 운영(단순 취미, 친목도모 등 \n교육과정과 관련성 적은 활동 \n자제)\n - 매주 수요일 전문적학습공동체의 \n날 운영(권장), 학교 밖 전문적\n학습공동체 운영의 날은 제외\n - 학교 자율 장학과 연계한 전문적\n학습공동체 운영 권장\n    (단위:천원)\n학급예산액\n∼22\n60,000\n23∼27 66,000\n28∼32 72,000\n33∼37 78,000\n38∼\n84,000\n전문적학습 \n공동체운영비\n(학급수*100천원)\n▸학생 과목선택권 \n확대를 목적으로 \n한 외부강사수당\n▸학생, 교원, 학부모 \n대상 고교학점제 \n관련 행사운영비\n▸고교학점제 안착을 \n위한 교육프로그램 \n운영비\n기본적\n교육활동\n-교과활동\n-교과활동 \n지원\n[전학공]\n인적자원\n운용 \n-교직원\n복지 및 \n역량강화\n-교직원\n역량강화\n중등\n교육과  \n장학사 \n윤진숙\n☎320\n-2214\n업무추진비 \n편성 가능\n(예산액의 \n6% 이내)\n▸교원의 단순 업무\n경감 지원비\n▸정규근무시간 \n소속교사강사수당\n▸시설비\n21.\n특화\n교육과정\n운영교\n지원\n●\n※ 전환사업 목적→통합\n▸고교학점제 도입에 따른 일반고 \n학생의 다양한 진로 및 학업 역량 \n강화를 위한 특화 교육과정 운영\n2,3학년 \n자연계열 \n중점과정\n:8,500천원\n2,3학년 \n인문·예술 \n계열 \n중점과정\n:6,500천원\n1학년 \n중점과정별\n:4,000천원\n특색프로그램 \n운영교\n:5,500천원\n▸중점과정 교수학습 \n활동을 위한 일반 \n수용비\n▸중점과정 교육과정 \n선택 과목 확대,\n중점과정 특강 및 \n캠프 운영을 위한 \n강사비\n▸중점과정 교수학습\n활동 지원 프로\n그램 운영을 위한 \n교육운영비 등\n기본적\n교육활동\n-교과활동\n-교과활동 \n지원\n중등\n교육과  \n장학사 \n윤진숙\n☎320\n-2214\n업무추진비 \n편성 가능\n(예산액의 \n6% 이내)\n▸단순 교사 수업\n시수 경감을 위한 \n수당 \n▸정규근무시간 \n소속교사강사수당\n▸시설비
2026학년도 학교회계 예산편성 및 집행지침	160	2026학년도 학교회계 예산편성 및 집행지침	2026학년도 학교회계 예산편성 및 집행지침\n- 160 -\n세부\n사업명\n[대상학교급]\n사업 내용\n지원\n단가\n예산활용\n항목 \n예산세부\n항목\n(정책-단위\n-세부사업)\n사업\n담당자\n업무추진비\n편성\n지원불가 \n항목\n22.\n일반고\n직업교육\n위탁과정\n지원\n●\n▸일반고 직업교육 위탁과정 운영 \n및 희망교에 대한 운영비 지원\n▸직업교육 위탁과정 참여 희망 \n및 참여 학생‧학부모 대상 \n설명회, 위탁학생 체험활동 및 \n동아리 활동, 방과후활동, \n자격증 취득 준비 등 지원\n▸직업적성검사, 전문상담 등 \n위탁학생 대상 상담활동 지원\n▸직업교육 \n위탁과정 \n기관 \n사전‧사후 점검 지원\n▸직업교육 위탁과정 참여 학생 \n격려 및 생활 지도 등 지원 \n교당\n640천원\n▸운영물품\n▸강사비\n선택적\n교육활동-\n직업교육-\n직업교육\n운영\n중등\n교육과  \n장학사 \n김세나\n☎320\n-2232\n업무추진비 \n편성 가능\n▸기자재 및 자산\n취득성 물품 구입 \n등 사업 목적과 \n무관한 예산 집행 \n불가\n23.\n역사독도\n교육지원\n●●●\n▸학생 참여 중심의 지역사 탐구 \n활동을 통한 역사교육 활성화 \n지원\n▸지역사 관련 문헌조사, 답사 \n등을 통한 탐구 활동 및 교육 \n콘텐츠 제작\n▸독도교육주간·독도학생동아리 \n등 학교 현장에서 체험과 참여 \n중심의 독도교육 수업 프로그램 \n운영으로 독도교육 활성화 및 \n내실화\n교당\n1,152천원\n▸교육운영비\n▸운영물품\n▸강사비\n기본적\n교육활동-\n교과활동\n사회 \n교과활동\n기본적\n교육활동-\n창의적\n체험활동-\n자율·자치\n활동, \n동아리\n활동\n중등\n교육과  \n주무관 \n권기정\n☎320\n-2233\n백숙현\n☎320\n-2226\n업무추진비 \n편성 가능\n▸비품구입비 \n편성불가
2026학년도 학교회계 예산편성 및 집행지침	161	제3편 학교운영비 및 권장사업	제3편 학교운영비 및 권장사업\n- 161 -\n사업명\n12-7 국제외국어교육지원\n기존 þ  \n신규 □ \n소속\n중등교육과\n직ㆍ성명ㆍ연락처\n장학사 홍인선(320-2223)\n□ 사업목적\n  ◦ 교실 공간을 넘어 세계로 넘나드는 국제 이해 및 세계시민 역량 강화 지원  \n□ 관련근거 \n  ◦ ｢교육기본법｣ 제29조 제1항\n  ◦ ｢세종특별자치시교육청 국제교류활성화 조례｣ 제7조 학교지원\n□ 사업내용\n  ◦ 담당: 중등교육과 중등장학담당\n  ◦ 운영내용\n세부\n사업명\n[대상학교급]\n사업 내용\n지원\n단가\n예산활용\n항목 \n예산세부\n항목\n(정책-단위\n-세부사업)\n사업\n담당자\n업무추진비\n편성\n지원불가 \n항목\n24. \n국제교류\n협력학교\n지원\n●●●\n▸국제교류 협력학교: 국제사회를 \n이해하고 세계시민으로 성장하기 \n위한 다양한 주제의 프로젝트를 \n해외 협력학교와 함께 수행\n - 학년/학급/동아리 주제 중심 \n프로젝트, 학교 특색사업 등으로 \n운영하며 해외 협력학교는 \n교육청에서 매칭 지원\n - 영어, 한국어, 기타 언어로 진행 \n가능\n▸공동프로젝트 운영을 위한 수업 \n재료비, 제반비용 등 일체 활용\n▸연계성 있는 국제공동프로젝트 \n운영을 위한 해외 협력학교의 \n초청교류 운영을 통한 공동프로젝트 \n형태 다양화 \n국제공동\n프로젝트 \n운영학교 \n교당 \n3,000천원\n▸수업중심 국제 \n공동프로젝트 \n수행을 위한 \n수업 재료, 교재 \n및 교구, 컬처\n박스, 우편료, \n해외협력학교 \n내방교류 시\n체험비 등 \n선택적\n교육활동-\n국제교육-\n국제교육\n운영\n중등\n교육과  \n장학사 \n홍인선\n☎320\n-2223\n업무추진비 \n편성 가능\n▸비품구입비 \n편성불가
2026학년도 학교회계 예산편성 및 집행지침	162	2026학년도 학교회계 예산편성 및 집행지침	2026학년도 학교회계 예산편성 및 집행지침\n- 162 -\n세부\n사업명\n[대상학교급]\n사업 내용\n지원\n단가\n예산활용\n항목 \n예산세부\n항목\n(정책-단위\n-세부사업)\n사업\n담당자\n업무추진비\n편성\n지원불가 \n항목\n25. \n외국어 \n교육지원\n●●\n▸(영어놀이터) 즐겁게 배우고 \n학습하는 영어교육 환경 조성을 \n위한 영어 놀이터 운영 지원\n▸(영어캠프) 영어 원어민 보조 \n교사를 활용한 기초 의사소통 \n능력 향상 캠프\n영어놀이터, \n영어캠프 \n운영비\n 교당 \n1,000천원\n(7학급 이하 \n500천원)\n▸영어놀이터: \n도서,학습교구․\n기자재, 자기\n주도 학습 프로\n그램 강사료,\n자료 제작․ 인쇄,,\n협의회 등\n▸영어 \n캠프: \n의사소통 능력 \n향상 등 영어\n캠프 \n운영비, \n학습 \n준비물 \n등 지원\n기본적\n교육활동-\n교과활동-\n외국어 \n교과활동\n중등\n교육과  \n장학사 \n차의진\n☎320\n-2225\n업무추진비 \n편성 가능\n▸비품구입비 \n편성불가
2026학년도 학교회계 예산편성 및 집행지침	163	제3편 학교운영비 및 권장사업	제3편 학교운영비 및 권장사업\n- 163 -\n사업명\n12-8 예술체육교육지원\n기존 þ  \n신규 □ \n소속\n중등교육과\n직ㆍ성명ㆍ연락처\n장학사 김종석(320-2241)\n□ 사업목적\n  ◦ 체육활동 참여 기회 확대 및 학생들의 자기주도적 건강관리 역량 신장\n  ◦ 창의 융합형 예술 인재 양성 및 문화 향유 역량 강화\n□ 관련근거 \n  ◦ ｢학교체육진흥법｣, ｢세종특별자치시교육청 생존수영교육지원 조례｣ \n  ◦ ｢문화예술교육 진흥법｣, ｢세종특별자치시 문화예술교육지원 조례｣ \n□ 사업내용\n  ◦ 담당: 중등교육과 체육예술담당\n  ◦ 운영내용\n세부\n사업명\n[대상학교급]\n사업 내용\n지원\n단가\n예산활용\n항목 \n예산세부\n항목\n(정책-단위\n-세부사업)\n사업\n담당자\n업무추진비\n편성\n지원불가 \n항목\n26. \n초등생존\n수영지원\n●●\n▸(초등) 초등생존수영 실기교육\n① ′26학년도 3~4학년 10차시 \n   필수 운영\n  ② (교육비) 10차시 기준 60,000원\n▸(특수) 필수 운영 차시 없음. \n추후 수요조사 결과에 따라 \n교육비 반영 예정\n① 일반학교 특수교육대상자 \n   10차시 기준 750,000원\n② 특수학교 4차시 기준 300,000원 \n※ 학교별 수영장 확정 시 조정\n※ (학교지원본부) 버스계약 및 \n보조인력인건비 지원 사항은 \n학교지원본부에서 안내 예정\n(초등, 10차시) \n60,000원×학생수\n(특수) \n교육비 추후 반영\n▸운영물품\n▸교육비\n▸간식비\n▸차량 임차비\n기본적\n교육활동\n-교과활동\n-체육 \n교과활동\n중등 \n교육과  \n장학사 \n김재동\n☎320\n-2243\n업무추진비 \n편성 불가\n▸비품구입비 \n편성불가
2026학년도 학교회계 예산편성 및 집행지침	164	2026학년도 학교회계 예산편성 및 집행지침	2026학년도 학교회계 예산편성 및 집행지침\n- 164 -\n세부\n사업명\n[대상학교급]\n사업 내용\n지원\n단가\n예산활용\n항목 \n예산세부\n항목\n(정책-단위\n-세부사업)\n사업\n담당자\n업무추진비\n편성\n지원불가 \n항목\n27. \n건강체력\n교실운영\n지원\n●●●\n●●\n▸주기적 건강 체력 평가(PAPS) 측정\n▸체력 요소별, 개인별 특성 고려한 \n프로그램 운영\n▸교내 학교스포츠클럽 연계 운영\n▸저체력⸱비만예방, 운동 습관 형성을 \n위한 건강 체력교실 운영\n▸건강체력교실 운영 담당자 지도수당\n(시간당 4만원 편성 가능(40% 이내))\n학급당 \n49천원\n15학급 이하 \n교당 \n735천원\n▸교육운영비\n▸강사비\n기본적\n교육활동\n-교과활동\n-교과활동 \n지원\n중등 \n교육과  \n장학사 \n김재동\n☎320\n-2243\n업무추진비 \n편성 불가\n▸비품구입비 \n편성불가  \n28.\n교내\n스포츠\n리그\n운영지원\n●●●\n●●\n▸학급 단위 교내 스포츠리그 운영\n▸학교스포츠클럽 전담교사 지도수당\n(월3만원, 연36만원 가능)\n▸1학생 1스포츠 활동을 위한 학생\n중심 스포츠리그 운영\n▸체육교육과정 연계 스포츠리그 \n운영\n학급당 \n65천원\n12학급 이하 \n교당 \n780천원\n▸교육운영비\n기본적\n교육활동-\n창의적\n체험활동-\n동아리\n활동\n중등 \n교육과  \n장학사 \n김종석\n☎320\n-2241\n업무추진비 \n편성 불가\n▸비품구입비 \n편성불가  \n29. \n중학교\n교육과정\n스포츠\n클럽지원\n●●\n▸지역 체육시설 이용 시 이용료\n▸지역 체육시설 활용이 어려운 \n학교의 경우 시설이용료를 학교\n스포츠클럽활동에 필요한 체육교구·\n용품 구입비, 시설확충비로 사용 가능\n학급당 \n55천원\n12학급 이하 \n교당 \n660천원\n▸비품구입비\n▸시설확충비\n기본적\n교육활동-\n창의적\n체험활동-\n자율·자치\n활동, \n동아리\n활동\n중등 \n교육과  \n장학사 \n김종석\n☎320\n-2241\n업무추진비 \n편성 불가\n▸강사비 \n편성불가
2026학년도 학교회계 예산편성 및 집행지침	165	제3편 학교운영비 및 권장사업	제3편 학교운영비 및 권장사업\n세부\n사업명\n[대상학교급]\n사업 내용\n지원\n단가\n예산활용\n항목 \n예산세부\n항목\n(정책-단위\n-세부사업)\n사업\n담당자\n업무추진비\n편성\n지원불가 \n항목\n30.\n365+\n체육온\n활동지원\n●●●\n●●\n※ 전환사업 목적→통합\n▸단위 학교에서 학생 주도 체육\n온동아리 개설·운영\n▸창의적 체험활동 동아리, 학교\n스포츠클럽, 방과후활동, 자율 \n동아리 및 체육수업과 연계한 \n다양한 형태로 활용\n▸365+ 체육온활동 운영을 위한 \n수준별·소규모 그룹형 프로그램 \n총 30종(150차시) 활용\n▸지도수당 시간당 4만원 편성 가능 \n(40% 이내)\n (단위:천원)\n학급수예산액\n∼10\n1,500\n11∼20 2,000\n21∼30\n2,500\n31∼40\n3,000\n41∼\n4,000\n▸교육운영비\n▸강사비\n기본적\n교육활동-\n창의적\n체험활동-\n자율·자치\n활동, \n동아리\n활동\n중등 \n교육과  \n장학사 \n김재동\n☎320\n-2243\n업무추진비 \n편성 불가\n▸비품구입비 \n편성불가 \n31. \n학생오케\n스트라\n지원\n●●●\n▸ 학교 오케스트라 운영 \n - 방과후 및 방학 중 캠프\n - 교내 수시 연주회 운영 및 축제 참가 \n - 지역사회 축제와 연계한 연주 활동 \n - 연주로 하는 봉사활동 등\n▸ 연간운영계획(4월 중), 운영보고서\n(12월 중) 제출\n - (양식) 대상교 대상 공문 발송\n오케스트라\n(표준)\n교당 \n20,000천원\n세종대표 \n공연참가교\n교당\n29,000천원\n앙상블·국악\n10,000천원\n▸ 교육운영비\n - 강사수당\n - 재료비\n - 학생 매식비\n - 악기 구입비\n - 악기 수리비\n기본적\n교육활동\n-교과활동\n-예술교과\n활동\n중등 \n교육과  \n장학사 \n김나경\n☎320\n-2245\n업무추진비 \n편성 가능\n▸오케스트라 \n운영과 관련된 \n악기 외 비품 \n구입 불가
2026학년도 학교회계 예산편성 및 집행지침	166	2026학년도 학교회계 예산편성 및 집행지침	2026학년도 학교회계 예산편성 및 집행지침\n- 166 -\n사업명\n12-9 진로교육지원\n기존 þ  \n신규 □ \n소속\n진로교육원\n직ㆍ성명ㆍ연락처\n연구사 김형규(903-8731)\n연구사 오은정(903-8741)\n□ 사업목적\n  ◦ 개별 맞춤형 진로 체험·탐색 지원 체계 구축\n□ 관련근거 \n  ◦ ｢진로교육법｣,｢세종특별자치시교육청 진로교육 진흥조례｣\n  ◦ 공약사업Ⅰ-4. 개별 맞춤형 진로 진학 지원시스템 구축\n  ◦ 세종 진로교육 추진 계획(2025. 2. 11.) \n  ◦ 세종 진학지원 종합 추진 계획(2025. 2. 6.) \n□ 사업내용\n  ◦ 담당: 진로교육원 진로교육부, 진학지원부\n  ◦ 운영내용\n세부\n사업명\n[대상학교급]\n사업 내용\n지원\n단가\n예산활용\n항목 \n예산세부\n항목\n(정책-단위\n-세부사업)\n사업\n담당자\n업무추진비\n편성\n지원불가 \n항목\n32. \n진로\n전환기\n진로체험\n지원\n●● \n●●\n▸초6, 중1, 중3 대상\n - 진로체험 활동 지원\n - 진로탐색 기회 제공 \n학급당 300천원 \n+\n학생수*10천원\n▸해당교육 활동 \n운영비 (재료비, \n입장료, 강사비 등) \n‣ 차량임차료 \n(진로체험활동 \n지원 등 진로 \n교육 관련)\n기본적\n교육활동-\n창의적\n체험활동-\n진로활동\n기본적\n교육활동-\n자유학기 \n(년)활동-\n자유학기 \n(년)제활동\n진로\n교육부\n연구사 \n김형규\n☎903\n-8731\n업무추진비 \n편성 불가\n‣해당교육활동 \n외 물품구입 \n집행 불가(비품, \n사무용품 등)
2026학년도 학교회계 예산편성 및 집행지침	167	제3편 학교운영비 및 권장사업	제3편 학교운영비 및 권장사업\n- 167 -\n세부\n사업명\n[대상학교급]\n사업 내용\n지원\n단가\n예산활용\n항목 \n예산세부\n항목\n(정책-단위\n-세부사업)\n사업\n담당자\n업무추진비\n편성\n지원불가 \n항목\n33. \n학교대입\n역량강화\n지원\n●●\n▸단위학교의 대학 진학지도 \n역량 강화를 위한 진학 관련 \n프로그램 운영 지원\n21교\n교당 \n4,000천원\n▸버스 임차비\n▸명사 특강,  \n면접, 논술 \n지도 등\n▸대학 탐방, \n전공학과 탐색 \n등\n▸대입도서 구입, \n교사 역량강화 \n연수\n선택적\n교육활동-\n기타 \n선택적 \n교육활동-\n기타 \n선택적 \n교육운영\n진학\n지원부\n연구사 \n오은정\n☎903\n-8741\n업무추진비 \n편성 가능\n▸교원 연구비 \n및 관리수당  \n등\n▸학생, 교사 \n복지성 경비 \n(장학금 등)\n▸비품구입비 \n편성불가
2026학년도 학교회계 예산편성 및 집행지침	168	2026학년도 학교회계 예산편성 및 집행지침	2026학년도 학교회계 예산편성 및 집행지침\n- 168 -\n사업명\n12-10, 11 학교선택사업\n기존 þ  \n신규 □ \n소속\n학교정책과\n직ㆍ성명ㆍ연락처\n장학사 이주화(320-2512)\n□ 사업목적\n  ◦ 학교가 자율적으로 기획․운영하는 학교특색교육활동, 학교자율시간 운영 지원\n□ 관련근거 \n  ◦ ｢세종미래학교 추진 계획｣\n  ◦ ｢2026 세종미래학교 통합예산 추진 계획｣(학교정책과-16094, 2025.8.12.)\n□ 사업내용\n  ◦ 담당: (예산)학교정책과 학교정책기획담당, (사업지원)유형별 사업담당자\n  ◦ 운영내용: 학교가 자율적으로 기획·운영하는 교육활동 운영 지원, 학교자율시간, \n학교특색교육활동, 학교 평가 자율지표 연계 학교교육활동 운영\n세부\n사업명\n[대상학교급]\n사업 내용\n예산세부항목\n(정책-단위-세부사업)\n사업\n담당자\n34.\n학교선택\n사업\n-\n기본형\n●●●●\n●●●\n생태\n전환\n형 \n▸생태, 환경 관련 학교 교육활동 운영\n▸기후위기 대응을 위한 탄소중립 교육 \n활동\n▸학교 재활용 교육\n▸기타 환경 보존 및 기후위기 대응을 \n실현하는 학급(교) 단위 참여 실천 운동 등\n기본적교육활동-\n창의적체험활동-\n자율·자치활동\n학교정책과\n장학사 류주희\n☎320-2513\n이\n음\n형\n▸학교급간 연계 교육활동 운영\n▸2025년 이음형세종미래학교 사업 내용 \n참조 가능\n▸마을 연계 교육활동 운영\n기본적교육활동-\n창의적체험활동-\n자율·자치활동\n학교정책과\n장학사 이주화\n☎320-2512\n창의\n정보\n형 \n▸●과학 교육활동 강화를 위한 학교교육\n활동 운영 \n▸●수학 교육활동 강화를 위한 학교교육\n활동 운영\n▸●정보(SW․AI) 교육활동 강화를 위한 \n학교교육활동 운영  \n·기본적교육활동\n-교과활동 \n-과학교과활동\n·기본적교육활동\n-교과활동 \n–수학교과활동\n·기본적교육활동\n-교과활동\n- 정보교과활동\n학교정책과 \n●장학사 손천재\n☎320-2532\n●장학사 배은희\n☎320-2536\n●장학사 서원경\n☎320-2531
2026학년도 학교회계 예산편성 및 집행지침	169	제3편 학교운영비 및 권장사업	제3편 학교운영비 및 권장사업\n- 169 -\n세부\n사업명\n[대상학교급]\n사업 내용\n예산세부항목\n(정책-단위-세부사업)\n사업\n담당자\n34.\n학교선택\n사업\n-\n기본형\n●●●●\n●●●\n민주\n시민\n형\n▸민주시민교육 관련 학교교육활동 운영\n▸민주시민교육프로젝트, 학생사회참여\n활동, 학년자치활동 등 운영\n▸민주시민교육·헌법교육 수업운영도서 \n구입 가능 ※ 10% 이내 편성 가능\n기본적교육활동-\n창의적체험활동-\n자율·자치활동\n학교정책과 \n장학사 황나영\n☎320-2544)\n인문\n독서\n형\n▸인문독서를 강화한 학교교육활동운영\n▸학생인문책쓰기, 독서동아리 지속 운영\n▸독서교육실천학교 사업 내용 참조 가능\n기본적교육활동-\n창의적체험활동-\n자율·자치활동\n유초등교육과 \n장학사 이승광\n☎320-2122\n주제\n탐구\n형➀\n●●\n●\n▸학생 탐구, 동아리, 학생 체험 등 학생 \n주도 주제 탐구 활동을 위한 학교교육\n활동 운영\n기본적교육활동-\n창의적체험활동-\n자율·자치활동\n유초등교육과\n장학사 이정미\n☎320-2121\n주제\n탐구\n형➁\n●●\n●●\n▸탐구 활동, 자율동아리, 체험학습 등 \n학생이 스스로 만들고 운영하는 학생 \n주도, 주제탐구 활동 운영 지원\n▸예산은 학생주도 교육활동을 위한 \n교육운영비 위주로 편성하되 교내 \n강사수당은 편성 불가\n▸계획 수립 시 주제 탐구활동 운영팀 \n수를 기재 바람\n기본적교육활동-\n창의적체험활동-\n자율·자치활동\n중등교육과 \n장학사 정미영\n☎320-2216\n예술\n체육\n형\n▸문화예술, 체육 관련 학교 교육활동 \n운영\n▸(체육) 강사비 시간당 4만원 이내\n▸(예술) ① 학생주도 1학생1예술 동아리 \n활성화 ② 학생·교원의 예술감수성 함양 \n프로젝트 ③ 예술로 행복한 학교 문화 \n만들기를 위한 학교 운영 중 학교 운영 \n희망 사업 \n  * 업무추진비 편성불가 \n·기본적교육활동\n-교과활동  \n-체육(예술) \n교과활동\n기본적교육활동-\n창의적체험활동-\n자율·자치활동, \n동아리 활동\n중등교육과 \n●장학사 김종석\n☎320-2241\n●장학사 김나경\n☎320-2245
2026학년도 학교회계 예산편성 및 집행지침	170	2026학년도 학교회계 예산편성 및 집행지침	2026학년도 학교회계 예산편성 및 집행지침\n- 170 -\n세부\n사업명\n[대상학교급]\n사업 내용\n예산세부항목\n(정책-단위-세부사업)\n사업\n담당자\n35.\n학교선택\n사업\n-\n확장형\n●●●●\n●●●\n학교\n자율\n형\n▸앞선 7유형 운영을 위해 추가 예산이 \n필요한 경우 \n▸기본형 7유형 외에 학교에서 자율적\n으로 결정한 학교자율형 운영을 위해 \n예산이 필요한 경우 \n▸신청한 기본형 외에 또 다른 기본형을 \n추가적으로 운영하기 위해 예산이 \n필요한 경우 \n기본적교육활동-\n교과활동- \nOO교과활동\n(운영교과에 \n따라 편성 가능)\n기본적교육활동-\n창의적체험활동- \n자율·자치활동\n학교정책과 \n장학사 이주화\n☎320-2512\n◦ 지원단가\n  - (기본형) 기본금 4,000천원 + 학급수(특수학급포함)*200천원\n  - (확장형) 기본금 3,000천원 + 학급수(특수학급포함)*200천원\n    *학급수: 2025. 9. 학급수 기준\n    ※ 학교 추가 금액 요청 시 교육청 내부 검토를 통해 지원 여부와 지원 예산액 결정\n□ 행정사항\n구  분\n내  용\n업무추진비편성▸ 업무추진비 편성 가능 (단, 예술체육형은 업무추진비 편성 불가)\n지원불가항목\n▸ 시설구축비 집행 불가\n▸ 사업목적과 무관한 예산 집행 불가\n□ 학교 현장에 맞게 반영할 사항\n  ◦ 교육활동 운영을 위한 교육운영비(교구, 교육용  재료비, 학습준비물 등) 활용  \n  ◦ 교육활동과 관련된 물품 구입비 40% 이내 편성 가능\n  ◦ 학교선택사업(인문독서형): 온책읽기 도서, 학급문고용 도서 구입(학교도서관 \n비치도서와 구분할 것) 가능 ※ 단, 40% 이내 편성 가능\n  ◦ 학교선택사업(민주시민형): 민주시민교육·헌법교육 수업운영도서 구입 가능\n     ※ 단, 10% 이내 편성 가능\n  ◦ 사업 내용, 강사 인력풀, 컨설팅 등 필요시 교육청 담당자 지원 요청
2026학년도 학교회계 예산편성 및 집행지침	171	제3편 학교운영비 및 권장사업	제3편 학교운영비 및 권장사업\n- 171 -\n사업명\n13. 유치원놀이지원자원봉사자운영지원\n기존 þ  \n신규 □ \n소속\n유초등교육과\n직ㆍ성명ㆍ연락처\n장학사 장유진(320-2111)\n□ 사업목적\n  ◦ 안전하고 행복한 놀이중심교육과정 운영을 위한 놀이지원 자원봉사자 지원\n□ 관련근거\n  ◦ ｢2019 개정 누리과정｣(교육부 고시 제2019-189호, 2019. 7. 24.)\n  ◦ 2025 유치원 놀이지원 자원봉사자 지원 계획(유초등교육과-971, 2025. 1. 16.)\n  ◦ 2026 본예산 수립을 위한 사전 수요조사(유초등교육과-17911, 2025. 8. 14.)\n□ 사업내용\n  ◦ 사업대상: 공립(단설·병설)유치원 63개원\n  ◦ 운영내용: 유아의 놀이 중심 교육과정을 지원하는 봉사활동\n  ◦ 배정인원: 377명(유치원 일반학급 기준으로 본예산 수립을 위한 사전 수요조사 결과 반영)\n    ※ (예외) 솔빛숲유치원: 6시간 기간제 인력지원으로 놀이지원자원봉사자 배정으로 제외\n  ◦ 지원단가: 배정 인원 1명당 2,200천원(110일×20천원)\n    ※ (예외) 두루유, 올망유, 가득유, 나성유 배정인원 1명당 3,800천원(190일×20천원)\n□ 행정사항\n구  분\n내  용\n예\n산\n과\n목\n▸기본적교육활동-교과활동-교과활동지원\n업무추진비편성\n▸업무추진비 편성 불가\n지원불가항목\n▸비품구입비, 강사비 사용 불가\n□ 학교 현장에 맞게 반영할 사항\n  ◦ 유치원 교육과정에 따라 예산 범위 내에서 놀이자원봉사자 수 조정 가능
2026학년도 학교회계 예산편성 및 집행지침	172	2026학년도 학교회계 예산편성 및 집행지침	2026학년도 학교회계 예산편성 및 집행지침\n- 172 -\n사업명\n14. 유치원방과후(돌봄)과정운영지원\n기존 þ  \n신규 □ \n소속\n유초등교육과\n직ㆍ성명ㆍ연락처\n장학사 김혜진(320-2112)\n□ 사업목적\n  ◦ 국가교육 책임 강화를 위한 방과후 과정(돌봄) 운영 연중무휴 원칙으로 희망 \n유아 전체 수용을 위한 유치원 운영 지원\n□ 관련근거\n  ◦ ｢유아교육법｣ 제2조, 13조, 23조, 27조(방과후과정(돌봄)운영 등에 대한 지원)\n□ 사업내용 \n  ◦ 사업대상: 공립(단설·병설)유치원 64개원 ※ 특수학급 포함하여 지원\n  ◦ 운영내용: 학기중 방과후 과정 지원, 돌봄지원, 방학 중 방과후 과정 지원\n  ◦ 지원단가\n구\n분\n유치원 방과후(돌봄)과정 운영 지원\n학기 중\n방학 중\n돌봄교실\n교\n부\n기\n준\n▸병설유 급당 1,200천원\n▸단설유, 나루초,솔빛초병설유 \n급당 2,880천원\n※ 나루초, 솔빛초병설유, 단설유 특성화 \n강사비 1인 포함\n▸단설유 급당 7,419천원\n ※ 계약제지침 강사비 동지역 기준: 22,000원\n     (나루초,솔빛초병설유 포함)\n▸병설유 급당 10,005천원\n ※ 계약제지침 강사비 읍면지역 기준: 26,000원\n원당 \n5,000천원\n▸병설유 추가 급당 6,240천원\n  ※ 병설유 정교사 2인 배치에 따라 방학 중 강사 추가 지원\n▸단설유 추가 급당 5,280천원\n  ※ 단설유 4개원(아름유,늘봄유,새롬유,반곡유) 정교사   \n2인배치에 따라 방학 중 강사 추가 지원\n□ 행정사항\n구  분\n내  용\n예\n산\n과\n목\n▸선택적교육활동-방과후학교운영-방과후학교운영\n업무추진비편성\n▸업무추진비 편성 불가\n지원불가항목\n▸비품구입비 사용 불가\n□ 학교 현장에 맞게 반영할 사항\n  ◦ 사업범위는 교육활동 운영비(강사비, 교육활동 재료비), 급식운영비(조리종사원\n인건비, 급식 재료비), 특성화 강사비, 특성화재료비 등
2026학년도 학교회계 예산편성 및 집행지침	173	제3편 학교운영비 및 권장사업	제3편 학교운영비 및 권장사업\n- 173 -\n사업명\n15. 유치원하모니봉사자지원\n기존 þ  \n신규 □ \n소속\n유초등교육과\n직ㆍ성명ㆍ연락처\n장학사 김혜진(320-2112)\n□ 사업목적\n  ◦ 중·고령 자원봉사자의 유치원 교육활동 지원으로 유아의 건강 및 안전한 방과후 \n과정(저녁돌봄) 운영 지원\n□ 관련근거\n  ◦ 2025년 세종 유아교육 기본계획\n  ◦ 2025 유치원 하모니자원봉사자 지원 계획 (유초등교육과-971, 2025. 1. 16.)\n□ 사업내용 \n  ◦ 사업대상: 공립(단설·병설)유치원 64개원\n  ◦ 운영내용: 유아의 건강과 안전한 교육활동을 지원하는 봉사활동\n  ◦ 지원단가: 배정인원 1명당 2,800천원(140일×20천원)\n구분\n1~3학급\n4~6학급\n7~12학급\n13학급이상저녁돌봄1학급(추가)\n배정인원\n1명\n2명\n3명\n4명\n1명\n \n ※ 4학급 이상 병설유치원(조치원대동초병설유, 솔빛초병설유, 나루초병설유) 1명 추가 지원\n□ 행정사항\n구  분\n내  용\n예\n산\n과\n목\n▸선택적교육활동-방과후학교운영-방과후학교운영\n업무추진비편성\n▸업무추진비 편성 불가\n지원불가항목\n▸비품구입비, 강사비 사용 불가\n□ 학교 현장에 맞게 반영할 사항\n  ◦ 하모니 자원봉사자는 근로자가 아닌 위촉직이므로 예산 편성 및 집행 주의 \n     ※ 계약서 작성금지→ 봉사자 위촉장 교부/ 출퇴근부, 근무일지 작성금지\n     ※ 인건비, 급여 내역, 근로자, 출퇴근, 계약, 임용 등의 용어 사용 금지\n  ◦ 위촉방법: 자원봉사자 모집 공고로 공개 위촉\n  ◦ 지원자격: 60대 중·고령 자원봉사자(구인이 어려운 경우, 50대 위촉 가능)\n  ◦ 활동내용: 유치원에서 정한 범위 내에서 운영\n  ◦ 1일 활동비는 자원봉사활동에 따른(식비, 교통비)를 포함 1일 20,000원(230일 기준)\n  ◦ 집행잔액은 자원봉사자 활동 소모품(앞치마, 청소용품 등) 구입비로 집행가능
2026학년도 학교회계 예산편성 및 집행지침	174	2026학년도 학교회계 예산편성 및 집행지침	2026학년도 학교회계 예산편성 및 집행지침\n- 174 -\n사업명\n16. 병설유치원교육복지서비스지원\n기존 þ  \n신규 □ \n소속\n유초등교육과\n직ㆍ성명ㆍ연락처\n장학사 김혜진(320-2112)\n□ 사업목적 \n  ◦ 병설유치원 유아의 전인 발달을 위한 교육, 문화, 체험 등 다양한 활동지원\n□ 관련근거 \n  ◦ 2025년 세종 유아교육 기본계획\n□ 사업내용 \n  ◦ 사업대상: 공립 병설유치원 20개원\n  ◦ 운영내용: 병설유치원 교육활동 지원 및 교육 환경 개선\n  ◦ 지원단가: 원당 4,000천원\n□ 행정사항\n구  분\n내  용\n예\n산\n과\n목\n▸기본적교육활동-교과활동-교과활동지원\n업무추진비편성\n▸업무추진비 편성 불가\n지원불가항목\n▸해당없음\n□ 학교 현장에 맞게 반영할 사항\n  ◦ 예산 범위 내에서 유치원 자율적인 교육활동 운영비로 사용 가능\n  ◦ 예산 범위 내에서 목적에 맞는 교육 환경 개선 가능
2026학년도 학교회계 예산편성 및 집행지침	175	제3편 학교운영비 및 권장사업	제3편 학교운영비 및 권장사업\n- 175 -\n사업명\n17. 학교도서관자원봉사자지원\n기존 þ  \n신규 □ \n소속\n유초등교육과\n직ㆍ성명ㆍ연락처\n주무관 최은지(320-2126)\n□ 사업목적\n  ◦ 교육과정 중심의 도서관 운영과 책 읽는 문화 조성을 위한 학교도서관 기능 강화\n□ 관련근거\n  ◦「학교도서관진흥법」제11조(학교도서관 지원비 등)\n  ◦「세종특별자치시교육청 학교도서관 및 학교독서교육 활성화 조례」\n□ 사업내용 \n  ◦ 사업대상: 초·중·고·특수·각종학교(희망교 신청)\n  ◦ 운영내용: 학교도서관 운영을 지원하는 봉사활동\n  ◦ 배정인원\n구분\n초등학교 중 전담인력 미배치교\n초등학교 전담인력 배치교 및 중ㆍ고\n지원금액\n7,200천원\n최대 4,400천원\n \n  ◦ 지원단가: 교당 최대 7,200천원(학교 요구를 반영한 차등 지원) \n     - 봉사실비(20천원×20일×1명×11개월)=4,400천원\n     - 봉사실비(20천원×20일×2명×9개월)=7,200천원 \n        * 봉사활동비(식비, 교통비 포함) 1일 단가\n□ 행정사항\n구  분\n내  용\n예\n산\n과\n목\n▸선택적교육활동-독서활동-독서활동운영\n업무추진비편성\n▸업무추진비 편성 불가\n지원불가항목\n▸도서구입 및 인건비(도서정리 인력)등으로는 지출 불가\n□ 학교 현장에 맞게 반영할 사항\n  ◦ 학교도서관자원봉사자는 근로자가 아닌 위촉직이므로 근로자의 형태로 \n운영되지 않도록 주의\n     ※ 계약서, 출·퇴근부, 근무일지 작성 금지 → 봉사직 위촉장 교부 \n     ※ 인건비, 급여, 근로자, 출퇴근, 계약, 임용 등의 용어 사용 금지\n  ◦ 예산 범위 내에서 학교도서관자원봉사자 수 조정 가능\n  ◦ 2026학년도 사업계획서 별도 안내 예정
2026학년도 학교회계 예산편성 및 집행지침	176	2026학년도 학교회계 예산편성 및 집행지침	2026학년도 학교회계 예산편성 및 집행지침\n- 176 -\n사업명\n18. 학교도서관환경개선지원\n기존 þ  \n신규 □ \n소속\n유초등교육과\n직ㆍ성명ㆍ연락처\n주무관 최은지(320-2126)\n□ 사업목적\n  ◦ 이용자 친화적 학교도서관 공간 조성 및 공간 재배치를 위한 학교도서관 환경개선 지원\n  ◦ 학교도서관 환경개선 지원을 통한 학교도서관 기능 활성화\n□ 관련근거\n  ◦「학교도서관진흥법」제11조(학교도서관 지원비 등)\n  ◦ 2026학년도 학교도서관 환경개선비 지원 희망교 수요조사(유초등교육과-18196, \n2025. 8. 20.)\n□ 사업내용 \n  ◦ 사업대상: 유·초·중·고·특수·각종학교(희망교 신청에 따른 선정교)\n     * ΄25년도 신설교, ΄23년부터 ΄25년까지 학교도서관 환경개선비 및 세종꿈마루 사업, 읍‧\n면 지역 환경개선비 중 도서관 관련 지원을 받지 않은 학교 중 환경개선이 시급한 학교  \n \n  ◦ 운영내용: 학교도서관 시설 개선 및 비품 구입\n  ◦ 지원단가: 교당 8,400천원 ~ 48,200천원(학교 요구를 반영한 차등 지원)\n□ 행정사항\n구  분\n내  용\n예\n산\n과\n목\n▸교육활동지원-교육여건개선-교육환경개선\n업무추진비편성\n▸업무추진비 편성 불가\n지원불가항목\n▸도서구입 및 인건비(도서정리 인력)등으로는 지출 불가\n□ 학교 현장에 맞게 반영할 사항\n  ◦ 교육청 지원 예산 외 추가 소요 재원은 학교 자체 예산을 확보하여 추진\n  ◦ 학교도서관 노후화(시설 및 설비) 및 필요 비품 구입하여 집행\n    ※ 환경개선 항목: 확장, 바닥 공사, 출입구 공사, 정보검색코너 구성, 학습공간 구성, 대출\n데스크 구성, 조명, 서가 교체, 리모델링 시 필요 인건비 등 \n  ◦ 사업 종료 후 결과보고서 및 정산서 제출\n  ◦ 2026학년도 사업계획서 별도 안내 예정
2026학년도 학교회계 예산편성 및 집행지침	177	제3편 학교운영비 및 권장사업	제3편 학교운영비 및 권장사업\n- 177 -\n사업명\n19. 신설학교장서확충지원\n기존 þ  \n신규 □ \n소속\n유초등교육과\n직ㆍ성명ㆍ연락처\n주무관 최은지(320-2126)\n□ 사업목적\n  ◦ 학교도서관 기능 활성화를 위한 장서확충비 지원\n□ 관련근거\n  ◦「학교도서관진흥법」제11조(학교도서관 지원비 등)\n  ◦ 2025년 독서‧인문교육 업무계획(유초등교육과-14035, 2024.12.26.)\n□ 사업내용 \n  ◦ 사업대상: 산울초, 산울중, 세종캠퍼스고\n  ◦ 운영내용: 신설학교 장서확충(도서구입비) 지원\n  ◦ 지원단가: 교당 20,000천원\n□ 행정사항\n구  분\n내  용\n예\n산\n과\n목\n▸선택적교육활동-독서활동-독서활동운영\n업무추진비편성\n▸업무추진비 편성 불가\n지원불가항목\n▸도서구입 외에는 지원 불가\n□ 학교 현장에 맞게 반영할 사항\n  ◦ ʹ25년도 및 ʹ25년도 신설교 예산 편성 방법: 도서구입비 100% 편성\n  ◦ 사업 종료 후 결과보고서 및 정산서 제출\n  ◦ 2026학년도 사업계획서 별도 안내 예정
2026학년도 학교회계 예산편성 및 집행지침	178	2026학년도 학교회계 예산편성 및 집행지침	2026학년도 학교회계 예산편성 및 집행지침\n- 178 -\n사업명\n20. 문화예술체육활동지원\n기존 □  \n신규 þ \n소속\n유초등교육과\n직ㆍ성명ㆍ연락처\n장학사 박건환(320-2131)\n□ 사업목적\n  ◦ 교육과정과 연계한 문화예술체육 프로그램 운영을 통해 특수교육대상학생의 \n전인적 성장 지원  \n  ◦ 특수교육대상학생의 자기표현력, 사회성 및 신체 발달을 촉진하고 문화적 \n감수성을 함양\n□ 관련근거\n  ◦「장애인 등에 대한 특수교육법」제20조(교육과정의 운영 등)\n□ 사업내용 \n  ◦ 사업대상: 세종누리학교, 세종이음학교\n  ◦ 운영내용: 문화예술체육 강사 운영\n    - 정규 교육과정 내 교과 및 창의적 체험활동과 연계\n    - 문화예술체육 교육의 전문성 확보를 위해 외부 강사 코티칭 수업 \n  ◦ 지원단가: 세종누리학교-24,000천원, 세종이음학교-16,000천원\n□ 행정사항\n구  분\n내  용\n예\n산\n과\n목\n▸기본적교육활동-교과활동-특수교육교과활동\n업무추진비편성\n▸업무추진비 편성 불가\n지원불가항목\n▸비품비, 시설비, 사업목적과 무관한 예산 집행 불가
2026학년도 학교회계 예산편성 및 집행지침	179	제3편 학교운영비 및 권장사업	제3편 학교운영비 및 권장사업\n- 179 -\n사업명\n21. 특수학교(급)고교학점제운영지원\n기존 □  \n신규 þ \n소속\n유초등교육과\n직ㆍ성명ㆍ연락처\n장학사 박건환(320-2131)\n□ 사업목적\n  ◦ 특수교육대상학생의 장애 특성, 진로, 흥미, 적성을 반영한 다양한 과목  \n개설로 자기주도적 학습 경로 확보 및 학생 중심의 수업 참여 기회 확대  \n  ◦ 직업·생활 교과 중심 교육과정으로 진로 역량을 강화하고 고등학교 이후의 \n자립생활 및 사회참여 기반 마련\n□ 관련근거\n  ◦「초·중등교육법」제48조(학과 및 학점제 등)\n□ 사업내용 \n  ◦ 사업대상: 세종누리학교, 세종이음학교\n  ◦ 운영내용: 고교학점제 운영비\n  ◦ 지원단가: 교당 23,200천원\n□ 행정사항\n구  분\n내  용\n예\n산\n과\n목\n▸기본적교육활동-교과활동-교과활동지원 \n업무추진비편성\n▸업무추진비 편성 가능, 3% 이내 편성\n지원불가항목\n▸시설 확충 비용, 방과후교육 운영비, 사업목적과 무관한 예산 집행 불가\n구  분\n내  용\n교육과정운영 \n및 연구활동 지원\n▸ 온·오프라인 공동교육과정, 소인수과목 등 교육과정 운영\n▸ 교수·학습 및 평가 관련 역량 강화를 위한 교내 연구회 등 운영\n교·강사 관련\n▸ 강사, 산학겸임교사 등의 초빙 운영\n▸ 진로·학업 설계 지도, 교육과정 지도 등을 전담하는 교·강사 배치 \n▸ 최소 성취수준 보장 지도, 과목 이수 지도를 위한 교원 지원 \n맞춤형진로· \n학업 설계 지도\n▸ 진로·적성 검사비, 진로 체험 및 멘토링 프로그램 등 운영 \n▸ 공강 시간 활용 프로그램 운영 \n교수·학습활동 \n및 수업 환경조성\n▸ 교수·학습활동에 필요한 수업 교구 및 실습 재료 구입비, 기자재 보수 등
2026학년도 학교회계 예산편성 및 집행지침	180	2026학년도 학교회계 예산편성 및 집행지침	2026학년도 학교회계 예산편성 및 집행지침\n- 180 -\n사업명\n22. 특수학급운영비지원\n기존 þ  \n신규 □ \n소속\n유초등교육과\n직ㆍ성명ㆍ연락처\n장학사 박건환(320-2131)\n□ 사업목적\n  ◦ 특수교육 대상 학생 개별특성에 따른 교육과정 및 개별화 교육 프로그램 운영 지원  \n  ◦ 특수학급 교육활동의 효과적인 운영을 위한 교재교구 및 학습자료 구입\n□ 관련근거\n  ◦「교육기본법」제18조(특수교육), 「초·중등교육법」제32조 제1항 제5호\n  ◦「특수교육법」제3조(의무교육 등)\n□ 사업내용 \n  ◦ 사업대상: 공사립 유․초․중․고 특수학급, 특수학교 학급\n  ◦ 운영내용: 특수학급 교육과정 및 개별화 교육 프로그램 운영 위한 지원  \n특수학급 전문적 학습 공동체 운영(1학급당 100천원 편성)\n    - 전문적 학습공동체: 교육과정, 수업, 진로교육 등 특수학급 교육활동에  \n필요한 주제로 운영, 학교내 및 학교간 운영 가능(단순 취미, 친목도모 \n등 교육과정과 관련성이 적은 활동 자제)\n  ◦ 지원단가: 학급당 3,680천원\n□ 행정사항\n구  분\n내  용\n예\n산\n과\n목\n▸기본적교육활동-교과활동-특수교육교과활동\n업무추진비편성\n▸특수학교: 전문적 학습 공동체 운영비(100천원)의 5% 이내 편성\n▸특수학급: 특수학급 운영비(3,680천원)의 5% 이내 편성\n지원불가항목\n▸특수학급 교육활동과 무관한 예산 집행 금지
2026학년도 학교회계 예산편성 및 집행지침	181	제3편 학교운영비 및 권장사업	제3편 학교운영비 및 권장사업\n- 181 -\n사업명\n23. 특수교육진로직업교육지원\n기존 þ  \n신규 □ \n소속\n유초등교육과\n직ㆍ성명ㆍ연락처\n장학사 이유리(320-5121)\n□ 사업목적\n  ◦ 특수교육 대상 학생의 진로·직업교육 교육과정 내실화를 통한 진로·직업 \n직무 전문성 강화 \n□ 관련근거\n  ◦「장애인 등에 대한 특수교육법」제23조(진로 및 직업교육의 지원)\n  ◦「장애인 등에 대한 특수교육법 시행령」제18조(진로 및 직업교육을 위한 시설 등)\n□ 사업내용 \n  ◦ 사업대상: 특수학교(급) 중․고, 특수학교 전공과 \n  ◦ 운영내용: 중, 고, 전공과 특수교육대상학생의 진로·직업교육지원\n  ◦ 지원단가\n구분\n중학교\n고등학교\n전공과(특수학교)\n지원단가\n급당 640천원\n급당 640천원\n급당 1,920천원\n□ 행정사항\n구  분\n내  용\n예\n산\n과\n목\n▸기본적교육활동-교과활동-특수교육교과활동\n업무추진비편성\n▸업무추진비 편성 불가\n지원불가항목\n▸비품구입비 사용 불가\n□ 학교 현장에 맞게 반영할 사항\n  ◦ 장애유형 및 장애특성에 따른 효과적인 진로직업 프로그램 운영 \n  ◦ 과도한 물품 구입이 필요한 프로그램 운영 지양
2026학년도 학교회계 예산편성 및 집행지침	182	2026학년도 학교회계 예산편성 및 집행지침	2026학년도 학교회계 예산편성 및 집행지침\n- 182 -\n사업명\n24. 특수학교(급) 돌봄교실 운영비 지원\n기존 þ  \n신규 □ \n소속\n유초등교육과\n직ㆍ성명ㆍ연락처\n장학사 이유리(320-5121)\n□ 사업목적\n  ◦ 교육-돌봄 연계체제 구축을 통한 특수교육대상학생의 전인적 발달 도모   \n□ 관련근거\n  ◦「장애인 등에 대한 특수교육법」제26조(방과후과정을 운영하는 유치원  \n과정의 교육기관)\n  ◦「장애인 등에 대한 특수교육법」제제28조(특수교육관련서비스)\n□ 사업내용 \n  ◦ 사업대상: 특수학교(급) 유치원, 특수학교 돌봄교실 \n  ◦ 운영내용: 특수학교(급) 유치원 방과후과정 지원, 특수학교 돌봄교실 운영 지원\n  ◦ 지원단가\n구분\n특수학교 돌봄교실\n특수학교 유치원 \n방과후과정\n 특수학교(급) 유치원 \n방과후과정\n교부기준\n교당 16,000천원\n교당 2,560천원\n급당 640천원\n□ 행정사항\n구  분\n내  용\n예\n산\n과\n목\n▸선택적교육활동-방과후학교운영-늘봄학교운영\n업무추진비편성\n▸업무추진비 편성 불가\n지원불가항목\n▸특수학교(급) 유치원의 경우 인건비, 비품구입비 사용 불가
2026학년도 학교회계 예산편성 및 집행지침	183	제3편 학교운영비 및 권장사업	제3편 학교운영비 및 권장사업\n- 183 -\n사업명\n25. 특수학급꿈마루교실지원\n기존 þ  \n신규 □ \n소속\n유초등교육과\n직ㆍ성명ㆍ연락처\n장학사 박건환(320-2131)\n□ 사업목적\n  ◦ 특수교육 대상 학생의 행복한 학교생활을 위한 학교 공간 혁신 실현   \n  ◦ 특수교육대상학생의 생활중심, 협동학습, 창의적 교육 등 미래 혁신교육에 \n필요한 다양하고 유연한 공간 조성   \n  ◦ 특수교육대상학생의 긍정적 행동지원과 정서적 지원을 위한 공간과 통합\n교육 활동을 위한 공간 구축\n□ 관련근거\n  ◦「장애인 등에 대한 특수교육법」제3조(의무교육 등)\n□ 사업내용 \n  ◦ 사업대상: 선정교(연서초, 보람초) ※ 선정교 변경될 수 있음\n  ◦ 운영내용: 특수학급 공간 재구성을 통한 공간혁신\n  ◦ 지원단가: 교당 18,000천원\n□ 행정사항\n구  분\n내  용\n예\n산\n과\n목\n▸교육활동지원-교육여건 개선-교육환경 개선\n업무추진비편성\n▸업무추진비 편성 가능, 1% 이내 편성\n지원불가항목\n▸특수학급 공간 구성과 무관한 예산 집행 금지
2026학년도 학교회계 예산편성 및 집행지침	184	2026학년도 학교회계 예산편성 및 집행지침	2026학년도 학교회계 예산편성 및 집행지침\n- 184 -\n사업명\n26. 현장실습안전지원\n기존 þ  \n신규 □ \n소속\n중등교육과\n직ㆍ성명ㆍ연락처\n장학사 김세나(320-2232)\n□ 사업목적\n  ◦ 직업계고의 학습중심 현장실습 운영 등 제경비 지원\n□ 관련근거\n  ◦「세종특별자치시 고등학교 현장실습 지원에 관한 조례」\n  ◦「직업교육훈련 촉진법 시행령」제9조(현장실습 소요비용의 지원)\n□ 사업내용 \n  ◦ 사업대상: 세종미래고, 세종장영실고, 세종여고(특성화계열)\n  ◦ 운영내용: 3학년 학생 대상 현장실습 안전용품 구입 또는 안전 특강 지원\n  ◦ 지원기준: 3학년 학생 1인당 10,000원×3학년 학생 정원\n3학년 학생 정원\n80명(세종미래고)\n160명(세종장영실고)\n40명(세종여자고)\n지원금액\n800천원\n1,600천원\n400천원\n \n□ 행정사항\n구  분\n내  용\n예\n산\n과\n목\n▸기본적교육활동-교과활동-전문교과활동\n업무추진비편성\n▸업무추진비 편성 불가\n지원불가항목\n▸자산취득성 물품 구입 등 사업목적과 무관한 예산 집행 불가\n□ 학교 현장에 맞게 반영할 사항\n  ◦ 학교․학과별 특성에 맞는 현장 실습 안전용품 구입 또는 안전 특강 지원
2026학년도 학교회계 예산편성 및 집행지침	185	제3편 학교운영비 및 권장사업	제3편 학교운영비 및 권장사업\n- 185 -\n사업명\n27. 직업계고실습여건개선지원\n기존 þ  \n신규 □ \n소속\n중등교육과\n직ㆍ성명ㆍ연락처\n장학사 공민정(320-2231)\n□ 사업목적\n  ◦ 직업계고 학점제 및 직업 교육과정의 원활한 운영을 위한 실습여건을 \n조성하여 직업계고의 교육력 강화\n□ 관련근거\n  ◦ ｢직업교육훈련 촉진법｣ 제7조(현장실습)\n□ 사업내용 \n  ◦ 사업대상: 세종미래고, 세종장영실고, 세종여고(직업계열)\n  ◦ 운영내용: 기자재 확충, 실습기구 확충, 실습환경 개선 등을 우선하여 집행\n  ◦ 지원기준\n지원단가\n10학급 이하\n11~19학급\n20학급 이상\n지원대상\n세종여고(직업계열)\n세종미래고\n세종장영실고\n지원금액\n5,200천원\n12,000천원\n26,000천원\n□ 행정사항\n구  분\n내  용\n예\n산\n과\n목\n▸교육활동지원-교육여건개선-교육환경개선\n업무추진비편성\n▸업무추진비 편성 불가\n지원불가항목\n▸ 시설의 증·개축, 중·대 규모 수선, 하자보수, 유지보수 등 \n▸ 교직원이 사용하는 범용성·사무용 품목\n▸ 전문실을 포함한 모든 교육용 컴퓨터(교수용 PC 및 학생용 PC)\n□ 학교 현장에 맞게 반영할 사항\n  ◦ 기자재 활용도를 고려하여 적정 품목·가격·성능으로 기자재 선정\n  ◦ 직업계고 실험·실습 시설·설비 기준 외 품목도 확충·대체 가능\n  ◦ 과도한 시설 변경(전기 승압, 리모델링 등)이 요구되는 기자재 선정 지양
2026학년도 학교회계 예산편성 및 집행지침	186	2026학년도 학교회계 예산편성 및 집행지침	2026학년도 학교회계 예산편성 및 집행지침\n- 186 -\n사업명\n28. 학교운동부지도자운영지원\n기존 þ  \n신규 □ \n소속\n중등교육과\n직ㆍ성명ㆍ연락처\n장학사 김중균(320-2242)\n□ 사업목적\n  ◦ 학교운동부지도자의 훈련장·대회장 이동에 따른 단위 학교 예산 부담 감소\n  ◦ 연습·대회출전에 따른 소요 경비 지원을 통한 학교운동부 활성화 도모\n□ 관련근거\n  ◦「학교체육진흥법」제12조(학교운동부지도자)\n□ 사업내용 \n  ◦ 사업대상: 학교운동부 육성교(총 20교) 소속 운동부지도자(총 26명)\n대상교: 조치원대동초(1), 조치원명동초(1), 조치원신봉초(2), 금남초(1), 전의초(1), 참샘초(2), \n양지초(1), 두루초(1), 보람초(1), 나루초(1), 조치원중(1), 세종중(1), 연서중(3), 전의중(1), \n부강중(1), 세종고(2), 세종미래고(1), 한솔고(2), 아름고(1), 두루고(1)\n           ※ 세종여자고등학교: 운동부지도자 채용 시 추후 지원 예정\n  ◦ 운영내용: 학교운동부지도자 시간외근무 및 훈련장 이동을 위한 지원\n  ◦ 지원단가\n    - 시간외근무수당(1인당): 시간당 15,000원×급별 기준시간×12월\n학교급\n초\n중\n고\n기준시간\n20시간\n25시간\n30시간\n지원금액\n3,600천원\n4,500천원\n5,400천원\n   ※ 나루초등학교 : 7,200천원 지원(사유: 초․중등 연계 지도)\n   ※ 조치원중학교(2025년 지역형 지정) : 8,100천원 지원(사유: 중․고 연계 지도)\n    - 훈련장이동교통비(1인당): 20,000원×15일×12월=3,600천원\n□ 행정사항\n구  분\n내  용\n예\n산\n과\n목\n▸선택적 교육활동-교기육성-교기운영\n업무추진비편성\n▸업무추진비 편성 불가\n지원불가항목\n▸ 비품구입비, 학생대회출전비로 활용 금지\n□ 학교 현장에 맞게 반영할 사항\n  ◦ 훈련장 이동 교통비는 훈련 및 대회출전에 소요되는 출장여비(관내·관외)로 편성\n  ◦ 시간외근무는 원활한 지도 활동과 운동선수 및 지도자의 휴식권 보장을 \n고려하여 적정 범위 내에서 실시
2026학년도 학교회계 예산편성 및 집행지침	187	제3편 학교운영비 및 권장사업	제3편 학교운영비 및 권장사업\n- 187 -\n사업명\n29. 우수선수육성지원\n기존 þ  \n신규 □ \n소속\n중등교육과\n직ㆍ성명ㆍ연락처\n장학사 김중균(320-2242)\n□ 사업목적\n  ◦ 공부와 운동을 함께 하는 학생선수, 교육적인 학교운동부 운영\n  ◦ 미래를 준비하는 체육 인재 발굴·육성 지원\n□ 관련근거\n  ◦「학교체육진흥법」제11조(학교운동부 운영 등)\n  ◦「세종특별자치시교육청 학교운동부 지원 조례」\n□ 사업내용 \n  ◦ 사업대상: 학교운동부 육성교(총 19교) 소속 학생선수(ʹ25년 8월 기준: 총 231명)\n학생선수 현황: 조치원대동초(31), 조치원명동초(7), 조치원신봉초(16), 금남초(14), 전의초(13), \n양지초(18), 두루초(5), 보람초(7), 나루초(6), 조치원중(22), 세종중(15), 연서중(15), \n전의중(4), 부강중(16), 세종고(14), 세종미래고(5), 한솔고(3), 아름고(9), 두루고(11)\n   ※ 세종여자고등학교: 학생선수 모집 시 추후 지원 예정\n  ◦ 운영내용: 학교운동부 운영을 통한 우수선수 육성\n  ◦ 지원단가\n    - 학교운동부 기본훈련비: 교당 지원단가 + (학생선수 수 * 인원당 지원단가)\n기본훈련비\n초\n중\n고\n교당 지원단가\n1,500천원\n1,500천원\n1,800천원\n인원(학생선수) 단가\n300천원\n400천원\n500천원 \n   ※ 2종목 운영교 추가 지원: 조치원신봉초(1,300천원), 연서중(1,300천원), 세종고(1,600천원)  \n□ 행정사항\n구  분\n내  용\n예\n산\n과\n목\n▸선택적 교육활동-교기육성-교기운영\n업무추진비편성\n▸업무추진비 편성 불가\n지원불가항목\n▸ 비품구입비로 활용 금지\n□ 학교 현장에 맞게 반영할 사항\n  ◦ 학교운동부 다인수단체종목(참샘초), 기숙사비, 기초학력향상비, 훈련용품비, \n지역형 학교운동부(보람중) 지원은 학교 목적사업비로 별도 교부 예정
2026학년도 학교회계 예산편성 및 집행지침	188	2026학년도 학교회계 예산편성 및 집행지침	2026학년도 학교회계 예산편성 및 집행지침\n- 188 -\n사업명\n30. 중창단 및 밴드부 운영 프로젝트 지원\n기존 □\n신규 þ  \n소속\n중등교육과\n직ㆍ성명ㆍ연락처\n장학사 김나경(320-2245)\n□ 사업목적\n  ◦ 학생 주도 예술활동을 통해 학교-마을을 잇는 주민 참여 활동 활성화\n  ◦ 중창단 중심으로 밴드부를 함께 운영하면서 학생·학부모·지역이 협력하는 \n예술 프로그램 운영\n□ 관련근거\n  ◦ 2026년도 주민참여예산사업 선정 결과 안내(조직예산과-6434, 2025.9.15.)\n□ 사업내용 \n  ◦ 사업대상: 한결초\n  ◦ 운영내용: 학생 주도 중창단 및 밴드부 운영 지원\n  ◦ 지원단가: 교당 10,000천원 \n□ 행정사항\n구  분\n내  용\n예\n산\n과\n목\n▸기본적교육활동-창의적체험활동-자율·자치활동\n업무추진비편성\n▸업무추진비 편성 불가\n지원불가항목\n▸비품성 악기 및 장비 등 구입 불가\n▸사업 취지에 맞는 프로그램 운영 예산으로 집행\n□ 학교 현장에 맞게 반영할 사항\n  ◦ 학생 주도의 중창단 및 밴드부 구성\n  ◦ 교육공동체와 함께 하는 다양한 프로그램 운영\n  ◦ 내부교사 지도 수당 및 외부 전문 강사 등 수당 집행시 주의\n  ◦ 학생 주도 공연 등 행사시 학생 안전 지도 철저\n  ◦ 사업 완료 후, 주민참여예산사업 결과보고서 및 정산서 제출\n    - 중등교육과(사업담당), 조직예산과(주민참여예산담당) 동시 제출
2026학년도 학교회계 예산편성 및 집행지침	189	제3편 학교운영비 및 권장사업	제3편 학교운영비 및 권장사업\n- 189 -\n사업명\n31. 중등순회교사제 운영 지원\n기존 □\n신규 þ  \n소속\n교원인사과\n직ㆍ성명ㆍ연락처\n장학사 류영희(320 -2322)\n□ 사업목적\n  ◦ 중등 순회수업 지원을 통한 교육의 질 향상 및 학생의 교과목 선택 기회 확대\n  ◦ 중등 순회교사제 운영 지원 방안 개선을 통한 학교 자율성 강화\n□ 관련근거\n  ◦ ｢교육공무원법｣제18조 및 ｢교육공무원임용령｣제7조의2\n  ◦ ｢농어촌학교 순회교원수당 및 복식수업수당 지급에 관한 훈령｣제2조제1항\n  ◦ 2025학년도 2학기 중등 순회교사 배정(안)(교원인사과-14022, 2025.8.13.)\n□ 사업내용 \n  ◦ 사업대상: 공립중 28교, 공립고 20교\n  ◦ 운영내용: 중등 순회교사제 운영 지원\n    - 지원내용: 순회교사 관내 여비, 농산어촌수당(읍면지역 근무 또는 순회지원)\n  ◦ 지원단가: (여비) 1일 최대 2만원, (농산어촌수당) 월 5만원\n□ 행정사항\n구  분\n내  용\n예\n산\n과\n목\n▸기본적교육활동-교과활동-교과활동지원\n업무추진비편성\n▸업무추진비 편성 불가\n지원불가항목\n▸운영비, 비품구입비, 시설구축 등 사용 불가(여비, 농산어촌수당으로만 활용)\n□ 학교 현장에 맞게 반영할 사항\n  ◦ (여비) 1일 상한 2만원(4시간 미만 1만원, 4시간 초과 2만원) \n      ※ 1일 2교 이상 순회인 경우에도 1일 상한금액 2만원\n  ◦ (농산어촌수당) 읍면지역 순회교사의 경우 월 5만원 정액 지급\n      ※ 읍면지역 학교에 소속되었거나 순회지원을 하는 경우 해당, 월 1회 이상의 순회 실적이 있어야 \n하며, 중복지급하지 않음(6개월 최대 30만원)\n  ◦ 학기별 순회교사 대상자, 대상학교, 시수 등 변경에 따른 예산 집행에 유의
2026학년도 학교회계 예산편성 및 집행지침	190	2026학년도 학교회계 예산편성 및 집행지침	2026학년도 학교회계 예산편성 및 집행지침\n- 190 -\n사업명\n32. 학교문서고현대화사업운영지원\n기존 þ  \n신규 □  \n소속\n운영지원과\n직ㆍ성명ㆍ연락처\n기록연구사 서광원(320-1005)\n□ 사업목적\n  ◦ 세종교육 중요기록물의 안전하고 체계적인 보존을 위한 인프라 구축\n□ 관련근거\n  ◦ ｢공공기록물 관리에 관한 법률 시행령｣제38조(기록관 서고관리)\n  ◦ 동 시행령 제60조 제1항(기록물관리기관의 보존시설·장비 및 환경기준) \n□ 사업내용 \n  ◦ 사업대상: 도담초, 장기초\n  ◦ 운영내용: 문서고 설치 지원(모빌랙(주대상), 암막커튼, 제습기, 온습도계, 가스소화기)\n      ※ 이전년도 문서고 현대화 사업 지원학교는 미대상 \n  ◦ 지원단가: 평균면적에 따른 차등지급(유(10~15㎡), 초·중·고·특수·각종(20~35㎡))\n      \n평균면적\n단가\n유(10~15㎡)\n최대 7,000천원\n초·중·고·특수·각종(20~35㎡)\n최대 9,000천원\n \n□ 행정사항\n구  분\n내  용\n예\n산\n과\n목\n▸교육활동지원-교육여건개선-교육환경개선\n업무추진비편성\n▸업무추진비 편성 불가\n지원불가항목\n▸해당 사업 운영과 무관한 집행 금지(인테리어공사, 가벽설치, 이전설치 등)\n▸내용연수 초과하지 않은 서가는 노후화서가 교체 불가\n□ 학교 현장에 맞게 반영할 사항\n  ◦ 해당 사업 운영과 무관한 집행 금지\n     - 지원 주대상인 문서고 설치 후, 잔여금액 발생 시, 보존용품 구입가능\n(제습기, 온습도계, 암막커튼 가스소화기) \n     ※ 「공공기록물관리법 시행령」제60조제1항에 근거한 서가, 제습기, 온습도계, 암막커튼, \n가스식 소화기가 지원대상 \n  ◦ 지원설치 문서고의 용도(학교 기록물 보존 및 행정 활용 용도)에 맞지 않는 사용 금지
2026학년도 학교회계 예산편성 및 집행지침	191	제3편 학교운영비 및 권장사업	제3편 학교운영비 및 권장사업\n- 191 -\n사업명\n33. 지방공무원신규채용필기시험장운영지원\n기존 þ  \n신규 □  \n소속\n운영지원과\n직ㆍ성명ㆍ연락처\n주무관 이연우(320-3122)\n□ 사업목적\n  ◦ 지방공무원 행정인력 수요에 대비한 인력 충원 및 적정수준 인력 확보를 \n위한 신규임용시험 실시로 전문성과 역량을 갖춘 인재 선발\n□ 관련근거\n  ◦ ｢지방공무원법｣ 제26조 및 제27조\n  ◦ ｢지방공무원 임용령｣ 제42조 및 제44조\n□ 사업내용 \n  ◦ 사업대상: 새뜸중\n  ◦ 운영내용: 지방공무원 필기 시험장 운영을 위한 지원\n  ◦ 지원단가: 1개교 6,000천원\n□ 행정사항\n구  분\n내  용\n예\n산\n과\n목\n▸학교일반운영-학교운영협력-관계기관협력\n업무추진비편성\n▸업무추진비 편성 가능\n지원불가항목\n▸비품구입비 편성 불가\n□ 학교 현장에 맞게 반영할 사항\n  ◦ 필기시험장 시설 사용(교실, 운동장, 화장실 등)\n  ◦ 시험장 사전준비(시험실별 책상배치, 청소용역, 방역, 시험본부 설치, 방송\n시설 사용 및 운영 등)
2026학년도 학교회계 예산편성 및 집행지침	192	2026학년도 학교회계 예산편성 및 집행지침	2026학년도 학교회계 예산편성 및 집행지침\n- 192 -\n사업명\n34. 적정규모학교 육성 지원\n기존 þ  \n신규 □  \n소속\n재무행정과\n직ㆍ성명ㆍ연락처\n주무관 정지은(320-3222)\n□ 사업목적\n  ◦ 적정규모학교 육성(신설대체이전)추진에 따른 교육부 인센티브 지원\n  ◦ 신설대체이전에 따른 학생 통학여건 개선, 학생 교육 및 복지 등 지원\n□ 관련근거\n  ◦ 적정규모학교 육성 및 학교신설 수요 관리 매뉴얼(교육부, ’16.6월)  \n  ◦ 금호중 중장기 발전을 위한 이전 인센티브 지원계획(행정과, ’18.5월)\n  ◦ 학교 통폐합 및 신설대체이전 인센티브 재정지원 기준(교육부, ’20년)\n  ◦ 적정규모학교 육성 재정지원금 집행지침(재무행정과, ’25년.6월)\n  ◦ 세종특별자치시 연동중학교 이전재배치 확정 고시(안) 보고(재무행정과, ’25.8월)\n□ 사업내용 \n  ◦ 사업대상: 신설대체이전교 \n  ◦ 운영내용: 적정규모학교 육성(신설대체이전)추진에 따른 학생 통학여건 \n개선, 학생 교육 프로그램 운영 등\n  ◦ 지원단가\n (단위: 천원)\n학교명\n지원금액\n학교명\n지원금액\n학교명\n지원금액\n합계\n금호중학교\n789,704\n연동초등학교\n34,000\n연동중학교\n40,000\n863,704\n   ※ 학교 자체 수립한 사업계획에 때라 연도별 요청한 금액을 분할하여 지원\n   ※ 연동초등학교, 연동중학교 지원금액은 학교 신청액에 따라 변동 가능
2026학년도 학교회계 예산편성 및 집행지침	193	제3편 학교운영비 및 권장사업	제3편 학교운영비 및 권장사업\n- 193 -\n□ 행정사항\n구  분\n내  용\n예\n산\n과\n목\n▸기본적교육활동-창의적체험활동-자율활동, 현장체험학습활동\n▸선택적교육활동-방과후학교운영-방과후학교운영\n▸기타 학교에서 지정하는 사업에 해당하는 예산과목\n업무추진비편성\n▸업무추진비 편성 가능\n지원불가항목\n▸교육청 분야별 지원사업과 중복 사업\n▸특정학생 지원 및 사교육을 조장하는 사업\n▸불필요한 시설 공사, 일회성 비품 구입, 공공요금 및 건물유지 등 기본운영경비성\n□ 학교 현장에 맞게 반영할 사항\n  ◦ 중장기 학교발전계획과 연계하여 년도별 연계성 및 내실화 있는 사업 추진\n  ◦ 교육력 향상 프로그램 개발 운영 등 교육 경쟁력 강화에 중점을 두고 추진\n  ◦ 시설환경개선과 학교기본운영을 위해 소요되는 예산 편성은 가급적 지양
2026학년도 학교회계 예산편성 및 집행지침	194	2026학년도 학교회계 예산편성 및 집행지침	2026학년도 학교회계 예산편성 및 집행지침\n- 194 -\n사업명\n35. 학생분산배치교지원\n기존 þ  \n신규 □  \n소속\n재무행정과\n직ㆍ성명ㆍ연락처\n주무관 허윤정(320-3223)\n□ 사업목적\n  ◦ 인근학교(아름초 도담초, 나래초)의 과대와 늘봄초 과소를 해소하기 위한 \n공동학구 운영 사업비 지원\n□ 관련근거\n  ◦ ｢초·중등교육법 시행령｣ 제16조(입학기일 등의 통보), 제52조(학생배치계획)\n□ 사업내용 \n  ◦ 사업대상: 늘봄초\n  ◦ 운영내용: 행정 연속성 및 교육수요자의 신뢰성 확보, 학생 분산배치 효과를 \n극대화하기 위해 일정 수준의 지속적 행·재정 지원\n  ◦ 지원단가: 40,000천원\n□ 행정사항\n구  분\n내  용\n예\n산\n과\n목\n▸기본적교육활동-교과활동-교과활동지원\n▸기본적교육활동-창의적체험활동-자율·자치활동\n▸선택적교육활동-방과후학교운영-방과후학교운영\n▸기타 학교에서 지정하는 사업에 해당하는 예산과목\n업무추진비편성\n▸업무추진비 편성 가능\n지원불가항목\n▸2개월 초과 인력 채용 인건비
2026학년도 학교회계 예산편성 및 집행지침	195	제3편 학교운영비 및 권장사업	제3편 학교운영비 및 권장사업\n- 195 -\n사업명\n36. 완성학급초과교지원\n기존 þ  \n신규 □  \n소속\n재무행정과\n직ㆍ성명ㆍ연락처\n주무관 허윤정(320-3223)\n□ 사업목적\n  ◦ 과대 학교 학생 학습권 피해 최소화 및 안정적 학교 운영을 위한 지원\n□ 관련근거\n  ◦ 공약사업 Ⅱ-4. 학급당 학생수 20명 실현\n□ 사업내용 \n  ◦ 사업대상: 향후 5년간 지속적 완성학급 초과 학급편성이 예상되는 초등학교 7개교\n(새롬초, 다정초, 해밀초, 나성초, 집현초, 나루초, 산울초) 한시적 지원\n  ◦ 운영내용: 과대학교의 안정적 학교 운영을 위해 필요한 경비 지원\n  ◦ 지원단가: 급당 552천원, 학생당 54천원\n (단위: 천원)\n학교명\n완성학급,\n학생수\n’26학년도 \n예상학급,학생수\n완성대비초과\n(A)\n단가\n(B)\n지원금\n(C=A×B)\n합계\n새롬초\n48\n61\n13\n552\n7,176\n14,520\n1,200\n1,336\n136\n54\n7,344\n다정초\n48\n58\n10\n552\n5,520\n7,572\n1,200\n1,238\n38\n54\n2,052\n해밀초\n42\n55\n13\n552\n7,176\n16,518\n1,050\n1,223\n173\n54\n9,342\n나성초\n42\n58\n16\n552\n8,832\n20,118\n1,050\n1,259\n209\n54\n11,286\n집현초\n36\n39\n3\n552\n1,656\n1,656\n900\n813\n-\n54\n-\n나루초\n24\n29\n5\n552\n2,760\n2,760\n600\n556\n-\n54\n-\n산울초\n18\n27\n9\n552\n4,968\n7,722\n450\n501\n51\n54\n2,754\n합 계\n70,866
2026학년도 학교회계 예산편성 및 집행지침	196	2026학년도 학교회계 예산편성 및 집행지침	2026학년도 학교회계 예산편성 및 집행지침\n- 196 -\n□ 행정사항\n구  분\n내  용\n예\n산\n과\n목\n▸기본적교육활동-교과활동-교과활동지원\n▸기타 학교에서 지정하는 사업에 해당하는 예산과목\n업무추진비편성\n▸업무추진비 편성 가능\n지원불가항목\n▸2개월 초과 인력 채용 인건비
2026학년도 학교회계 예산편성 및 집행지침	197	제3편 학교운영비 및 권장사업	제3편 학교운영비 및 권장사업\n- 197 -\n사업명\n37. 학교시설개방지원\n기존 □  \n신규 þ  \n소속\n재무행정과\n직ㆍ성명ㆍ연락처\n주무관 박강현(320-3215)\n□ 사업목적\n  ◦ 학교시설 개방교 대상 학교 시설물 보수 예산지원으로 학교 시설관리 \n부담 경감 및 학교시설 개방 활성화 유도\n□ 관련근거\n  ◦ ｢초·중등교육법｣ 제11조\n  ◦ ｢세종특별자치시교육감 소속 학교시설 개방 및 이용에 관한 규칙｣ \n□ 사업내용 \n  ◦ 사업대상: 공립 초·중·고·특수·각종학교(총 73교)\n  ◦ 운영내용: 학교시설 개방교* 대상 시설 유지보수예산 지원\n* '24.1. ～'25.7. 기간중시설개방교\n  ◦ 지원단가\n구분\n지원금액(중복 가능)\n체육시설* 개방교\n시험장 개방교\n금액\n2,000천원\n2,500천원\n대상\n해당 시설 개방교(매년 조사)\n \n      * 체육관(강당), 테니스장, 풋살장 등(운동장 제외)\n□ 행정사항\n구  분\n내  용\n예\n산\n과\n목\n▸학교 일반운영-시설장비유지-학교시설장비유지\n업무추진비편성\n▸업무추진비 편성 가능(시설개방 관련 업무추진)\n지원불가항목\n▸해당없음\n□ 학교 현장에 맞게 반영할 사항\n  ◦ 학교 여건에 맞춰 시설물 보수공사, 보수용 물품 구입, 청소용역 등 자율 집행
2026학년도 학교회계 예산편성 및 집행지침	198	2026학년도 학교회계 예산편성 및 집행지침	2026학년도 학교회계 예산편성 및 집행지침\n- 198 -\n사업명\n38. 노후관사시설수선지원\n기존 □  \n신규 þ  \n소속\n재무행정과\n직ㆍ성명ㆍ연락처\n주무관 박수연(320-3211)\n□ 사업목적\n  ◦ 쾌적하고 안정적인 주거환경 제공으로 교직원의 근무 여건 개선\n  ◦ 학교의 관사 관리 부담 경감 도모 및 관사 활용도 제고\n□ 관련근거\n  ◦ ｢농어업인삶의질법｣ 제26조제2항\n  ◦ ｢세종특별자치시 교육비특별회계 소관 공유재산 관리 조례｣ 제53조\n□ 사업내용 \n  ◦ 사업대상: 노후관사 시설수선 신청교(연봉초, 전의중)\n      ※ 학교 관사 활용 실태 점검('25. 8.)\n  ◦ 운영내용: 노후관사 내·외부 시설 환경개선을 위한 지원\n  ◦ 지원단가: 연봉초 7,504천원, 전의중 9,367천원\n□ 행정사항\n구  분\n내  용\n예\n산\n과\n목\n▸학교 일반운영-시설장비유지-학교시설장비유지\n업무추진비편성\n▸업무추진비 편성 불가\n지원불가항목\n▸비품구입비\n□ 학교 현장에 맞게 반영할 사항\n  ◦ 노후관사 시설수선 예산 신청 시 제출한 수선 내용 반영하여 집행\n  ◦ 교육청 지원 예산 외 추가 소요 재원은 학교 자체 예산 확보\n  ◦ 사업 종료 후 10일 이내 결과보고서 제출
2026학년도 학교회계 예산편성 및 집행지침	199	제3편 학교운영비 및 권장사업	제3편 학교운영비 및 권장사업\n- 199 -\n사업명\n39. 방과후·돌봄환경개선지원\n기존 □  \n신규 þ  \n소속\n교육복지과\n직ㆍ성명ㆍ연락처\n장학사 유하나(320-3314)\n□ 사업목적\n  ◦ 교육·놀이·쉼이 있는 아동친화적 환경구축으로 내실있는 방과후·돌봄학교 운영\n□ 관련근거\n  ◦ 2026년도 보통교부금 기준재정수요액 산정 기초자료 제출요청(교육부늘봄\n학교정책과-2714, 2025. 7. 21.)\n□ 사업내용 \n  ◦ 사업대상: 방과후·돌봄환경개선 신청 6교\n      ※ 나루초, 바른초, 조치원교동초, 참샘초, 전의초, 다정초\n  ◦ 운영내용: 방과후·돌봄학교의 안정적 운영을 위한 환경 개선지원\n  ◦ 지원단가\n구축유형\n돌봄교실 노후시설 환경개선\n1,2학년연구실구축\n지원단가\n실당 8,000천원\n실당 20,000천원\n \n□ 행정사항\n구  분\n내  용\n예\n산\n과\n목\n▸선택형교육활동-방과후학교운영-늘봄학교운영\n업무추진비편성\n▸업무추진비 편성 불가\n지원불가항목\n▸돌봄교실 교재교구 \n1 ·2학년연구실\n비품구입범위\n▸pc 및 노트북, 업무용책상, 회의테이블, 소파, 사물함, 프린터, 냉장고 등\n  ※ 겸용교실 담임수와 pc 또는 노트북 구입 수량 일치 \n  ※ 전동 소파(안마의자)등 구입 불가\n□ 학교 현장에 맞게 반영할 사항\n  ◦ 환경개선지원비 100% 집행이 원칙, 단 집행잔액 10만원 이하는 학교운영비로 전환 가능\n  ◦ 환경구축 완료일로부터 10일 이내 정산서 및 구축 결과보고서 제출\n   ※ 교육복지과-11568(2025. 7. 3.)「2025학년도 늘봄공간조성 2차수요조사 계획안내」[서식2] 작성 제출\n  ◦ 신설교(개교 3년이내) 1·2학년 연구실 구축 시 리모델링을 통한 시설구축은 \n가급적 지양하고 비품구입을 통한 환경구축 권장
2026학년도 학교회계 예산편성 및 집행지침	200	2026학년도 학교회계 예산편성 및 집행지침	2026학년도 학교회계 예산편성 및 집행지침\n- 200 -\n사업명\n40. 방과후학교운영지원\n기존 þ  \n신규 □  \n소속\n교육복지과\n직ㆍ성명ㆍ연락처\n장학사 송아람(320-3316)\n□ 사업목적\n  ◦ 방과후학교 운영에 필요한 예산지원으로 방과후학교 활성화\n□ 관련근거\n  ◦ 교육감 공약 Ⅳ-3. 사교육 걱정 없는 방과후 돌봄 생태계 조성\n  ◦ ｢세종특별자치시교육청 방과후학교 운영 및 지원에 관한 조례｣\n□ 사업내용 \n  ◦ 사업대상: 공사립 초‧중‧고, 각종학교\n  ◦ 운영내용: 방과후학교 활성화를 위한 운영비 지원\n  ◦ 지원단가\n초등학교\n읍 ∙ 면 ∙ 동\n학급 수×200천원×3강좌\n중학교\n읍 ∙ 면 ∙ 동\n학급 수×200천원×3강좌\n고등학교\n읍 ∙ 면 ∙ 동\n학급 수×200천원×2강좌\n신설 학교\n학급 수×200천원×6강좌\n    * 읍‧면 지역 초·중교는 15학급 이하일 경우 최저 보존금액 8,000천원 지원\n□ 행정사항\n구  분\n내  용\n예\n산\n과\n목\n▸선택적교육활동-방과후학교운영-방과후학교운영\n▸(초등)선택적교육활동-방과후학교운영-늘봄학교운영\n업무추진비편성\n▸업무추진비 편성 불가\n지원불가항목\n▸해당없음\n사\n업\n범\n위\n▸ 학생 수강료(강사비, 재료비, 도서구입비, 수용비 등) 지원\n▸ 방과후학교 개인 위탁 강사 고용보험, 산재보험 기관부담금\n▸ 방과후학교 자원봉사자 봉사실비 지원\n▸ 방과후학교 업무경감을 위한 프로그램 구입비 지원\n▸ 비품 구입 및 시설 구축(수선)비로 교부예산의 20% 이하 집행 가능\n▸ 수용비(방과후학교 자원봉사자 봉사실비 제외)는 교부예산의 5% 이하 집행 가능
2026학년도 학교회계 예산편성 및 집행지침	201	제3편 학교운영비 및 권장사업	제3편 학교운영비 및 권장사업\n- 201 -\n□ 학교 현장에 맞게 반영할 사항\n  ◦ 연간 방과후학교 운영 계획 수립 후 학교운영위원회 심의(자문) 실시 \n  ◦ 비품 구입 및 시설 구축(수선)비는 직접적 관련 방과후학교 프로그램 운영시 가능\n  ◦ 기타: 정산서 제출(사업 담당 부서에서 별도 안내 예정)
2026학년도 학교회계 예산편성 및 집행지침	202	2026학년도 학교회계 예산편성 및 집행지침	2026학년도 학교회계 예산편성 및 집행지침\n- 202 -\n사업명\n41. 초등돌봄교실운영지원\n기존 þ  \n신규 □  \n소속\n교육복지과\n직ㆍ성명ㆍ연락처\n장학사 원정화(320-3313)\n□ 사업목적\n  ◦ 학생의 돌봄 수요를 반영한 촘촘하고 안정적인 돌봄 환경 제공\n  ◦ 양질의 교육 ⸱ 돌봄 서비스 제공 및 현장 지원 강화\n□ 관련근거\n  ◦ 교육감 공약 Ⅳ-3. 사교육 걱정 없는 방과후 돌봄 생태계 조성\n  ◦ ｢2024년 세종형 늘봄학교 운영 계획｣(교육복지과-10244, 2024. 12. 9.) \n□ 사업내용 \n  ◦ 사업대상: 돌봄전담사 운영 오후돌봄 및 방과후연계형 돌봄교실\n  ◦ 운영내용: 초등돌봄교실 운영을 위한 운영비 지원\n  ◦ 지원단가\n오후돌봄교실\n운영비\n방과후연계형\n돌봄교실 운영비\n단체활동운영비\n급식비\n간식비\n실당 3,000천원\n실당 3,000천원\n실당 3,000천원\n실당 7,920천원\n실당 7,800천원\n□ 행정사항\n구  분\n내  용\n예\n산\n과\n목\n▸선택적교육활동-방과후학교운영-늘봄학교운영\n업무추진비편성\n▸업무추진비 편성 불가\n지원불가항목\n▸대체인력 인건비 집행 불가(순회초등돌봄전담사제 활용)\n집\n행\n관\n리\n▸운영비(자원봉사자 활동비, 재료비, 도서 구입비, 수용비, 초과근무수당 등)\n▸단체활동운영비(프로그램 강사비, 재료비)\n▸급식비(방학 중 자체조리, 위탁급식, 도시락 비용 등 소요 비용)
2026학년도 학교회계 예산편성 및 집행지침	203	제3편 학교운영비 및 권장사업	제3편 학교운영비 및 권장사업\n- 203 -\n□ 학교 현장에 맞게 반영할 사항\n  ◦ 단체활동과 급⸱간식 운영을 제외한 초등돌봄교실 운영비 예산의 10% \n이하 비품 구입 가능(단, 시설 구축(수선)비로는 집행 불가)\n  ◦ 초등돌봄교실 자원봉사자는 근로자가 아닌 위촉직이므로 예산편성 및 집행 주의\n     ※ 봉사직 대상 (근로)계약서, 출·퇴근부, 근무일지 작성 금지 → 봉사직 위촉장 교부 \n     ※ 인건비, 급여, 근로자, 출퇴근, 계약, 임용 등의 용어 사용 금지, 시간에 비례하는 임금성 \n금품 지급 불가 \n  ◦ 아래 내용에 해당하는 경우 초과근무수당으로 집행 가능\n    ① 방학 중 초등돌봄 시간 확대, 저녁돌봄교실 운영에 따른 초과근무 시\n    ② 돌봄전담사의 교육청 주관 연수 참여 시\n  ◦ 급·간식비 집행 후 급·간식비 총교부액의 10% 미만 집행 잔액 발생 시 \n학교운영비(초등돌봄교실 외)로 전환 가능. 급·간식비 총 교부액의 \n10%이상 집행 잔액 발생시 반납
2026학년도 학교회계 예산편성 및 집행지침	204	2026학년도 학교회계 예산편성 및 집행지침	2026학년도 학교회계 예산편성 및 집행지침\n- 204 -\n사업명\n42. 현장체험학습비(1일형체험학습·수련활동·수학여행)지원\n기존 þ  \n신규 □  \n소속\n교육복지과\n직ㆍ성명ㆍ연락처\n주무관 임지영(320-3354)\n□ 사업목적\n  ◦ 초·중·고·특수학교 학생 현장체험학습비 지원으로 학부모의 교육비 부담 경감\n□ 관련근거\n  ◦ ｢초·중등교육법｣ 제60조의4(교육비 지원)\n  ◦ ｢세종특별자치시교육청 학생 현장체험학습비 지원에 관한 조례｣\n  ◦ 공약사항 Ⅲ-1. 현장체험학습비, 체육복비 등 전원 무상 지급\n□ 사업내용 \n  ◦ 사업대상: 초·중·고·특수학교\n  ◦ 운영내용: 1일형 현장체험학습비, 수련활동비, 수학여행비 지원\n    - 지원대상(기준학년)\n1일형 현장체험학습비\n수련활동비\n수학여행비\n초4학년, 중3학년, 고3학년, 특수학교\n초5학년, 중1학년, 고1학년\n초6학년, 중2학년, 고2학년\n※ 기준학년과 실시학년이 일치하지 않는 학교는 ΄26. 3월에 조사 후 실시학년 기준으로 조정  \n  ◦ 지원단가\n구분(공․사립)\n1일형 현장체험학습비\n수련활동비\n수학여행비\n초\n30천원\n100천원\n150천원\n중\n40천원\n120천원\n200천원\n고\n50천원\n150천원\n300천원 \n특수\n40천원\n-\n-\n□ 행정사항\n구  분\n내  용\n예\n산\n과\n목\n▸기본적교육활동-창의적체험활동-현장체험학습활동\n업무추진비편성\n▸업무추진비 편성 불가\n지\n원\n항\n목\n▸학생 현장체험학습에 필요한 직접 경비\n - 숙박비, (간)식비, 교통비, 체험비, 입장료, 보험료, 위탁용역비 등
2026학년도 학교회계 예산편성 및 집행지침	205	제3편 학교운영비 및 권장사업	제3편 학교운영비 및 권장사업\n- 205 -\n구  분\n내  용\n지원불가항목\n▸인솔 교직원 경비 일체\n▸소모성 물품(앨범 제작, 단체복, 상품 등), 인쇄비 등 학생 현장체험학습 \n직접 경비 외 집행 불가\n▸교내 활동에 따른 사업비로 집행 불가\n※ 현장체험학습이란 「초·중등교육법 시행령」 제48조에 따라 각급 학교에서 \n실시하는 학교 밖에서 이루어지는 교육활동을 말함(세종특별자치시교육청 \n학생 현장체험학습비 지원에 관한 조례 제2조)\n□ 학교 현장에 맞게 반영할 사항\n  ◦ 각 학교 현장체험학습 실시 학년의 ´26. 3. 1.자 학생 수 기준으로 지원\n     ※ 현장체험학습비 지원 학생 수보다 실제 참여 학생 수가 많은 경우, 학교 예산 등 자체적으로 \n집행(입주 등 전입 요소가 발생하여 3.1.자 지원 학생 수 대비 10% 이상 증가한 경우에 \n한하여 9.1.자 학생 수로 조정 교부)\n  ◦ (공통) 학생 1인당 예산지원금을 초과하여 현장체험학습비로 지원할 수 없음\n예) 초등학교 수학여행비: 1인당 15만원을 초과하여 지원할 수 없음\n  ◦ (공통) 현장체험학습비 집행 후, 교부액의 10% 미만 집행잔액 발생 시 \n학교운영비(현장체험학습비 외)로 전환 가능. 교부액의 10%이상 집행 \n잔액 발생시 반납\n  ◦ (수련활동비) 교육과정 상 수련활동을 실시하지 않는 학교는 해당 학년의 \n기타 현장체험학습비로 집행 가능\n  ◦ (식비·간식비 단가) 1식 10,000원, 간식 1일 3,000원\n     ※ 위 단가를 참고하되, 학교운영위원회 협의 등을 통해 학교장이 자체 단가 기준 마련 \n가능(현지 물가 사정 등 고려)
2026학년도 학교회계 예산편성 및 집행지침	206	2026학년도 학교회계 예산편성 및 집행지침	2026학년도 학교회계 예산편성 및 집행지침\n- 206 -\n사업명\n43. 영양체험식생활교육지원\n기존 þ  \n신규 □  \n소속\n교육복지과\n직ㆍ성명ㆍ연락처\n주무관 전하경(320-3325)\n□ 사업목적\n  ◦ 성장기 학생의 건강증진을 위한 바람직한 식생활 습관 배양\n□ 관련근거\n  ◦ ｢어린이 식생활안전관리 특별법｣ 제13조(어린이 식품 안전·영양교육 및 홍보 등)\n  ◦ ｢학교급식법｣ 제3조(국가·지방자치단체의 임무) 및 제13조(식생활 지도 등)\n□ 사업내용 \n  ◦ 사업대상: 유·초·중·고·특수·각종학교 중 공모 선정 4교\n  ◦ 운영내용: 환경을 생각한 음식물쓰레기 줄이기, 우리농산물을 활용한 \n식생생활교육, 편식 교정 등 식생활교육 담당자가 학생수 등을 \n고려하여 학교 실정에 맞는 자유로운 프로그램 운영\n  ◦ 지원단가: 교당 1,600천원\n□ 행정사항\n구  분\n내  용\n예\n산\n과\n목\n▸기본적교육활동-교과활동-교과활동지원\n업무추진비편성\n▸업무추진비 편성 불가\n지원불가항목\n▸교직원 강사수당 편성 불가\n▸필요시 외부 강사를 활용하되 외부 강사비 과다 편성 지양\n추가 지원사항\n▸ 해당 사업 공모 선정교에 한해 교육부에서 개발한 영양·식생활 교육 \n책자 지원 예정\n□ 학교 현장에 맞게 반영할 사항\n  ◦ 해당 사업 공모 선정교에 한해 교육부에서 개발한 영양·식생활 교육 책자 \n지원 예정
2026학년도 학교회계 예산편성 및 집행지침	207	제3편 학교운영비 및 권장사업	제3편 학교운영비 및 권장사업\n- 207 -\n사업명\n44. 교육복지선도학교지원\n기존 þ  \n신규 □  \n소속\n교육복지과\n직ㆍ성명ㆍ연락처\n주무관 임지연(320-3339)\n□ 사업목적\n  ◦ 교육취약계층 학생이 밀집한 학교(초·중학교)를 집중지원으로 학생의 \n교육·문화·복지 수준 제고 및 교육격차 해소\n□ 관련근거\n  ◦ ｢교육복지우선지원사업 관리‧운영에 관한 규정｣(교육부 훈령 제332호)\n□ 사업내용 \n  ◦ 사업대상: 교육복지우선지원사업 희망 초․중학교\n  ◦ 운영내용: 경제․사회․문화적으로 취약한 교육여건에 있는 학생들에게 맞춤형\n(학습, 문화․체험, 심리․정서, 복지․지원 프로그램 운영 등) 통합\n지원으로 전인적 성장․발달을 지원함\n  ◦ 지원단가: 사업 유형 및 학교 요구 등을 고려한 차등 지원\n구분\n밀집형\n연합형\n연계형\n지원 기준\n 법정저소득학생 25명 이상 \n초·중학교\n 인근지역 2교 연합, 법정저소득\n학생 25명 이상 초·중학교\n 법정저소득+ 중위소득\n(80% 이하) 학생 수 15명 \n이상 초·중학교\n지원 단가\n교당 20,000~25,000천원\n교당 10,000~15,000천원\n교당 5,000~10,000천원\n사업 기간\n최초(5년), 재지정(3년)\n최초(3년), 재지정(2년)\n1년\n※ 법정저소득 학생 수(국민기초+법정한부모+법정차상위)\n□ 행정사항\n구  분\n내  용\n예\n산\n과\n목\n▸학생복지/교육격차 해소-학생복지-교육복지우선\n업무추진비편성\n▸업무추진비 편성 가능\n지원불가항목\n▸자산 취득성 물품 및 시설 기자재 구입\n▸학생 현금 지원, 복지실 구축비
2026학년도 학교회계 예산편성 및 집행지침	208	2026학년도 학교회계 예산편성 및 집행지침	2026학년도 학교회계 예산편성 및 집행지침\n- 208 -\n□ 학교 현장에 맞게 반영할 사항\n  ◦ 비품비, 출장비, 급량비, 공공요금 등 경비는 20%를 초과하지 않도록 함\n  ◦ 학생 맞춤형 지원비(예: 안경구입지원, 병원치료지원 등)은 교육복지위원회 \n협의를 통해 자율적으로 편성(단, 현금 지원 불가)\n  ◦ 교육복지사 초과근무수당은 사업비의 5% 이내로 적정 편성 가능, 초과분은 \n학교 운영비에서 편성 운영
2026학년도 학교회계 예산편성 및 집행지침	209	제3편 학교운영비 및 권장사업	제3편 학교운영비 및 권장사업\n- 209 -\n사업명\n45. 교과용도서무상지원\n기존 þ  \n신규 □  \n소속\n교육복지과\n직ㆍ성명ㆍ연락처\n주무관 김보연(320-3315)\n□ 사업목적\n  ◦ 교육 공공성 강화를 통한 교육기본권 실현 및 균등한 교육기회 보장\n□ 관련근거\n  ◦ ｢초·중등교육법｣제10조의 2(고등학교 등의 무상교육)\n□ 사업내용 \n  ◦ 사업대상: 고등학교 전체(공립고 21교, 각종학교 1교)\n  ◦ 운영내용: 고등학교 재학생 교과용도서 무상지원\n  ◦ 지원단가: ’25학년도 학교별 학생 1인당 지원단가×’26.3.1.자 학생수×\n교과용도서 가격 인상률\n□ 행정사항\n구  분\n내  용\n예\n산\n과\n목\n▸학생복지/교육격차 해소-학생복지-교육복지우선\n업무추진비편성\n▸업무추진비 편성 불가\n지원불가항목\n▸특별활동 및 방과후학교에 사용하는 부교재 구입비\n▸교사용 교과서·지도서\n※ 중·고 교과용 지도서 구입비는 필요시 권장사업으로 편성\n□ 학교 현장에 맞게 반영할 사항\n  ◦ (집행잔액) 당해 연도 교과용도서 대금 정산 후 발생한 집행잔액은 다음 \n연도의 교과용도서 구입비로 활용
2026학년도 학교회계 예산편성 및 집행지침	210	2026학년도 학교회계 예산편성 및 집행지침	2026학년도 학교회계 예산편성 및 집행지침\n- 210 -\n사업명\n46. 유치원급식비지원\n기존 þ  \n신규 □  \n소속\n교육복지과\n직ㆍ성명ㆍ연락처\n주무관 고주연(320-3326)\n□ 사업목적\n  ◦ 유치원 원아의 건전한 심신 발달 및 삶의 질 향상 도모\n□ 관련근거\n  ◦ ｢학교급식법｣ 제8조(경비부담 등) 및 제9조(급식에 관한 경비의 지원)\n□ 사업내용 \n  ◦ 사업대상: 유치원\n  ◦ 운영내용: 학기중 중식 유치원급식비(식품비, 운영비)\n    - 지원기간: 2026. 3. 1. ~ 2027. 2. 28. (최대 190일)\n    - 상반기 3. 1.자 원아 수를 기준으로 교부 후 9월 중 연간 급식 일수와 \n원아 수를 고려하여 수정 교부 예정   \n  ◦ 지원단가(예정)\n(단위: 원)\n구분\n식품비\n운영비\n합계\n100명 이하\n3,180\n390\n3,570\n101명 이상\n3,100\n360\n3,460\n□ 행정사항\n구  분\n내  용\n예\n산\n과\n목\n▸학생복지/교육격차해소-급식관리-학교급식운영\n업무추진비편성\n▸업무추진비 편성 불가\n지원불가항목\n▸학기중 중식 급식비(식품비, 운영비) 외 지원 불가(세종 학교급식 시설 \n내 점심 급식을 제공하는 경우만 집행 가능)\n□ 학교 현장에 맞게 반영할 사항\n  ◦ 매월 1일자 급식 학생수와 급식일수, 지원단가를 근거로 월별 집행예정액 산출\n  ◦ 운영비 집행잔액은 식품비로 전환 사용 가능(단, 식품비는 운영비로 집행 불가)
2026학년도 학교회계 예산편성 및 집행지침	211	제3편 학교운영비 및 권장사업	제3편 학교운영비 및 권장사업\n- 211 -\n사업명\n47. Non-GMO식재료구입비지원\n기존 þ  \n신규 □  \n소속\n교육복지과\n직ㆍ성명ㆍ연락처\n주무관 임승환(320-3327)\n□ 사업목적\n  ◦ 안전하고 우수한 식재료를 사용하여 신뢰받는 학교급식 제공\n□ 관련근거\n  ◦ ｢학교급식법｣ 제10조 및 같은법 시행규칙 제4조\n  ◦ ｢세종특별자치시교육청 유해물질 식재료 사용 제한에 관한 조례｣ 제3조\n□ 사업내용 \n  ◦ 사업대상: 유․초․중․고․특수․각종학교\n  ◦ 운영내용: 국내산 Non-GMO 식재료 및 전통장류를 사용한 급식 운영\n  ◦ 지원단가\n (단위: 천원)\n학급수\n단설유치원\n학급수\n초등학교\n중학교\n고ž특수학교\n예산액\n예산액\n예산액\n예산액\n7학급미만\n1,000\n20학급미만\n1,100\n1,300\n1,500\n7학급이상\n1,400\n20학급~39학급\n1,500\n1,700\n1,900\n40학급이상\n1,900\n2,100\n2,300\n※ 병설유치원 학급수를 초등학교 학급수에 포함하여 지급\n□ 행정사항\n구  분\n내  용\n예\n산\n과\n목\n▸학생복지/교육격차 해소-급식 관리-학교급식운영\n업무추진비편성\n▸업무추진비 편성 불가\n지원불가항목\n▸비품구입비, 강사비 사용 불가\n▸학기중 중식 Non-GMO 식재료 외 지원 불가\n(세종 학교급식 시설 내 점심 급식을 제공하는 경우만 집행 가능)\n□ 학교 현장에 맞게 반영할 사항\n  ◦ GMO없는 학교급식 행사 또는 지역 우수농산물을 활용한 식단 등 탄력 운영 가능\n  ◦ 학교급식 식재료 구매 시 지역산 Non-GMO 식재료 사용 적극 권장
2026학년도 학교회계 예산편성 및 집행지침	212	2026학년도 학교회계 예산편성 및 집행지침	2026학년도 학교회계 예산편성 및 집행지침\n- 212 -\n사업명\n48. 학교공간혁신운영지원\n기존 þ  \n신규 □  \n소속\n교육시설과\n직ㆍ성명ㆍ연락처\n장학사 김은미(320-3441)\n주무관 유기왕(320-3442)\n□ 사업목적\n  ◦ 학교 사용자의 주도적 참여설계를 통해 교육과정과 연계한 배움과 삶이 \n있는 미래형 학교 공간 구축\n□ 관련근거\n  ◦ 2025년 미래공간담당 업무계획(2025년 부서별 업무계획 보고회 결과 \n보고, 미래기획관-4753, 2024.12.26.)\n□ 사업내용 \n  ◦ 사업대상: 2026년도 세종꿈마루(영역,협업) 대상교, 세종꿈마루(교실) 대상교\n  ◦ 운영내용: 학교공간혁신(세종꿈마루) 사용자 참여 설계 운영을 위한 지원\n    ­ [세종꿈마루(영역,협업)] 유연하고 다양한 학습이 가능하고, 배움·쉼·\n놀이가 균형을 이루도록 공간을 구축하는 공간 혁신 사업의 사용자 \n참여 설계 운영비와 비품 구입비, 교수학습자료 구입비 지원\n    ­ [세종꿈마루(교실)] 초등 1학년의 입학 초기 빠른 학교 적응과 학부모가 \n자녀를 안심하고 맡길 수 있는 교육환경 조성을 위한 초등 1학년 교실 \n공간 혁신 사업의 사용자 참여 설계 운영비 및 비품 구입비 지원\n  ◦ 지원단가\n구분\n사용자 참여 설계 운영비\n비품 구입비\n세종꿈마루(영역,협업)\n교당 19,000천원\n교당 10,000~20,000천원\n세종꿈마루(교실)\n교당 19,000천원 내외\n학급당 3,000천원 \n \n□ 행정사항\n구  분\n내  용\n예\n산\n과\n목\n▸교육활동지원–교육여건개선–교육환경개선\n업무추진비편성\n▸업무추진비 편성 가능(비품비 제외 5%이내)\n지원불가항목\n▸세종꿈마루(영역,협업), 세종꿈마루(교실) 사업 목적 외 운영비로 집행 불가
2026학년도 학교회계 예산편성 및 집행지침	213	제3편 학교운영비 및 권장사업	제3편 학교운영비 및 권장사업\n- 213 -\n사업명\n49. 화재시축광패치설치지원\n기존 □  \n신규 þ  \n소속\n교육시설과\n직ㆍ성명ㆍ연락처\n주무관 한명준(320-3436)\n□ 사업목적\n  ◦ 학교 복도 및 계단 비상대피로에 축광패치를 설치하여 화재시 연기로 인해 시야 \n확보가 어려운 상황에도 학생 및 교직원이 직관적으로 대피할 수 있도록 유도\n  ◦ 피난기구 및 소화기 위치 표시, 피난구 유도등을 보조하는 대피시설을 \n추가 설치하여 화재 및 재난 상황 대비 철저\n□ 관련근거\n  ◦ 2026년도 주민참여예산사업 선정 결과 안내(조직예산과-6434, 2025.09.15.)\n□ 사업내용 \n  ◦ 사업대상: 관내 공·사립 유, 초, 중, 고 중 희망 학교\n  ◦ 운영내용: 비상대피를 위한 축광패치 설치 예산 지원\n  ◦ 지원단가: 교당 2,000천원\n□ 행정사항\n구  분\n내  용\n예\n산\n과\n목\n▸교육활동지원-교육여건개선-교육환경개선\n업무추진비편성\n▸업무추진비 편성 불가\n지원불가항목\n▸업무추진비, 여비, 목적외 운영비 등 집행 불가\n□ 학교 현장에 맞게 반영할 사항\n  ◦ 기존 피난기구, 소화기, 피난구 유도등 소방시설이 가리지 않도록 설치 \n  ◦ 단순 환경개선사업 집행 지양 \n  ◦ 사업 완료 후, 주민참여예산사업 결과보고서 및 정산서 제출\n    - 교육시설과(사업담당), 조직예산과(주민참여예산담당) 동시 제출
2026학년도 학교회계 예산편성 및 집행지침	214	2026학년도 학교회계 예산편성 및 집행지침	2026학년도 학교회계 예산편성 및 집행지침\n- 214 -\n사업명\n50. 교내그늘막설치지원\n기존 þ  \n신규 □  \n소속\n교육시설과\n직ㆍ성명ㆍ연락처\n주무관 신필재(320-3414)\n□ 사업목적\n  ◦ 교내 공터에 소규모 그늘막(파라솔 등) 설치하여 쉼 공간 확보\n□ 관련근거\n  ◦ 2026년도 주민참여예산사업 선정 결과 안내(조직예산과-6434, 2025.09.15.)\n□ 사업내용 \n  ◦ 사업대상: 관내 공·사립 유, 초, 중, 고 중 희망 학교\n  ◦ 운영내용: 그늘막(파라솔 등) 설치를 위한 예산 지원\n  ◦ 지원단가: 교당 1,500천원\n□ 행정사항\n구  분\n내  용\n예\n산\n과\n목\n▸교육활동지원-교육여건개선-교육환경개선\n업무추진비편성\n▸업무추진비 편성 불가\n지원불가항목\n▸업무추진비, 여비, 목적외 운영비 등 집행 불가\n□ 학교 현장에 맞게 반영할 사항\n  ◦ 소방차 진입로 고려 및 그늘막 설치를 위한 물품비 집행 가능\n  ◦ 강풍 등에 따른 그늘막 개폐 관리 등 철저한 유지보수\n  ◦ 접이식 그늘막 설치시 안전관리 및 학생 지도 철저\n  ◦ 사업 완료 후, 주민참여예산사업 결과보고서 및 정산서 제출\n    - 교육시설과(사업담당), 조직예산과(주민참여예산담당) 동시 제출
2026학년도 학교회계 예산편성 및 집행지침	215	제3편 학교운영비 및 권장사업	제3편 학교운영비 및 권장사업\n- 215 -\n사업명\n51. 학교공유우산,양심우산지원\n기존 □\n신규 þ  \n소속\n조직예산과\n직ㆍ성명ㆍ연락처\n주무관 김증원(320-1532)\n□ 사업목적\n  ◦ 예측 불가능한 기후 변화로 우천시 우산이 없는 학생의 안전한 하굣길 지원\n  ◦ 공공성 확장을 통해 민주시민 교육과 연계한 학생 자치활동 활성화\n□ 관련근거\n  ◦ 2026년도 주민참여예산사업 선정 결과 안내(조직예산과-6434, 2025.09.15.)\n□ 사업내용 \n  ◦ 사업대상: 관내 공·사립 유, 초, 중, 고 중 희망 학교\n  ◦ 운영내용: 학교 공유우산, 양심우산 설치를 위한 예산 지원\n  ◦ 지원단가: 유치원·초등학교 1,220천원, 중·고등학교 1,720천원\n      ※ 공유우산 및 우산보관대 희망 수량에 따라 일부 학교 지원단가 조정\n□ 행정사항\n구  분\n내  용\n예\n산\n과\n목\n▸기본적교육활동-창의적체험활동-자율·자치활동\n업무추진비편성\n▸업무추진비 편성 불가\n지원불가항목\n▸업무추진비, 여비, 목적외 운영비 등 집행 불가\n□ 학교 현장에 맞게 반영할 사항\n  ◦ 공유 우산이 적시에 활용되고 회수될 수 있도록 관리 필요\n  ◦ 함께 사용하고 공유할 수 있도록 공유 우산에 대한 학생 자치교육 실시\n  ◦ 자체 유휴 우산 등을 활용하여 학교 상황에 맞게 확대 추진\n  ◦ 사업 완료 후, 주민참여예산사업 결과보고서 및 정산서 제출
2026학년도 학교회계 예산편성 및 집행지침	216	2026학년도 학교회계 예산편성 및 집행지침	2026학년도 학교회계 예산편성 및 집행지침\n- 216 -\n사업명\n52. 교실형안전체험관운영지원\n기존 þ  \n신규 □  \n소속\n학교안전과\n직ㆍ성명ㆍ연락처\n장학사 최지은(320-1712)\n□ 사업목적\n  ◦ 교육과정 연계 연간 51차시 이상 학생 안전교육 이수 지원을 위한 안전\n교육 시설 지원\n□ 관련근거\n  ◦ ｢학교안전사고 예방 및 보상에 관한 법률｣ 제4조\n  ◦ 2025학년도 학교안전사고 예방 지역계획(학교안전과-515, 2025.1.15.)\n□ 사업내용 \n  ◦ 사업대상: 조치원대동초, 늘봄초, 새롬초, 새뜸초, 새움초, 한결초, 두루고, \n새롬고 총 8교\n  ◦ 운영내용: 체험시설 활용 안전교육 프로그램 운영 지원\n  ◦ 지원단가: 교당 4,000천원\n□ 행정사항\n구  분\n내  용\n예\n산\n과\n목\n▸교육활동지원-생활지도운영-학생안전교육\n업무추진비편성\n▸업무추진비 편성 가능\n지원불가항목\n▸교실형 안전체험관 운영과 관련 없는 시설비, 자산취득비 등 사용 불가\n□ 학교 현장에 맞게 반영할 사항\n  ◦ 프로그램 운영을 위한 강사비 편성, 체험프로그램 운영을 위한 교구구입,\n리플릿, 안전교육교재 등 자료개발 및 인쇄비 활용, 체험시설수리·유지보수\n  ◦ 사업 완료 후 결과보고서 및 정산서 제출
2026학년도 학교회계 예산편성 및 집행지침	217	제3편 학교운영비 및 권장사업	제3편 학교운영비 및 권장사업\n- 217 -\n사업명\n53. 건강증진실천학교지원\n기존 þ  \n신규 □  \n소속\n학교안전과\n직ㆍ성명ㆍ연락처\n장학사 박은진(320-1721)\n□ 사업목적\n  ◦ 학교별 건강실태를 분석하여 맞춤형 학생건강증진프로그램(비만, 체형불균형, \n감염병예방, 마약 등 약물오남용 예방, 구강관리 등)을 통한 보건교육을 \n운영할 수 있도록 학급 수에 맞게 예산을 지원하여 학생건강을 증진\n□ 관련근거\n  ◦ 2025년 주요업무계획 4-1-2 학생 건강권\n□ 사업내용 \n  ◦ 사업대상: 초,중,고,특,각종(총107교)\n  ◦ 운영내용: 보건교육 내실화, 건강증진프로그램 운영비 지원\n  ◦ 지원단가: 학급 수에 따른 차등 지원\n학급규모\n1~9학급\n10~29학급\n30학급이상\n지원단가\n250천원\n400천원\n500천원 \n□ 행정사항\n구  분\n내  용\n예\n산\n과\n목\n▸학생복지/교육격차해소-보건관리-학생및교직원보건안전관리\n업무추진비편성\n▸업무추진비 편성 가능(별도의 건강증진프로그램 운영에 한함)\n지원불가항목\n▸혈압기, 안마기, 족욕기 등 보건교육과 무관한 비품 구입 불가\n□ 학교 현장에 맞게 반영할 사항\n  ◦ 보건교육 지원과 관련 있는 내용에 맞게 편성: 보건교육 운영, 건강동아리, \n건강증진 프로그램 운영, 보건 보조 인력지원, 건강증진 관련 강사비 등\n  ◦ 사업 완료 후 결과보고서 및 정산서 제출
2026학년도 학교회계 예산편성 및 집행지침	218	2026학년도 학교회계 예산편성 및 집행지침	2026학년도 학교회계 예산편성 및 집행지침\n- 218 -\n사업명\n54. 학생정신건강지원\n기존 þ  \n신규 □  \n소속\n학교안전과\n직ㆍ성명ㆍ연락처\n주무관 배서원(320-1724)\n□ 사업목적\n  ◦ 학생 정신건강 지원으로, 학생 자살 예방 및 건강한 성장 도모\n□ 관련근거\n  ◦ ｢학교보건법｣ 제11조\n  ◦ 정신건강 위기학생 치료비지원 계획(학교안전과-4454, 2025. 4. 15.)\n□ 사업내용 \n  ◦ 사업대상: 초·중·고·특수·각종학교\n  ◦ 운영내용: 정신건강 위기학생 치료·상담비 및 학생·학부모·교직원 대상 정신\n건강교육비 등 지원\n  ◦ 지원단가: 학급수 기준에 따라 단가 차등 지원\n학급수\n1~9학급\n10~19학급\n20~29학급\n30~39학급\n40~49학급\n50학급이상\n지원단가\n500천원\n700천원\n800천원\n900천원\n1,000천원\n1,150천원 \n□ 행정사항\n구  분\n내  용\n예\n산\n과\n목\n▸학생복지/교육격차해소-보건관리-학생및교직원보건안전관리\n업무추진비편성\n▸업무추진비 편성 불가\n지원불가항목\n▸협의회비 사용 불가\n□ 학교 현장에 맞게 반영할 사항\n  ◦ 사업 완료 후 결과보고서 및 정산서 제출
2026학년도 학교회계 예산편성 및 집행지침	219	제3편 학교운영비 및 권장사업	제3편 학교운영비 및 권장사업\n- 219 -\n사업명\n55. 노후자동심장충격기(AED)교체지원\n기존 þ  \n신규 □  \n소속\n학교안전과\n직ㆍ성명ㆍ연락처\n주무관 김현지(320-1725)\n□ 사업목적\n  ◦ 교내 응급상황 발생 시 신속하게 대처하여 학생ㆍ교직원의 생명을 보호\n하기 위한 노후 자동심장충격기(AED) 교체비 지원\n□ 관련근거\n  ◦ 2024년 자동심장충격기(AED) 관리현황 점검결과 보고(학교안전과-1225, 2025.2.9.)\n  ◦ 보건복지부「자동심장충격기 설치 및 관리 지침」 \n□ 사업내용 \n  ◦ 사업대상: 자동심장충격기(AED) 취득일 2019년 학교 6교(유2, 초2, 중1, 고1)\n     ※ 교당1대(기숙사교 2대) 지원, 자체 예산으로 추가 구입한 경우 학교자체 교체\n  ◦ 운영내용: 내용연수(7년) 초과한 자동심장충격기(AED) 교체비 지원\n  ◦ 지원단가: 교당 1,600천원\n    ※ 나라장터 기준 자동심장충격기(AED) 가격은 154만원~215만원으로 지원예산은 자동\n심장충격기 구매를 위하여 사용, 보관함은 재사용을 권장\n□ 행정사항\n구  분\n내  용\n예\n산\n과\n목\n▸학생복지/교육격차해소-보건관리-학생및교직원보건안전관리\n업무추진비편성\n▸업무추진비 편성 불가\n지원불가항목\n▸자동심장충격기(AED) 구입으로만 사용 가능\n▸필요시 그 외 관련 있는 물품(배터리, 패드 등)은 최소화하여 구매
2026학년도 학교회계 예산편성 및 집행지침	220	2026학년도 학교회계 예산편성 및 집행지침	2026학년도 학교회계 예산편성 및 집행지침\n- 220 -\n□ 학교 현장에 맞게 반영할 사항\n  ◦ 의무설치기관에 준하여 자동심장충격기 신고·관리 철저   \n  ◦ 기기 교체 후 설치 공문으로 신고(세종시청 감염병관리과)\n  ◦ 기존 자동심장충격기 설치 신고가 되어 있는 경우 폐기 신고 동시 진행\n(기존 자동심장충격기는 폐기물 스티커 부착하여 폐기)\n  ◦ 자동심장충격기 관리 책임자를 1인 이상(정·부) 지정하고, 매월 1일을 \n정기점검의 날로 지정하여 매월 1회 이상 실시(월별 정기점검표 3년간 보관) \n  ◦ 자동심장충격기 설치 장소 홍보 권고(학교 홈페이지, 건물 내부 등)\n    ※ 관련 지침 및 서식 학생건강증진센터 홈페이지-건강정보자료실 탑재(자동심장충격기 설치 \n및 관리 지침 제7판(2024), 신고 및 폐기 서식, 점검표 등) 되어 있으며 개정시 최신판 탑재 \n  ◦ 사업 완료 후 결과보고서 및 정산서 제출
2026학년도 학교회계 예산편성 및 집행지침	221	제3편 학교운영비 및 권장사업	제3편 학교운영비 및 권장사업\n- 221 -\n사업명\n56. 청소위생관리비지원\n기존 þ  \n신규 □  \n소속\n학교안전과\n직ㆍ성명ㆍ연락처\n주무관 최미란(320-1734)\n□ 사업목적\n  ◦ 학교 청소·위생관리 지원을 통한 쾌적한 학교 환경 조성\n□ 관련근거\n  ◦「학교보건법」제4조(학교의 환경위생 및 식품위생) \n□ 사업내용 \n  ◦ 사업대상: 146교(유42, 초53, 중27, 고21, 특수2, 각종1)\n     ※ 사립고 1교 포함, BTL학교 제외(단, 자체 증축분 포함) \n  ◦ 운영내용: 학교 청소·위생관리를 위한 지원\n    - ① 대청소 용역(공용공간, 교실 등) ②청소물품 구입 ③화장실 위생관리\n(노후 화장실 위생용품수거함, 물비누 등 소모품 교체 등) ④기타 환경위생관리 등 \n  ◦ 지원단가: 학교급, 학급수, 연면적 기준에 따라 단가 차등 지원\n    \n지원대상 \n지원기준\n학교수\n단가\n지원금액\n비고\n병설유 \n6학급 이상 \n1\n1,410\n1,410\n나루초 병설유\n단설유 \n전체 \n41\n1,700\n69,700\n초·중·고\n특수·각종\n24학급 이하 \n47\n2,270\n106,690\n25~44학급 이하 \n43\n2,830\n121,690\n45학급 이상 \n13\n3,400\n44,200\n(추가)\n전체 \n교사 연면적*\n14,000㎡ 이상 \n40\n550\n22,000\n초20, 중4, \n고15, 특수1 \n기숙사 보유교**\n8\n550\n4,400\n각종학교 \n1\n550\n550\n총계 \n146\n370,640\n \n      ※ BTL 학교는 자체 증축한 학급수 기준(도담초 26학급, 도담중 13학급)으로 지원\n      * (연면적 기준) 교육시설통합정보시스템에 등록한 ‘교사동, 실습동’ 연면적 자료\n     ** (기숙사 보유교) 8교(세종고, 세종여고, 한솔고, 세종미래고, 세종장영실고, 세종국제고, 세종\n과학예술영재학교, 세종대성고)
2026학년도 학교회계 예산편성 및 집행지침	222	2026학년도 학교회계 예산편성 및 집행지침	2026학년도 학교회계 예산편성 및 집행지침\n- 222 -\n□ 행정사항\n구  분\n내  용\n예\n산\n과\n목\n▸학생일반운영-시설장비유지-학교시설장비유지\n업무추진비편성\n▸업무추진비 편성 불가\n지원불가항목\n▸학교 청소위생관리 사업목적 외 집행 불가\n□ 학교 현장에 맞게 반영할 사항\n  ◦ 대청소 용역을 실시하는 경우, 교직원(환경실무사 등)과 협의하여 사전에 \n용역 범위를 설정한 후 시행\n  ◦ 교육청에서 청소 관련 예산을 지원하고 있으나, 대청소 용역 등 추진 시 \n부족한 예산에 대해서는 학교 운영비 등을 활용한 적극적인 협조 요청 \n  ◦ 사업 완료 후 결과보고서 및 정산서 제출
2026학년도 학교회계 예산편성 및 집행지침	223	제3편 학교운영비 및 권장사업	제3편 학교운영비 및 권장사업\n- 223 -\n사업명\n57. 공기정화장치유지관리지원\n기존 þ  \n신규 □  \n소속\n학교안전과\n직ㆍ성명ㆍ연락처\n주무관 김효린(320-1732)\n□ 사업목적\n  ◦ 쾌적한 교육환경 조성을 위해 교내 설치된 공기정화장치의 필터 교체 및 \n청소 등 관리 예산 지원\n□ 관련근거\n  ◦ 2025년 주요업무계획 4-1-3 보건환경\n  ◦「학교 공기정화장치 설치 및 유지관리 업무 안내서」(5차, 교육부 안내)\n□ 사업내용 \n  ◦ 사업대상: 전체 유·초·중·고·특수·각종학교\n  ◦ 운영내용: 학교에 구입 설치한 공기정화장치(공기청정기, 바닥형 공기순환기, \n라돈저감설비 등) 유지관리를 위한 운영비 지원\n  ◦ 지원단가: 공기정화장치 1대당 170천원\n    - 공기정화장치 대수가 100대 이상인 학교 지원 단가 → 1대당 110천원\n    - 라돈저감설비 보유학교(연남초)의 경우, 유지관리비 200만원 추가 지원\n□ 행정사항\n구  분\n내  용\n예\n산\n과\n목\n▸학생복지/교육격차해소-보건관리-학교환경위생관리\n업무추진비편성\n▸업무추진비 편성 불가\n지원불가항목\n▸(제외) 교육시설과에서 설치․관리하는 천장형 공기순환기(기계환기장치)  \n  - 학교지원본부에서 일괄 용역계약을 통해 천장형 공기순화기(기계환기\n장치) 필터교체 및 청소 실시\n□ 학교 현장에 맞게 반영할 사항\n  ◦ 교내에 설치된 공기정화장치(공기청정기, 바닥형 기계환기장치, 냉난방기에 \n설치한 청정키트 등) 사양에 맞는 주기적인 유지관리 추진\n  ◦ 공기정화장치 유지관리 예산 집행 후 교내 공기질 개선을 위한 운영비\n(물품, 용역비 등)로 이용 가능\n  ◦ 사업목적에 맞게 집행 완료 후 정산서 제출 필요
2026학년도 학교회계 예산편성 및 집행지침	224	2026학년도 학교회계 예산편성 및 집행지침	2026학년도 학교회계 예산편성 및 집행지침\n- 224 -\n사업명\n58. 흙먼지털이기설치지원\n기존 þ  \n신규 □  \n소속\n학교안전과\n직ㆍ성명ㆍ연락처\n주무관 김효린(320-1732)\n□ 사업목적\n  ◦ 교실 내 쾌적한 환경 유지를 위해 외부활동 후 옷, 신발 등에 묻은 흙, \n모래, 먼지 등을 제거를 위한 흙먼지 털이기 설치비 지원\n□ 관련근거\n  ◦ 2026년 학교 흙먼지털이기 지원을 위한 수요조사(학교안전과-9082, 2025. 8. 20.)\n  ◦ 2026년도 주민참여예산사업 선정 결과 안내(조직예산과-6434, 2025.09.15.)\n□ 사업내용 \n  ◦ 사업대상: 초·중·고·특수·각종학교 중 희망학교\n  ◦ 운영내용: 쾌적한 실내 환경유지 위한 송풍형 흙먼지털이기 구입비 지원\n  ◦ 지원단가: 1대당 3,000천원\n□ 행정사항\n구  분\n내  용\n예\n산\n과\n목\n▸학생복지/교육격차해소-보건관리-학교환경위생관리\n업무추진비편성\n▸업무추진비 편성 불가\n지원불가항목\n▸교내 흙, 먼지 제거를 위한 실내 청소기는 구입 불가\n  - 사업 취지에 맞게 건물 외부에 설치하여 오염물질을 제거할 수 있는 제품 구입\n□ 학교 현장에 맞게 반영할 사항\n  ◦ 학교 출입구 외부에 설치 후 주기적인 유지·관리 실시\n  ◦ 학생들이 안전상 유의하여 사용할 수 있도록 안전 지도 철저\n  ◦ 흙먼지털이기 설치에 필요한 설치비, 소모품 구입비 등으로 집행 가능\n  ◦ 사업 완료 후, 주민참여예산사업 결과보고서 및 정산서 제출\n    - 학교안전과(사업담당), 조직예산과(주민참여예산담당) 동시 제출
2026학년도 학교회계 예산편성 및 집행지침	225	제3편 학교운영비 및 권장사업	제3편 학교운영비 및 권장사업\n- 225 -\n사업명\n59. 산업재해예방지원\n기존 □  \n신규 þ  \n소속\n학교안전과\n직ㆍ성명ㆍ연락처\n주무관 김은하(320-1741)\n□ 사업목적\n  ◦ 학교 근로자의 산업재해 예방을 통한 안전한 근로환경 조성 \n□ 관련근거\n ◦ ｢중대재해 처벌 등에 관한 법률｣ 제4조(안전보건관리체계의 구축 및 이행 조치)\n ◦ ｢산업안전보건법｣제38조(안전조치), 제39조(보건조치)\n□ 사업내용 \n  ◦ 사업대상: 총 151교(공립유·공립초·공립중·공립고·특수 ·각종학교)\n  ◦ 운영내용: 산업재해 예방을 위한 학교 안전보건 관련 예산 \n   - 현업업무종사자 안전보건 관련 물품 및 장비 구입 (안전 보호구, 온열질환 \n예방 물품, 근골격계 질환 예방 물품 등)  \n   - 유해 위험 요인 조사 결과 지적 사항 개선 등\n  ◦ 지원단가: 현업업무종사자 1인당 120천원 기준(5명 이하 배치학교 최소 600천원) \n   - 현업업무종사자 정원 5명 이하 배치교: 600천원\n   - 현업업무종사자 정원 5명 초과 배치교: 초과 인원 당 120천원 추가 지원 \n    * ｢공공행정 등에서 현업업무에 종사하는 사람의 기준｣(고용노동부고시)에 따른 청소, \n시설, 급식 등 17개 직종 근로자\n□ 행정사항\n구  분\n내  용\n예\n산\n과\n목\n▸학생복지/교육격차해소-보건관리-학생및교직원보건안전관리\n업무추진비편성\n▸업무추진비 편성 불가\n지원불가항목\n▸사업목적 외 집행불가\n유\n의\n사\n항\n▸ 이 예산은 근로자 개인에게 지급하는 지원금이 아니라, 학교가 산업재해 \n예방을 위해 안전·보건 환경을 개선하는데 사용하는 공적 예산임 \n▸ 작업복 등 피복비와는 구분되며, 개인 물품 구입비나 개인 복지 성격의 \n지출에는 사용할 수 없음
2026학년도 학교회계 예산편성 및 집행지침	226	2026학년도 학교회계 예산편성 및 집행지침	2026학년도 학교회계 예산편성 및 집행지침\n- 226 -\n□ 학교 현장에 맞게 반영할 사항\n  ◦ 산업재해 예방을 위해 학교 실정에 맞게 안전보건 관련 물품 및 장비 구입비 \n등을 편성하되 근로자의 의견을 충분히 반영      \n  ◦ 학교별 위험성 평가 결과 개선조치 등 여건에 따라 동 통합교부사업비 지원 \n금액 이상 편성 권장\n  ◦ 사업 완료 후 결과보고서 및 정산서 제출\n※ 안전보건 예산 편성 및 집행 항목(예시) \n구분\n예산 편성 및 집행 항목\n예 시\n안전\n분야\n안전 보호구 구입비\n‣ 안전모, 안전화, 안전장갑 등 안전보호구 구입 비용\n※ 보호구 지급 및 관리방법 안내 참조(학교안전과-3584, 2025. 3. 27.) \n보건\n분야\n온열질환 예방 물품 \n‣ 혹서기·혹한기 근로자에게 지급하는 냉·보온 장구  \n (예: 핫팩, 넥쿨러, 휴대용 선풍기, 아이스 조끼, 이온음료 등)  \n근골격계 질환 예방 물품 ‣ 근골격계질환 예방용품 \n시설\n분야\n위험시설 정비 및 개보수\n‣ 방호조치, 안전난간 및 안전대 설치, 위험시설 개선 등\n휴게시설 개선\n‣ 휴게시설 환경개선\n기타\n안전문화 조성 개선\n‣ 안전문화 조성을 위한 자체 행사비(예: 캠페인 등)\n‣ 학교 자체 안전보건교육비
2026학년도 학교회계 예산편성 및 집행지침	227	제3편 학교운영비 및 권장사업	제3편 학교운영비 및 권장사업\n- 227 -\n사업명\n60. 3일이내업무상재해요양비지원\n기존 □  \n신규 þ  \n소속\n노사정책과\n직ㆍ성명ㆍ연락처\n주무관 김지원(320-1831)\n□ 사업목적\n  ◦ 교육공무직원 및 특수운영직군의 3일 이내 업무상 재해에 대한 요양비 지원\n□ 관련근거\n  ◦ 세종특별자치시교육청-학교비정규직연대회 간 2025년 단체협약서\n  ◦ 단체협약 이행 안내(업무상 재해 요양비 부담)(노사정책과-7610, 2025.7.21.)\n□ 사업내용 \n  ◦ 사업대상: 교육공무직원 및 특수운영직군 2인 이상 배치 학교\n    - 유 44원, 초 55교, 중 28교, 고 21교, 특수 2교, 각종 1교 (총 151교)\n  ◦ 운영내용: 업무상 재해로 3일 이내의 요양이 필요한 경우 요양비(진료비 \n및 약제비) 지원\n  ◦ 지원단가: 교당 240천원\n□ 행정사항\n구  분\n내  용\n예\n산\n과\n목\n▸인적자원운용 - 교직원복지 및 역량강화 - 교직원복지\n업무추진비편성\n▸업무추진비 편성 불가\n지원불가항목\n▸재해 요양비 외 사용 불가\n  ※ 회계 연도말 미사용 예산은 학교기본운영경비로 사용 가능\n□ 학교 현장에 맞게 반영할 사항\n  ◦ 3일 미만 업무상 재해 진료비 및 약재비 신청서 징구\n    - 요양비(진료비 및 약제비) 청구 시 진료확인서, 약재비 영수증 등 확인\n  ◦ 통합교부사업비를 모두 사용한 경우 부족분에 대해 자체 예산 편성
2026학년도 학교회계 예산편성 및 집행지침	228	2026학년도 학교회계 예산편성 및 집행지침	2026학년도 학교회계 예산편성 및 집행지침\n- 228 -\n사업명\n61. 학교협동조합운영지원\n기존 þ  \n신규 □  \n소속\n평생교육원\n직ㆍ성명ㆍ연락처\n장학사 서창국(908-0122)\n□ 사업목적\n  ◦ 학교협동조합의 기반 조성과 활성화를 위한 학교협동조합 사업 운영 지원\n□ 관련근거\n  ◦ ｢세종특별자치시교육청 학교협동조합 지원 및 육성에 관한 조례｣\n□ 사업내용 \n  ◦ 사업대상: 학교협동조합 운영교(해밀초, 세종장영실고, 세종예술고)\n  ◦ 운영내용: 학교협동조합 사업 및 학교구성원 연수 운영을 위한 지원\n      ※ 교육비특별회계 및 학교회계 예산 지침 등 준수\n항목\n편성 내용(예시)\n편성 비율(%)\n학교협동조합 \n사업 운영\n교육과정 연계 학교협동조합 교육활동 운영비\n학교협동조합 운영 관련 각종 수수료 및 전문가 자문료 등 \n학교협동조합 운영을 위한 물품 구입, 제품 생산을 위한 재료 \n구입, 사무실 및 관련 공간 비품 구입 등\n자율 사용\n학교구성원 \n역량 강화\n학교협동조합 관련 조합원 교육 실시\n학교협동조합 및 사회적경제 관련 교원 전문적학습공동체 또는 \n학생 동아리 활동 지원 및 학부모, 교원, 학생 대상 연수 운영 \n10% 이상\n편성\n실천문화 \n조성\n학교협동조합 홍보 및 인식 개선 캠페인 운영 등\n지역사회와 함께하는 학교협동조합 행사 참여 등\n협의회비\n본 사업과 관련 있는 협의회 운영(사업추진업무추진비) 등\n3% 이하 편성\n  ◦ 지원단가: 교당 6,400천원 (총19,200천원)\n□ 행정사항\n구  분\n내  용\n예\n산\n과\n목\n▸선택적교육활동-기타선택적교육활동-기타선택적교육운영\n업무추진비편성\n▸업무추진비 3% 이하 편성 가능\n지\n원\n항\n목\n▸학교협동조합운영과 상관없는 일반수용비, 시설 보수비, 특근매식비, \n행사비, 예비비 등 사용 불가\n□ 학교 현장에 맞게 반영할 사항\n  ◦ 학교별 운영 여건에 따라 집행 내용 자율 결정 가능
2026학년도 학교회계 예산편성 및 집행지침	229	제3편 학교운영비 및 권장사업	제3편 학교운영비 및 권장사업\n- 229 -\n사업명\n62. 학생맞춤통합지원\n기존 □  \n신규 þ  \n소속\n학교지원본부\n(교육지원부)\n직ㆍ성명ㆍ연락처\n장학사 심현아(320-4224)\n□ 사업목적\n  ◦ 학생 중심의 맞춤형 통합지원을 통해 모든 학생의 전인적 성장 지원\n□ 관련근거\n  ◦ ｢학생맞춤통합지원법｣(법률 제20671호, ʹ26. 3. 1. 시행)\n□ 사업내용 \n  ◦ 사업대상: 초·중·고·특수학교·각종학교\n  ◦ 운영내용: 도움 필요 학생 소요 비용, 통합진단을 통한 경제적․심리적․정서적 \n지원비 등 학생 중심 맞춤형 지원을 통한 학생 성장 지원, 학교내 \n학생맞춤통합지원 체계 구축 운영비(지자체 등 외부 전문기관 및 \n전문가와의 네트워크 구축을 위한 비용 등), 개별학생교육지원 \n지도비(10% 이내 편성) \n  ◦ 지원단가: 학교별 기본금액(1,500천원)+ 학생수에 따라 차등 지원(500천원~2,500천원)\n(단위: 천원)\n학교급\n기본금액\n학생수(26. 3. 1.기준)\n추가 지원금액\n교당 지원 금액\n초중고\n특수학교 \n각종학교\n1,500\n100명 이하\n-\n1,500\n101~200명 이하\n500\n2,000\n201~400명 이하\n1,000\n2,500\n401~600명 이하\n1,500\n3,000\n601~800명 이하\n2,000\n3,500\n801명 이상\n2,500\n4,000\n□ 행정사항\n구  분\n내  용\n예\n산\n과\n목\n▸학생복지/교육격차해소-학생복지-교육복지우선\n업무추진비편성\n▸업무추진비 편성 불가\n지원불가항목\n▸비품구입비, 강사비 사용 불가
2026학년도 학교회계 예산편성 및 집행지침	230	2026학년도 학교회계 예산편성 및 집행지침	2026학년도 학교회계 예산편성 및 집행지침\n- 230 -\n□ 학교 현장에 맞게 반영할 사항\n  ◦ 학생맞춤통합지원위원회에서 결정된 지원 방법에 부합하게 예산 집행\n  ◦ 통합진단 후 지원 사례가 배정된 부서(위원) 또는 업무담당자(기초학력, 위(Wee), \n복지, 돌봄 등) 예산을 선(先) 집행 후 추가 지원, 또는 긴급지원비로 사용\n  ◦ 학생맞춤통합지원의 현황 분석을 위해 결과 보고서 제출 예정(추후 공문 안내)
2026학년도 학교회계 예산편성 및 집행지침	231	제3편 학교운영비 및 권장사업	제3편 학교운영비 및 권장사업\n- 231 -\n사업명\n63. 교원안심번호제운영지원\n기존 þ  \n신규 □  \n소속\n학교지원본부\n(교육지원부)\n직ㆍ성명ㆍ연락처\n장학사 김문수(414-9578)\n□ 사업목적\n  ◦ 교사, 학생, 학부모의 원활한 소통 시스템 구축을 통해 교원의 개인정보를 \n보호하고 상호 존중하고 신뢰하는 학교 문화 조성\n  ◦ 교육활동 침해 사전 예방을 위한 인프라 확충으로 안전한 교육환경 조성 \n□ 관련근거\n  ◦ ｢교원의 지위향상 및 교육활동 보호를 위한 특별법｣제14조(교원의 교육활동 \n보호에 관한 종합계획의 수립·시행)\n  ◦ 교육활동보호 운영 계획 안내 (교육지원부-1931, 2025. 3. 7.)   \n□ 사업내용 \n  ◦ 사업대상: 유·초·중·고·특수·각종학교\n  ◦ 운영내용: 교원의 휴대전화에 가상번호를 부여하거나 앱을 활용하여 교원의 \n개인정보를 보호하며, 원활한 소통 시스템 구축 및 운영을 위한 \n서비스 지원\n  ◦ 지원단가\n(단위: 천원)\n학급규모\n1~29학급\n30~49학급\n50학급이상\n지원단가\n500\n800\n1,000  \n□ 행정사항\n구  분\n내  용\n예\n산\n과\n목\n▸교육활동지원-교무업무운영-교무학사운영\n업무추진비편성\n▸업무추진비 편성 불가\n지원불가항목\n▸안심번호 서비스(교원 개인번호 노출 방지를 위한 유사 서비스) 관련 비용 \n외 지출 불가\n□ 학교 현장에 맞게 반영할 사항\n ◦ 학교별 업체 선정 및 시스템 구축을 2월 초까지 완료하여, 3월 신학기 교원들의 \n안심번호 서비스 사용에 어려움이 없도록 지원
2026학년도 학교회계 예산편성 및 집행지침	232	2026학년도 학교회계 예산편성 및 집행지침	2026학년도 학교회계 예산편성 및 집행지침\n- 232 -\n사업명\n64. 기계설비성능점검지원\n기존 þ  \n신규 □  \n소속\n학교지원본부\n(시설지원부)\n직ㆍ성명ㆍ연락처\n주무관 박준영(903-0925)\n□ 사업목적\n  ◦ ｢기계설비법｣제정(ʹ18. 4. 17.) 및 시행(ʹ20. 6. 9.)으로 일정 규모 이상*의 \n학교는 유자격의 기계설비유지관리자를 선임토록 규정\n     * (연면적 기준) 10,000㎡미만 미확정/10,000㎡이상 1명(2025년 관내 대상 70교)\n  ◦ 해당 학교에서 선임된 기계설비 유지관리자는 유지관리 점검표 작성(반기별 1회) \n및 성능점검(연 1회) 등 이행 필요\n□ 관련근거\n  ◦ ｢기계설비법｣ 제17조(기계설비 유지관리에 대한 점검 및 확인 등) 및 같은 법 \n제19조(기계설비유지관리자 선임 등)\n□ 사업내용 \n  ◦ 사업대상: 73교\n구분\n대상교\n초(33교)\n가득초, 가락초, 고운초, 글벗초, 나래초, 나루초, 나성초, 늘봄초, 다빛초, 다정초, \n대평초, 두루초, 미르초, 반곡초, 보람초, 새뜸초, 새롬초, 새움초, 소담초, 솔빛초, \n아름초, 양지초, 여울초, 연양초, 온빛초, 조치원대동초, 종촌초, 집현초, 참샘초, \n한결초, 해밀초, 바른초, 산울초\n중(19교)\n고운중, 글벗중, 금호중, 다정중, 두루중, 반곡중, 보람중, 산울중, 새뜸중, 새롬중,\n새움중, 소담중, 아름중, 양지중, 조치원중, 종촌중, 집현중, 한솔중, 해밀중\n고·특(21교)\n고운고, 다정고, 두루고, 반곡고, 보람고, 새롬고, 세종고, 세종과학예술영재학교,\n세종미래고, 세종여자고, 세종예술고, 세종장영실고, 소담고, 아름고, 양지고, 종촌고,\n한솔고, 해밀고, 세종캠퍼스고, 세종누리학교, 세종이음학교\n  ◦ 운영내용: 기계설비유지관리자 선임 및 성능점검을 위한 지원\n  ◦ 지원단가\n(단위: 천원)\n면적별\n성능점검\n(1회/년)\n기계설비유지관리 비용\n합계\n10,000㎡이상 ~ 15,000㎡미만\n7,000\n7,000\n14,000\n15,000㎡이상 ~ 30,000㎡미만\n7,500\n7,500\n15,000
2026학년도 학교회계 예산편성 및 집행지침	233	제3편 학교운영비 및 권장사업	제3편 학교운영비 및 권장사업\n- 233 -\n□ 행정사항\n구  분\n내  용\n예\n산\n과\n목\n▸학교일반운영-시설장비유지-시설일반관리\n업무추진비편성\n▸업무추진비 편성 불가\n지원불가항목\n▸기계설비유지관리 조치사항 보수 외 사용 불가(예: 건축,전기,소방 등 불가)\n□ 학교 현장에 맞게 반영할 사항\n  ◦ 위탁용역 선임비 지원을 제외하며 위탁 선임 시 학교운영비 내 자체 추진\n  ◦ 지역경제 활성화를 위해 세종 관내 업체 선정 권장\n  ◦ 성능점검 및 유지관리 업체 선정 시 점검 이행 및 관리 품질 고려\n  ◦ 유지관리에 필요한 계측장비는 국가인증기관에서 확인된 계측장비인지 확인 \n및 인증 관련 서류 보관 (인증기관: KOLAS 등), (관련근거: ｢기계설비법 \n시행령｣[별표7] 참고)
2026학년도 학교회계 예산편성 및 집행지침	234	2026학년도 학교회계 예산편성 및 집행지침	2026학년도 학교회계 예산편성 및 집행지침\n- 234 -\n사업명\n65. 어린이놀이시설개선지원\n기존 þ  \n신규 □  \n소속\n학교지원본부\n(시설지원부)\n직ㆍ성명ㆍ연락처\n주무관 임규화(902-0912)\n□ 사업목적\n  ◦ 어린이놀이시설 개선 지원으로 학생들에게 안전하고 쾌적한 교육환경 제공\n□ 관련근거\n  ◦ ｢어린이놀이시설 안전관리법｣제16조의2\n  ◦ ｢세종특별자치시교육청 어린이놀이시설 안전관리에 관한 조례｣제7조\n  ◦ ｢어린이놀이시설 검사 및 관리에 관한 운용요령｣ 행정안전부 고시\n□ 사업내용 \n  ◦ 사업대상: 어린이놀이시설이 설치된 유·초·특수학교\n      ※ 전 연도 수요조사를 통해 대상 선정\n  ◦ 운영내용: 어린이놀이시설 개선 지원비\n  ◦ 지원단가: 어린이놀이시설 개선 지원을 신청한 놀이기구별 다름\n□ 행정사항\n구  분\n내  용\n예\n산\n과\n목\n▸교육활동지원-교육여건개선-교육환경개선\n업무추진비편성\n▸업무추진비 편성 불가\n지원불가항목\n▸어린이놀이시설 점검 대상이 될 수 없는 놀이기구(예: 퍼걸러, 파라솔 등)\n집\n행\n범\n위\n▸어린이놀이시설 개선 지원을 신청한 놀이기구의 개선 및 교체 등\n  ※ 안전인증대상 어린이제품의 안전기준(부속서 2 어린이놀이기구), 산업통상자원부 고시\n□ 학교 현장에 맞게 반영할 사항\n  ◦ (설치검사) 어린이 놀이기구의 설치, 부품 교체, 기구의 변경, 이전설치 등으로 \n제품의 안전에 영향을 미치는 경우 \n  ◦ (확인검사) 어린이 활동공간을 신축·증축·수선할 경우\n     ※ 어린이 활동공간 신축, 연면적 33㎡이상 증축, 70㎡이상 수선 \n  ◦ 어린이놀이시설 개선 시 어린이놀이시설 안전관리시스템 현행화 및 수리이력 \n관리대장 작성
2026학년도 학교회계 예산편성 및 집행지침	235	제3편 학교운영비 및 권장사업	제3편 학교운영비 및 권장사업\n- 235 -\n사업명\n66. 노후책걸상및사물함교체지원\n기존 þ  \n신규 □  \n소속\n학교지원본부\n(시설지원부)\n직ㆍ성명ㆍ연락처\n주무관 이유미(903-0913)\n□ 사업목적\n  ◦ 노후정도가 심한 책걸상 및 사물함을 교체하여 쾌적한 교육환경 조성 및 \n학습효과 극대화\n□ 관련근거\n  ◦ ｢세종특별자치시 교육비특별회계 소관 물품관리 조례｣ 제3조\n□ 사업내용 \n  ◦ 사업대상: 23교(초6, 중11, 고6)\n    ※ 사전수요조사 시 교체 희망교 현지점검을 통해 대상교 및 수량 선정\n  ◦ 운영내용: 노후 책걸상 및 사물함 교체 지원\n  ◦ 지원단가: 항목별 확정수량×지원단가 (학교별 지원금액 상이)\n구분\n초\n중 ‧ 고\n학생용책상\n72,000원\n학생용걸상\n41,000원\n사물함(4인용)\n260,000원\n373,000원 \n□ 행정사항\n구  분\n내  용\n예\n산\n과\n목\n▸교육활동지원-교육여건개선-교육환경개선\n업무추진비편성\n▸업무추진비 편성 불가\n지원불가항목\n▸교실용 책걸상 및 사물함이 아닌 비품 구입 불가(예: 신발장, 우산꽂이 등)\n□ 학교 현장에 맞게 반영할 사항\n  ◦ 확정된 책상, 걸상, 사물함 수량 확보 및 해당사업과 무관한 비품 구입 금지\n  ◦ 사업 종료 후 10일 이내 결과보고서 제출관리대장 작성
2026학년도 학교회계 예산편성 및 집행지침	236	2026학년도 학교회계 예산편성 및 집행지침	2026학년도 학교회계 예산편성 및 집행지침\n- 236 -\n사업명\n67. 스마트스쿨기기유지관리지원\n기존 þ  \n신규 □  \n소속\n학교지원본부\n(시설지원부)\n직ㆍ성명ㆍ연락처\n주무관 배성수(903-0918)\n□ 사업목적\n  ◦ 스마트스쿨 기기의 효율적 관리 및 스마트교육 활성화\n□ 관련근거\n  ◦ 감사관-5099(2015.11.17.)\n  ◦ 학교정보화환경구축 개선 TF 협의회 결과 보고(행정지원과-24547, 2019.11.6.)\n□ 사업내용 \n  ◦ 사업대상: 단설유·초·중·고·특수·각종학교\n  ◦ 운영내용: 스마트스쿨 기기* 유지관리를 위한 지원\n     ＊TV형 전자칠판, 빔프로젝터, TV, 전자교탁, 전자 교탁용 PC 등\n  ◦ 지원단가: (유) 전자칠판 구축여부에 따라 상이, (그외 학교) 학급수에 따라 상이\n학교급\n지원기준\n지원단가\n학교급\n지원기준\n지원단가\n지원기준\n지원단가\n단설유\n전자칠판 \n구축\n780천원 \n초·중·고·\n특·각종\n49학급 이상\n3,500천원\n19학급 이상\n2,300천원\n39학급 이상\n3,100천원\n9학급 이상\n2,000천원\n전자칠판 \n미구축\n400천원\n29학급 이상\n2,700천원\n8학급 이하\n1,600천원\n  ※ (예외) ’25.9.1.자 신설 학교 무상 하자보수 기간 제외한 6개월분(’26.9.1.∼’27.2.28.)계상\n□ 행정사항\n구  분\n내  용\n예\n산\n과\n목\n▸교육활동지원-학습지원실운영-정보화실운영\n업무추진비편성\n▸업무추진비 편성 불가\n지원불가항목\n▸스마트스쿨기기유지관리지원사업 등 정보화 유지관리 사업 외 집행 불가
2026학년도 학교회계 예산편성 및 집행지침	237	제3편 학교운영비 및 권장사업	제3편 학교운영비 및 권장사업\n- 237 -\nⅣ\n권장사업\n ※ 각 사업 편성 여부 및 예산 규모 등은 학교장 자율 판단(교육청 교육사업정비 정책에 따른 \n본청 직접 추진 또는 폐지 등 변동 사항은 향후 사업부서별 별도 통보 예정)\n순\n담당부서\n사업명\n사업내용\n대상학교\n유\n초\n중\n고\n특\n각\n1\n학교정책과\n학급운영비지원학급 교육과정 실현을 위한 일체 경비 지원●●●●●●\n2\n과학동아리지원과학동아리 지원\n●●●●\n3\n과학교구·설비 및 실험실습 지원과학교구·설비비 및 실험실습비 확대 지원\n●●●●\n4\n유초등교육과\n학습준비물구입지원학습준비물 구입 지원\n●●●●●\n5\n일반학교통합학급운영지원특수교육대상학생의 통합교육 활성화를 위한 \n프로그램 운영 \n●●●●\n6\n특수( 통합) 교육담당\n교직원복지비지원특수(통합)교육담당 교직원 복지비 지원 \n●●●●●\n7\n교원인사과\n계약제교원( 강사) \n인\n건\n비\n지\n원교원 결원보충 강사 수당 지원\n●●●●●●\n8\n교원보결수당지원교원 결손수업 보결 수당 지원\n●●●●●●\n9\n교원연수비지원교원 연수비 지원\n●●●●●●\n10\n교원관계역량강화지원각급 학교 교원의 관계역량 강화를 위한 \n단위학교 자율 사업 지원\n●●\n●\n11\n운영지원과\n학교전화음성녹취지원학교 전화 음성 안내 및 녹음 기능 설치 지\n원\n●●●●●●\n12\n지\n방\n공\n무\n원\n직무연수비지원지방공무원 직무연수비 지원\n●●●●●●\n13\n지방공무원 자율적 \n역량강화 \n지원\n지방공무원의 교육활동 \n지원을 위한 자율적 역량강화 \n●●●●●●\n14\n교육복지과\n학\n교\n급\n식\n지\n원학교 급식 운영비 지원\n●●●●●●\n15\n교과용지도서구입비지원교사용도서(교사용지도서) 구입 지원\n●●\n16\n교육시설과조\n경\n관\n리\n지\n원학교내 조경공간 개선 및 유지관리(소독, \n전지 ·전정, 잡초제거 등)\n●●●●●●\n17\n학교안전과\n녹색어머니회활동지원녹색어머니회 활동 운영비 지원\n●\n18\n학생건강검사지원학생 건강검사비 지원\n●●●●●\n19\n교사내공기질관리지원교사 내 공기질 관리 및 측정을 위한 예산 \n확보 \n●●●●●●\n20\n학교먹는물관리지원먹는물 위생관리 관련 운영비 지원 \n●●●●●●\n21\n학교응급관리지원응급처치교육 및 후송경비 지원\n●●●●●●\n22\n교직원결핵검사지원교직원 결핵검진비 지원\n●●●●●●\n23\n학교지원본부\n시설지원부냉난방실내기종합세척지원냉난방 실내기 분해·세척 용역비 지원\n●●●●●●
2026학년도 학교회계 예산편성 및 집행지침	238	2026학년도 학교회계 예산편성 및 집행지침	2026학년도 학교회계 예산편성 및 집행지침\n- 238 -\n사 업 명\n1. 학급운영비지원\n기존 þ   \n신규 □  \n소속\n학교정책과\n직ㆍ성명ㆍ연락처\n장학사 신세일(320-2511)\n□ 사업목적\n  ◦ 학급 활동의 자율성 및 독립성을 보장하여 학급자치 실현\n□ 관련근거\n  ◦ 세종교육청-전교조 단체협약서 제57조 「교육활동 경비 지원 및 현실화」\n  ◦ 세종교육청-세종교사노조단체협약서 제38조 「학급운영비」\n□ 사업내용\n  ◦ 사업대상: 유·초·중·고·특수학교\n  ◦ 운영내용: 학급자치를 위한 학급운영비\n□ 행정사항\n  ◦ 학급당 300천원 이상 학급운영비 편성 권장\n  ◦ 학급 교육과정 실현을 위한 일체 경비(학급행사, 학생자료집, 학생 \n간식비 등) 지원\n  ◦ 일반적인 사무용품이나 정보화 장비, 각종 상품권 구입은 자제하고, \n학급 자치 실현을 위해 집행\n  ◦ 원활한 학급 운영을 위해 연간 집행 예정 총금액을 일괄 품의하고 개산급 \n지급방식으로 집행(학교 자율 선택, 사업 담당자 책임하에 집행 철저) \n또는 품의 건별 학교 신용카드(법인카드)로 사용\n < 개산급 지급 시 업무절차 >\n \n담임(담당)교사\n행정실\n담임교사\n담임교사\n품의\n(개산급 지급 요구)\n⇒\n임시출납원 임명 및 \n개산급 지급\n(교사 계좌 송금)\n⇒\n학급운영비 집행\n(증빙자료 보관 철저)\n⇒\n정산서 결재 후 제출\n(K-에듀파인 정산 기능 \n활용 권장)\n<학년 초>\n<학년 초>\n<임시출납원 임명기간>\n<임시출납원 임명기간 종료 \n후 5일 이내>\n□ 기대효과\n  ◦ 교사 교육과정 자율성을 강화하여 학급자치 실현
2026학년도 학교회계 예산편성 및 집행지침	239	제3편 학교운영비 및 권장사업	제3편 학교운영비 및 권장사업\n- 239 -\n사 업 명\n2. 과학동아리지원\n기존 þ   \n신규 □  \n소속\n학교정책과\n직ㆍ성명ㆍ연락처\n장학사 김미연(320-2534)\n□ 사업목적\n  ◦ 과학동아리 활동을 통한 학생중심 과학탐구활동 전개\n  ◦ 학교별 자율적, 지속적 과학 탐구활동 기회 제공\n□ 관련근거\n  ◦「과학․수학․정보 교육진흥법」제5조(국가와 지방자치단체의 의무)\n  ◦ 과학·수학·정보·융합 교육 종합계획\n□ 사업내용\n  ◦ 사업대상: 초·중·고·특수학교\n  ◦ 운영내용: 학생 중심의 과학동아리(1교 1팀 이상) 운영\n□ 행정사항\n  ◦ 1교 1팀 이상의 과학동아리 조직 및 운영\n  ◦ 과학동아리 운영을 위한 학교 자체 예산 편성\n  ◦ 과학동아리 활동 내용을 바탕으로 과학대회 참가를 통한 우수사례 일반화\n  ◦ 창의융합교육축제 참가를 통한 과학동아리 활동 성과 공유\n□ 기대효과\n  ◦ 과학동아리 활동을 통한 학생 맞춤형 과학 체험 기회 제공으로 과학적 \n소양을 키우고 과학을 즐기는 문화 조성
2026학년도 학교회계 예산편성 및 집행지침	240	2026학년도 학교회계 예산편성 및 집행지침	2026학년도 학교회계 예산편성 및 집행지침\n- 240 -\n사 업 명\n 3. 과학교구·설비 및 실험실습 지원\n기존 þ   \n신규 □  \n소속\n학교정책과\n직ㆍ성명ㆍ연락처\n장학사 손천재(320-2532)\n□ 사업목적\n  ◦ 과학교구·설비 및 실험재료 확충을 통한 탐구실험 중심 과학수업 실천\n  ◦ 학생중심 탐구활동 기반 과학수업을 통한 과학적 사고력 소양 증진\n□ 관련근거\n  ◦ ｢고등학교 이하 각급학교 설립․운영 규정｣ 제8조(교구)\n  ◦ 세종특별자치시 과학교구·설비 기준 고시\n  ◦ 제5차 과학교육 종합 계획[교육부, 2024. 12.]\n□ 사업내용\n  ◦ 사업대상: 초·중·고·특수학교\n  ◦ 운영내용: 과학교구․설비 및 실험실습 예산 확대로 내실있는 과학실험교육 운영\n□ 행정사항\n  ◦ 과학 교구·설비 및 실험실습 예산 학교기본운영경비의 3% 이상 확보\n  ◦ 세종특별자치시 과학교구·설비 기준에 의거 90% 이상 교구·설비 확보 \n방안 수립 및 이행\n  ◦ 과학실험수업 활성화(수행평가 중 실험평가 80% 이상 실시)\n  ◦ 학교 여건에 따라 과학교구·설비 구입비 및 실험실습비 예산에 적극 반영\n□ 기대효과\n  ◦ 과학교구·설비 확충을 통한 탐구·실험 중심의 과학교육 실천\n  ◦ 학생 참여 중심 탐구활동 수업으로 과학교육 내실화
2026학년도 학교회계 예산편성 및 집행지침	241	제3편 학교운영비 및 권장사업	제3편 학교운영비 및 권장사업\n- 241 -\n사 업 명\n4. 학습준비물구입지원\n기존 þ   \n신규 □  \n소속\n유초등교육과\n직ㆍ성명ㆍ연락처\n주무관 이다영(320-2128)\n□ 사업목적\n  ◦ 모든 학부모와 저소득층 가정의 경제적·심리적 부담 경감\n  ◦ 준비물 구입 시 소모되는 학생의 심리적·시간적 부담 경감과 학생 중심\n예산 집행의 효율성 제고 \n□ 관련근거\n  ◦ 시·도교육청 학습준비물 지원에 따른 협조 요청 (교육부 교육복지정책과- 2497, 2019.6.17.) \n□ 사업내용\n  ◦ 사업대상: 공/사립 초·중·고·특수·각종학교\n  ◦ 운영내용: 초·중·고·특수·각종학교 학생의 학습준비물 구입비 지원\n  ◦ 지원단가\n구분\n학습준비물구입지원\n지원금액\n초·특수·각종학교\n1인당 35천원 \n중학교\n1인당 18천원\n고등학교\n1인당 9천원\n□ 행정사항\n  ◦ 학생 1인당 지원단가 이상 예산 편성\n  ◦ 소량이나 수시 구입 대상 물품은 학교 인근 소매 문구점 이용 권장\n구분\n내용\n예\n산\n과\n목▸ 기본적교육활동-교과활동-교과활동지원\n지원불가항목\n▸ 교육과정 운영을 위하여 수업시간에 학생이 활용하는 각종 물품으로, \n교사를 위한 교구나 내구성이 있는 비품 등은 해당되지 않음\n▸ 개당 단가가 40,000원을 초과 할 수 없으며 초과 시 교구 구입비에서 구입\n▸ 중 · 고등학교에서는 실험·실습비 구입 품목과 구분하여야 함\n□ 기대효과\n  ◦ 모든 학부모와 저소득층 가정의 경제적·심리적 부담 경감
2026학년도 학교회계 예산편성 및 집행지침	242	2026학년도 학교회계 예산편성 및 집행지침	2026학년도 학교회계 예산편성 및 집행지침\n- 242 -\n사 업 명\n5. 일반학교통합학급운영지원\n기존 þ  \n신규 □  \n소속\n유초등교육과\n직ㆍ성명ㆍ연락처\n장학사 박건환(320-2131)\n□ 사업목적\n  ◦ 일반학교 통합교육 운영을 위한 효과적인 교육환경 여건 개선 \n  ◦ 학교급별 성공적인 통합교육을 위한 촘촘한 지원체제 구축\n□ 관련근거 \n  ◦「특수교육법」제5조(국가 및 지방자치단체의 임무)\n  ◦「특수교육법」제21조(통합교육)\n□ 사업내용\n  ◦ 사업대상: 유·초·중·고 특수학급이 설치된 학교의 통합학급 \n  ◦ 운영내용: 통합학급 특수교육대상학생 학습을 위한 교재 교구 구입비, 특수\n교육대상학생 교육 프로그램 운영비 등\n□ 행정사항\n  ◦ 통합학급 1학급당 500천원 예산 편성\n  ◦ 연중 특수학급이 신․증설되는 경우에도 통합학급 운영비를 지원하도록 협조 \n  ◦ 간식비 지원 불가\n□ 기대효과\n  ◦ 통합교육 활성화를 통한 특수교육대상학생의 행복한 학교생활 실현
2026학년도 학교회계 예산편성 및 집행지침	243	제3편 학교운영비 및 권장사업	제3편 학교운영비 및 권장사업\n- 243 -\n사 업 명\n6. 특수(통합)교육담당교직원복지비지원\n기존 þ   \n신규 □ \n소속\n유초등교육과\n직ㆍ성명ㆍ연락처\n장학사 박건환(320-2131)\n□ 사업목적\n  ◦ 특수교육대상학생 교육 및 지원인력의 교육활동 보호 방안 마련\n□ 관련근거\n  ◦ 「교원의지위향상및교육활동보호를위한특별법」 제15조, 「교육활동보호메뉴얼」 \n□ 사업내용\n  ◦ 사업대상: 유․초․중․고․특수학교 교직원 및 사회복무요원, 자원봉사자 등\n  ◦ 지원내용: 예산의 범위내에서 1인당 300천원 이내의 실비를 지원\n  ◦ 운영내용\n    - 교육활동 중 특수교육대상학생으로 인한 신체적, 심리적 피해로 인한 \n소액의 치료비 지원\n    - 교육활동 중 특수교육대상학생으로 인한 개인지참물(안경, 휴대폰 등)의 손망실 지원\n    - 산업재해보험(기간제교원, 교육공무직 등), 사회복무요원보험, 안전\n공제회 또는 공상 처리 절차를 우선으로 지원하되, 미지급일 경우 학교장이 \n결정하여 지급\n    - 학교 실정과 예산의 범위 내에서 학교 자체 심사를 통해 학교장 지급\n□ 행정사항\n  ◦ 특수교육대상학생이 재학하는 유,초,중,고,특수학교 교직원 복지비 편성\n    - 특수학교 총 교직원의 10% 범위내에서 인당 300천원 권장\n    - 유,초,중,고 특수학급 특수교육대상학생 직접 교육 및 지원하는 인원 고려 편성 \n□ 기대효과\n  ◦ 특수(통합)학교급 교직원의 안정적인 근무환경 조성 및 교육활동 보호
2026학년도 학교회계 예산편성 및 집행지침	244	2026학년도 학교회계 예산편성 및 집행지침	2026학년도 학교회계 예산편성 및 집행지침\n- 244 -\n사 업 명\n7. 계약제교원(강사)인건비지원\n기존 þ   \n신규 □  \n소속\n교원인사과직ㆍ성명ㆍ연락처\n장학사 신인철(320-2313)\n□ 사업목적\n  ◦ 정규 교사의 결원 등에 따른 교육과정 운영의 안정성 확보\n□ 관련근거 \n  ◦「초중등교육법」 제22조, 「유아교육법」 제23조\n  ◦ 세종특별자치시교육청 「계약제교원 운영 지침」\n□ 사업내용 \n  ◦ 사업대상: 유․초․중등․특수․각종학교\n  ◦ 운영내용: 정규 교원의 5일 이하 결원 보충 강사수당 \n□ 행정사항\n  ◦ 예․체능 및 특성화 담당 교과에 대한 시간강사 수당은 시간당 22천원 ~ \n160천원 범위에서 편성\n  ◦ 교육청 강사수당 단가 기준을 고려하여 편성하되, 학교 자체 추가 지급 \n강사수당 편성 가능\n<정규교원 결원보충 시간강사 및 전일제강사 수당 지급 기준>\n(단위: 천원)\n구  분\n가호(벽지, 면 소재 등)\n나호(읍 소재 등)\n다호(동 지역 등)\n시간강사\n26\n24\n22\n전일제강사\n160\n150\n140  \n□ 기대효과 \n  ◦ 1개월 미만의 정규 교원 결원발생에 따른 수업 결손 해소
2026학년도 학교회계 예산편성 및 집행지침	245	제3편 학교운영비 및 권장사업	제3편 학교운영비 및 권장사업\n- 245 -\n사 업 명\n8. 교원보결수당지원\n기존 þ   \n신규 □  \n소속\n교원인사과\n직ㆍ성명ㆍ연락처\n장학사 류은옥(320-2314)\n□ 사업목적 \n  ◦ 교원 보결 수업으로 수업결손 예방 및 보결수업에 대한 책무성 강화\n  ◦ 보결 수업비 지원으로 학생의 학습권 보호 및 안정된 교육과정 운영\n□ 관련근거\n  ◦ 「초․중등교육법」 제30조의2(학교회계의 설치), 제30조의3(학교회계의 운영)\n□ 사업내용\n  ◦ 사업 대상: 유․초․중․고·특수‧각종학교\n  ◦ 운영 내용: 교원 보결 수당 지원\n□ 행정사항\n  ◦ 교원 보결 수업비는 차시당 15천원 내외 편성하고, 1인 최대 보결 수업비는 \n학기별 150천원 이내로 정함\n     ※ 단위 학교별 상황에 따라 구성원의 협의를 통해 학교 예산 범위 내에서 상한금액 조정 \n가능(교원 보결 수업비 시행 기본계획 참조)\n  ◦ 단위 학교에 보결 수업 대장(또는 NEIS 입력)을 작성·비치하고, 이에 기\n록한 경우만 보결 수업비 지급\n  ◦ 보결 수업 방침, 배정 방법, 범위(원격수업, 점심시간, 휴식 시간 포함 \n여부, 하교 지도 여부, 분리지도 등) 지급기준, 지급시기 등 수당 지급에 관한 \n내용은 단위 학교별 학교운영위원회 심의를 거쳐 자체 내규로 정함\n□ 기대효과 \n  ◦ 결손 수업에 따른 교원 간 수업 부담 및 불편함을 완화함으로써 학생의 \n학습권 보호 및 안정된 교육과정 운영
2026학년도 학교회계 예산편성 및 집행지침	246	2026학년도 학교회계 예산편성 및 집행지침	2026학년도 학교회계 예산편성 및 집행지침\n- 246 -\n사 업 명\n9. 교원연수비지원\n기존 þ   \n신규 □  \n소속\n교원인사과\n직ㆍ성명ㆍ연락처\n주무관 윤지은(320-2343)\n□ 사업목적\n  ◦ 교원연수 지원으로 전문성 신장 및 교육의 질 향상\n□ 관련근거\n  ◦「교육공무원법」, 「교육공무원임용령」, 「교원 등의 연수에 관한 규정」\n□ 사업내용\n  ◦ 사업대상: 유·초·중·고·특수·각종학교\n  ◦ 운영내용: 교원 연수비 지원\n□ 행정사항\n  ◦ 교원 1인당 연수비 250천원 편성 권장\n  ◦ 교원 직무연수비 지원(교재비 포함)\n  ◦ 직무와 직접적 관련이 있는 자율연수비 지원(교재비 포함)\n    - 수업교과 및 직무(전산, 어학 포함) 관련으로 법률*에 의해 등록된 학원 \n교육(민간 교육기관, 평생교육원, 사이버교육기관 포함) 수강료 지원 \n      * ｢학원의 설립·운영 및 과외교습에 관한 법률｣, ｢체육시설의 설치·이용에 관한 법률｣\n    - 수업교과 및 직무관련 공인(국가, 민간) 자격증 취득 교육비 지원\n    - 직무관련 도서 구입비 지원\n      ※ 수업교과 및 직무관련에 대한 판단은 학교장 및 교직원 협의회에서 연수비 지원목적 및 \n사회적 통념을 벗어나지 않는 범위에서 판단(단순 취미, 오락 목적 제외)\n  ◦ 교원 1인 60시간 이상 직무연수 이수 권장\n  ◦ 파견 교원은 파견기관(현재 근무하고 있는 기관)에서 지급\n  ◦ 증빙자료(이수증, 영수증 등)는 학교 개별 보관 \n□ 기대효과\n  ◦ 수업 전문성 신장 및 교원의 자기능력개발 기회 제공으로 교육의 질 제고
2026학년도 학교회계 예산편성 및 집행지침	247	제3편 학교운영비 및 권장사업	제3편 학교운영비 및 권장사업\n- 247 -\n사 업 명\n10. 교원관계역량강화지원\n기존 þ \n신규 □\n소속\n교원인사과\n직ㆍ성명ㆍ연락처\n장학사 권오향(320-2342)\n□ 사업목적\n  ◦ 교원이 교육활동에 대해 함께 소통하고 협력하는 공동체문화 조성\n□ 관련근거\n  ◦ ｢교원 등 연수에 관한 규정｣\n□ 사업내용\n  ◦ 사업대상: 유·초·중·고·특수·각종학교\n  ◦ 운영내용: 교원의 관계역량 강화를 위한 단위학교 자율 사업 지원\n□ 행정사항\n  ◦ 교원 1인당 관계역량 강화 지원비 150천원 편성 권장\n  ◦ 학교 공동체가 함께 어울려 교육활동에 대해 소통과 교류할 수 있는 화\n합의 장 제공을 위해 집행\n  ◦ 문화행사, 체육활동, 워크숍 등 학교 여건과 실정에 따라 자율 계획 수립 \n및 운영\n□ 기대효과\n  ◦ 수업활동 및 학생지도에 대해 교원 간 공감하고 협력하는 공동체문화 \n조성으로 교육력 제고
2026학년도 학교회계 예산편성 및 집행지침	248	2026학년도 학교회계 예산편성 및 집행지침	2026학년도 학교회계 예산편성 및 집행지침\n- 248 -\n사 업 명\n11. 학교전화 음성녹취 지원\n기존 þ   \n신규 □ \n소속\n운영지원과\n직ㆍ성명ㆍ연락처\n주무관 양승하(320-1008)\n□ 사업목적\n  ◦ 민원인의 폭언 등으로부터 학교 교직원 보호 및 악성 민원 예방\n□ 관련근거\n  ◦ 「민원처리에 관한 법률」제4조 및 같은 법 시행령 제4조\n  ◦ 「세종특별자치시교육청 민원 처리 담당자 보호 및 지원 조례」제7조」\n  ◦ 「초중등교육법」, 「유아교육법」, 「교원지위법」, 「교육기본법」\n□ 사업내용\n  ◦ 사업대상: 유·초·중·고·특수·각종학교\n  ◦ 운영내용: 전화 음성안내 및 녹음기능 지원\n□ 행정사항\n  ◦ 교당 700천원 이상 학교 전화 음성녹취 지원비 편성 권장\n  ◦ 교직원 보호를 위해 학교 전화 음성 안내 및 녹음 기능 설치, 이용 권장\n    - 민원 응대 보호조치 및 통화 녹음 관련 음성안내 시행\n    - 통화 자동 녹음 부가서비스 이용\n□ 기대효과\n  ◦ 악성 민원으로부터 교직원을 보호하여 안전한 근무환경 조성
2026학년도 학교회계 예산편성 및 집행지침	249	제3편 학교운영비 및 권장사업	제3편 학교운영비 및 권장사업\n- 249 -\n사 업 명\n12. 지방공무원직무연수비지원\n기존 þ   \n신규 □  \n소속\n운영지원과직ㆍ성명ㆍ연락처주무관 박현수(320-3124)\n□ 사업목적 \n  ◦ 급변하는 교육행정 환경에 능동적으로 대처할 수 있도록 현장 수요자 중심의 \n맞춤형 교육 실현과 교육기회 확대\n□ 관련근거\n  ◦ 「지방공무원 교육훈련법」, 「지방공무원 교육훈련법 시행령」, 「지방공무원 \n교육훈련 운영계획」 등\n□ 사업내용\n  ◦ 사업대상: 유․초․중․고․특수·각종학교\n  ◦ 운영내용: 지방공무원 직무연수비 지원\n□ 행정사항\n  ◦ 지방공무원 1인당 직무연수비 250천원 편성 권장\n  ◦ 학교 여건을 고려하여 개인별 직무연수비 적정 예산 편성 \n    - 직무관련·전산·어학 분야 연수비(교재비 포함)\n  ◦ 직무관련 자격증, 전산 자격증, 언어능력검정시험성적 취득 응시료\n    - 직무관련 도서 구입비 지원\n    ※ 직무관련에 대한 판단은 학교장 및 교직원 협의회에서 직무연수비 지원목적 및 사회적 \n통념을 벗어나지 않는 범위에서 판단(단순 취미, 오락 목적 제외) \n□ 기대효과\n  ◦ 수요자 중심의 맞춤형 연수를 통한 직무능력 함양과 자기 개발 기회 제공
2026학년도 학교회계 예산편성 및 집행지침	250	2026학년도 학교회계 예산편성 및 집행지침	2026학년도 학교회계 예산편성 및 집행지침\n- 250 -\n사 업 명\n13. 지방공무원 자율적 역량강화 지원\n기존 □   \n신규 þ \n소속\n운영지원과\n직ㆍ성명ㆍ연락처\n주무관 박현수(320-3124)\n□ 사업목적\n  ◦ 학교 소속지방공무원의 교육활동 지원을 위한 자율적 역량 강화\n□ 관련근거\n  ◦ ｢지방공무원 교육훈련법｣, ｢지방공무원 교육훈련법 시행령｣, ｢지방공무원 \n교육훈련 운영계획｣\n□ 사업내용\n  ◦ 사업대상: 유·초·중·고·특수·각종학교\n  ◦ 운영내용: 지방공무원의 직무 및 소통 역량 강화를 위한 자율 사업 지원\n□ 행정사항\n  ◦ 지방공무원 1인당 자율적 역량 강화 운영비 200천원 편성 권장\n  ◦ 학교 행정실 내 소속 일반직 공무원들의 역량 강화를 위한 프로그램 \n운영비 등(학습동아리, 외부전문가 직무연수, 소통 강화 연수 등)으로 집행\n      ※ 지방공무원 직무연수비 지원과 구분(개인에게 집행 불가)\n  ◦ 학교 여건과 실정에 따라 자율적으로 계획 수립 및 운영하며, 인근 권역별 \n학교와 함께 연합하여 운영 가능\n□ 기대효과\n  ◦ 자율적 연수 운영으로 교육활동 지원을 위한 지방공무원 역량 제고
2026학년도 학교회계 예산편성 및 집행지침	251	제3편 학교운영비 및 권장사업	제3편 학교운영비 및 권장사업\n- 251 -\n사 업 명\n14. 학교급식지원\n기존 þ   \n신규 □  \n소속\n교육복지과직ㆍ성명ㆍ연락처\n주무관 홍진화(320-3322)\n□ 사업목적 \n  ◦ 노후 급식기구 교체 및 확충으로 학교급식 위생·안전 확보\n  ◦ 급식 운영에 대한 수요자 만족도 향상\n□ 관련근거\n  ◦「학교급식법」 제8조, 제9조, 제12조 및「학교급식법 시행령」제9조\n  ◦ 유치원급식 기본운영계획 및 학교급식 기본운영계획\n□ 사업내용\n  ◦ 사업대상: 유․초․중․고․특수학교·각종학교\n  ◦ 운영내용: 학교급식 운영(급식시설 개선 및 기구 구입, 연료비, 급식 교육 등) 지원\n□ 행정사항\n  ◦ 급식 운영 대체인건비 편성\n    - 조리종사자 단기 대체인력 인건비 편성\n  ◦ 학교급식 운영에 필요한 중식 연료비 전액 계상\n  ◦ 급식시설·기구 유지 및 개선비 편성\n    - 급식시설·기구 유지비, 노후 급식기구 수선비 및 교체비\n    - 급식실 용역 대청소비 (후드·바닥 2회)\n  ◦ 식생활 개선·영양상담 교육연수비 및 교육 자료·교육 기구 구입비\n(1,200천원 내외)\n    - 식생활 및 영양상담 관련 학술대회 등 교육연수비\n    - 교육 관련 필요 자료 및 기구 구입비\n□ 기대효과\n  ◦ 학교급식의 내실 있는 운영으로 안정적 급식 운영\n  ◦ 올바른 식습관 형성으로 학생 건강증진
2026학년도 학교회계 예산편성 및 집행지침	252	2026학년도 학교회계 예산편성 및 집행지침	2026학년도 학교회계 예산편성 및 집행지침\n- 252 -\n사 업 명\n15. 교과용지도서 구입비 지원\n기존 þ   \n신규 □ \n소속\n교육복지과\n직ㆍ성명ㆍ연락처\n주무관 김보연(320-3315)\n□ 사업목적\n  ◦ 교사의 교육과정 연구 및 수업 설계에 필요한 다양한 정보와 지침 제공\n□ 관련근거\n  ◦ 「초․중등학교 교과용도서 구분고시」(제정 2022.12.29. 시행 2024.3.1.)\n□ 사업내용\n  ◦ 사업대상: 중·고등학교\n  ◦ 운영내용: 교과용도서(교사용 지도서) 구입 지원\n□ 행정사항\n  ◦ 2022 개정 교육과정 교과용지도서에 대하여 과목당 60천원 이내로 구\n입비 편성 권장\n□ 기대효과\n  ◦ 교육과정의 체계적 설계를 통한 내실있는 수업 구성으로 교육의 질 제고
2026학년도 학교회계 예산편성 및 집행지침	253	제3편 학교운영비 및 권장사업	제3편 학교운영비 및 권장사업\n- 253 -\n사 업 명\n16. 조경관리지원\n기존 þ\n신규 □\n소속\n교육시설과 \n직ㆍ성명ㆍ연락처\n주무관 박경태(320-3426)\n□사업목적\n  ◦ 학교별 다양하게 식재된 조경 공간의 적합한 관리를 통해 쾌적한 교육\n환경 제공\n□관련근거\n  ◦ ｢세종특별자치시교육청 학교숲ㆍ텃밭의 조성 및 관리 조례｣ 제4조(기\n본계획의 수립), 제5조(학교숲·텃밭 조성기준), 제6조(학교숲·텃밭의 \n유지·관리)\n□사업내용\n  ◦ 사업대상: 유·초·중·고·특수·각종학교\n  ◦ 운영내용: 학교내 조경 공간의 개선 및 유지관리(소독, 전지·전정, 잡초\n제거 등)\n□행정사항\n  ◦ 학교별 2,000천원 이상 학교운영비 편성 권장\n  ◦ 자연친화적이고 쾌적한 생활환경 조성 및 조경 관리 목적에 맞게 집행\n□기대효과\n  ◦ 학교 조경에 대한 체계적인 관리를 통해 친환경적 교육환경 조성
2026학년도 학교회계 예산편성 및 집행지침	254	2026학년도 학교회계 예산편성 및 집행지침	2026학년도 학교회계 예산편성 및 집행지침\n- 254 -\n사 업 명\n17. 녹색어머니회활동지원\n기존 þ   \n신규 □  \n소속\n학교안전과\n직ㆍ성명ㆍ연락처\n주무관 김윤순(320-1715)\n□ 사업목적\n  ◦ 교통안전 지도 물품 및 활동 지원을 통한 통학로 안전망 강화\n□ 관련근거\n  ◦ 2025년 주요업무계획 4-1-1 「학교안전체제」\n□ 사업내용\n  ◦ 사업대상: 초등학교\n  ◦ 운영내용: 통학로 교통안전 지도 물품 구입 및 녹색어머니회 활동 경비 지원\n□ 행정사항\n  ◦ 교당 300천원 이상 녹색어머니회 활동 지원비 편성 권장\n  ◦ 교통안전 지도 물품(상의, 모자, 깃발, 안전신호봉, 전자호루라기, 장갑 등) 구입\n  ◦ 녹색어머니회 활동 경비(협의회비 및 기타경비) 지원\n□ 기대효과\n  ◦ 안전한 통학 환경 조성 및 녹색어머니회 운영 활성화
2026학년도 학교회계 예산편성 및 집행지침	255	제3편 학교운영비 및 권장사업	제3편 학교운영비 및 권장사업\n- 255 -\n사 업 명\n18. 학생건강검사지원\n기존 þ   \n신규 □  \n소속\n학교안전과\n직ㆍ성명ㆍ연락처\n주무관 김현지(320-1725)\n□ 사업목적 \n  ◦ 정기적인 학생 건강검진으로 성장기의 각종 질병 조기 발견 및 관리를 \n통한 학생 건강증진 도모\n□ 관련근거\n  ◦ ｢학교보건법｣ 제7조 및 ｢학교건강검사규칙｣ 제3조\n□ 사업내용\n  ◦ 사업대상: 초·중·고·특수학교\n  ◦ 운영내용\n    - 특수학교 건강검진: 초1·4, 중·고1 \n    - 모든학교 별도검사: 소변검사(초 2,3,5,6 / 중·고 2,3), 결핵검사(고2,3), 시력검사(초 2,3,5,6)\n□ 행정사항\n  ◦ 아래 2025년도 고시단가 이상으로 예산 확보(΄26년 단가는 ΄26년 1∼2월 중 고시 예정)\n    - 학생건강검진 단가표(΄25년도)\n(단위: 원)\n항       목\n초 1\n초 4\n중 1\n고 1\n남\n여\n일반\n학생\n일반\n학생\n비만\n학생\n일반\n학생\n비만\n학생\n일반\n학생\n비만\n학생\n일반\n학생\n비만\n학생\n건강검진 상담료 및 행정비용\n(척추/눈/귀/코/목/피부)\n * 키, 몸무게, 비만도, 혈압, \n허리둘레(비만학생)측정 포함\n9,590\n9,590\n9,590\n9,590\n9,590\n9,590\n9,590\n9,590\n9,590\n구강(치아상태 및 구강상태)\n8,170\n8,170\n8,170\n8,170\n8,170\n8,170\n8,170\n8,170\n8,170\n병\n리\n검\n사\n소변(요단백, 요잠혈)\n920\n920\n920\n920\n920\n920\n920\n920\n920\n혈액\n비만학생\n[혈당, 총콜레스테롤, \nAST, ALT, HDL, LDL\n(계산값), 중성지방]\n-\n- 20,150\n- 20,150\n- 20,150\n- 20,150\n여학생(고1): 혈색소\n-\n-\n-\n-\n-\n-\n-\n1,250\n1,250\n결  핵\n(촬영 및 \n판독료\n+재료대)\n직촬(14″X14″)\n-\n-\n-\n9,560\n9,560\n9,560\n9,560\n9,560\n9,560\n직촬(14″X17″)\n-\n-\n-\n9,880\n9,880\n9,880\n9,880\n9,880\n9,880\nCR or DR\n-\n-\n-\n8,170\n8,170\n8,170\n8,170\n8,170\n8,170\n Full PACS\n-\n-\n-\n9,120\n9,120\n9,120\n9,120\n9,120\n9,120\n계\n18,680 18,680 38,830\n28,240 48,390 28,240 48,390 29,490 49,640\n28,560 48,710 28,560 48,710 29,810 49,960\n26,850 47,000 26,850 47,000 28,100 48,250\n27,800 47,950 27,800 47,950 29,050 49,200
2026학년도 학교회계 예산편성 및 집행지침	256	2026학년도 학교회계 예산편성 및 집행지침	2026학년도 학교회계 예산편성 및 집행지침\n- 256 -\n   - 별도검사 단가표(’25년도)\n검사항목\n검사대상\n검사단가\n비 고\n소변검사\n초 2,3,5,6학년\n중·고 2~3학년\n920원\n․  검진단가는 ˊ25년도 보건복지부\n고시 단가임(ˊ26년도 단가 미정)\n․  ˊ25년 고시단가 이상 확보할 것\n결핵(X선)\n고 2~3학년\n8,130~9,840원\n시력검사\n초 2,3,5,6학년\n해당 학교 \n교직원 측정\n※ 별도검사 실시 여부는 학교의 장이 결정할 수 있음\n「학교보건법」제7조제3항: 학교의 장은 제2항에 따른 건강검사 외에 학생의 건강을 보호·증진하기 \n위하여 필요하다고 인정하면 교육부령으로 정하는 바에 따라 그 학생을 별도로 검사할 수 있다.\n□ 기대효과\n  ◦ 체계적인 건강관리를 통한 학생들의 건강한 신체 성장·발달 효과\n  ◦ 건강검사의 결과 등을 바탕으로 학생 건강증진 계획․시행
2026학년도 학교회계 예산편성 및 집행지침	257	제3편 학교운영비 및 권장사업	제3편 학교운영비 및 권장사업\n- 257 -\n사 업 명\n19. 교사내공기질관리지원\n기존 þ  \n신규 □  \n소속\n학교안전과직ㆍ성명ㆍ연락처\n장학사 김효린(320-1732)\n□ 사업목적 \n  ◦ 학생 및 교직원이 활동하는 학교 시설 내 공기질 관리를 통한 쾌적한 \n교육환경 조성 \n  ◦ 교육시설 내 유해물질 발생을 방지하여, 학생 및 교직원 건강 보호\n□ 관련근거\n  ◦「학교보건법」제4조(학교의 환경위생 및 식품위생)\n  ◦「학교보건법 시행규칙」제3조(환경위생 및 식품위생의 유지관리)\n  ◦ 학교 환경위생 및 식품위생 점검기준(교육부고시 제2022-20호)\n□ 사업내용\n  ◦ 사업 대상: 유치원 및 초․중․고․특수·각종학교\n  ◦ 운영 내용: 학교 시설 내 공기질 적정 유지․관리 지원 \n□ 행정사항\n  ◦ 학교 시설 내 공기질 유지·관리를 위한 물품 구입비 편성 \n  ◦ 학교 시설 내 청소․소독비 및 공기질 측정 수수료\n※ 학교보건법에따른교사내공기질정기․특별점검은교육청에서일괄용역계약하여진행\n하나, 학교자체적으로별도측정이필요한경우(신설학교민원발생, 기자재교체등) 이용\n할수있는측정수수료확보필요\n□ 기대효과\n  ◦ 학교 시설 내  공기질 관리로 쾌적한 교육환경 조성 \n  ◦ 주기적 환기 및 청소로 실내공기질을 관리하여 학생 및 교직원 건강보호\n  ◦ 학교 공기질 상태 및 관리와 관련한 민원 적절 대응
2026학년도 학교회계 예산편성 및 집행지침	258	2026학년도 학교회계 예산편성 및 집행지침	2026학년도 학교회계 예산편성 및 집행지침\n- 258 -\n사 업 명\n20. 학교먹는물관리지원\n기존 þ   \n신규 □  \n소속\n학교안전과\n직ㆍ성명ㆍ연락처\n주무관 정소희(320-1731)\n□ 사업목적\n  ◦ 안전하고 위생적인 학교 먹는물 제공 및 학교 환경위생 적정 관리로 수인성 \n감염병 등 사전 예방 \n  ◦ 쾌적하고 안전한 교사 내 환경을 조성하여 학생 및 교직원의 건강 보호\n□ 관련근거\n  ◦ 「학교보건법 시행규칙」 제3조 제1항 별표5\n  ◦ 「수도법 시행규칙」 제22조의3(소독 등 위생 조치)\n□ 사업내용\n  ◦ 사업 대상: 유․초․중․고․특수·각종학교\n  ◦ 운영 내용: 학교 먹는 물(수질관리)운영 관리 \n□ 행정사항\n  ◦ 정수기 사용: 분기별 연 4회 수질검사 수수료 편성(학교 추가 구입분)\n    - 정수기 사용학교 주 1회 이상 청소․소독 운영비, 시기별 필터 교체 등 기타 소요 경비 편성\n    - 정수기 2개 항목 및 지하수 수질검사 결과 부적합 항목 추가 검사\n  ※  ’25년도 수수료(2항목: 약 12,000원 + 기관별 출장비)를 참고하여 ’26년도 단가 계상 필요\n  ◦ 상수도 직결 음수기 사용 학교 관리 비용 편성\n  ◦ 학교 먹는물 위생관리를 위한 수질 검사비(정수기 등) 및 부대 관리비용 경비 편성 \n□ 기대효과\n  ◦ 학생 및 교직원의 건강 보호 및 유지․증진 기여
2026학년도 학교회계 예산편성 및 집행지침	259	제3편 학교운영비 및 권장사업	제3편 학교운영비 및 권장사업\n- 259 -\n사 업 명\n21. 학교응급관리지원\n기존 þ   \n신규 □  \n소속\n학교안전과\n직ㆍ성명ㆍ연락처\n주무관 김현지(320-1725)\n□ 사업목적\n  ◦ 학교 내 응급황자 발생 시 신속한 대응을 위한 후송 체계 구축\n  ◦ 학교 구성원 대상 심폐소생술 등 응급처치 교육을 실시함으로써 응급상황에 \n대처할 수 있는 능력 제고\n□ 관련근거\n  ◦ 「학교보건법」 제9조, 제9조의2, 「학교보건법 시행규칙」 제10조 및 별표9\n□ 사업내용\n  ◦ 사업대상: 유․초․중․고․특수·각종학교\n  ◦ 운영내용: 학교 응급처치 교육 실시 및 응급환자 후송비 등\n    ※ (의무) 학교의 장은 매년 3월 31일까지 교육 대상, 내용, 방법에 대한 교육계획을 수립하여 \n학생 및 교직원 심폐소생술 등 응급처치 교육을 실시해야 함  \n□ 행정사항\n  ◦ 학교 내 응급상황 발생에 따른 응급환자 후송 경비\n    - 출장비, 주차비, 진료비, 차량운행비 등 \n  ◦ 학생 및 교직원 대상 심폐소생술 등 응급처치 교육 운영비 편성\n    - 심폐소생술 등 응급처치 교육 강사비(회계지침 참고)  \n    - 응급처치 교육에 필요한 물품 구입비(애니 인형, 교육용 자동제세동기 등)\n    ※ 교육청에서 심폐소생술 등 응급처치 강사지원 예정이나, 학교 상황 등을 고려하여 자체 추진을 \n희망하는 경우 자체 추진 가능\n□ 기대효과\n  ◦ 학교 응급상황 관리체계강화로 학생 및 교직원의 건강 보호
2026학년도 학교회계 예산편성 및 집행지침	260	2026학년도 학교회계 예산편성 및 집행지침	2026학년도 학교회계 예산편성 및 집행지침\n- 260 -\n사 업 명\n22. 교직원결핵검사지원\n기존 þ   \n신규 □ \n소속\n학교안전과\n직ㆍ성명ㆍ연락처\n주무관 김현지(320-1725)\n□ 사업목적\n  ◦ 교직원 및 학교종사자의 결핵검진을 통한 결핵 조기발견 및 확산 방지\n□ 관련근거\n  ◦ 「결핵예방법」제11조 및 「결핵예방법시행규칙」제4조에 따른 결핵검진\n□ 사업내용\n  ◦ 사업대상: 유·초·중·고·특수·각종학교\n  ◦ 운영내용: X-ray 또는 객담검사 등\n     ※「결핵예방법시행규칙」제4조에 따른 결핵검진(잠복결핵감염검진은 교육청에서 전문기관 위탁지원)\n    - 검진대상자: 교직원(공무원(교원, 일반직), 기간제교원, 교육공무직원) 및 학교종사자\n    - 검진제외자: 다른 법령에 따라 건강진단을 받은 경우\n     ※ 당해년도 「국민건강보험법」에 따른 건강검진 대상자, 「식품위생법」에 따라 연1회 이상 \n건강진단을 받는 학교급식종사자 등 해당년도에 결핵검진을 받은 교직원\n□ 행정사항\n  ◦ 2025년 결핵검진 단가* 참고 \n    * X-ray 검사: 8천원 ~ 10천원 내외\n  ◦ 학교 실정에 맞게 검진기관과 비용 협의 후 적정 예산 편성\n     (단, 검진기관 유형별로 비용이 상이함에 따라 유동성 있는 예산 편성 필요)
2026학년도 학교회계 예산편성 및 집행지침	261	제4편 학교회계 예산과목 체계	제4편 학교회계 예산과목 체계\n- 261 -\n사 업 명\n23. 냉난방실내기종합세척지원\n기존 þ   \n신규 □  \n소속\n학교지원본부 \n시설지원부\n직ㆍ성명ㆍ연락처\n주무관 김정호(903-0929)\n□ 사업목적\n  ◦ 교실 내 냉난방 실내기에 대해 세척 지원으로 쾌적한 교육환경 조성\n□ 관련근거\n  ◦「학교보건법」제4조\n□ 사업내용\n  ◦ 사업대상: 유·초·중·고·특수·각종학교\n  ◦ 운영내용: 냉난방 실내기 분해·세척을 위한 용역비\n□ 행정사항\n  ◦ 한 대당 120천원 정도 운영비 편성 권장\n  ◦ 냉난방기 설치(교체)로부터 2년 주기로 전체 실 냉난방기 종합세척 권장\n□ 기대효과\n  ◦ 냉난방기 종합세척으로 냉난방기 효율 및 내구연한 증대
2026학년도 학교회계 예산편성 및 집행지침	262	2026학년도 학교회계 예산편성 및 집행지침	2026학년도 학교회계 예산편성 및 집행지침
2026학년도 학교회계 예산편성 및 집행지침	263	제4편	제4편\n학교회계 예산과목 체계\nⅠ. 세입예산 과목 해설\nⅡ. 세출예산 사업‧과목 해설\nⅢ. 세입세출외현금 과목 해설
2026학년도 학교회계 예산편성 및 집행지침	264	2026학년도 학교회계 예산편성 및 집행지침	2026학년도 학교회계 예산편성 및 집행지침
2026학년도 학교회계 예산편성 및 집행지침	265	제4편 학교회계 예산과목 체계	제4편 학교회계 예산과목 체계\n- 265 -\nⅠ\n세입예산 과목 해설\n   \n장관항\n목\n원가\n코드\n원가통계비목\n과목 해설\n사용\n국립공립사립\nA0000 이전수입\n　\n　\n　\n　\n　\n　\n　\nA1000 중앙정부이전수입\n　\n　\n　\n　\n　\n　\n　\n　\nA1100 국고보조금\n　\n　\n　\n　\n　\n　\n　\n　\n　\nA1101 국고보조금\nA110101\n국고보조금\n중앙정부에서 교부하는 국고보조금\n○\n○\n○\n　\n　\n　\n　\nA110102\n국고보조지원금\n중앙정부에서 지원하는 입학금, 수업료 \n국고보조지원금\n○\n○\n○\n　\n　\nA1200 일반회계전입금\n　\n　\n　\n　\n　\n　\n　\n　\n　\nA1201 \n일반회계목적사업\n비전입금\nA120101\n일반회계목적사업비\n전입금\n일반회계가 교부하는 단위학교의 \n목적사업 수행을 위한 경비\n○\nX\nX\n　\n　\n　\nA1202 \n일반회계기본운영\n비전입금\nA120201\n일반회계기본운영비\n전입금\n일반회계가 목적 지정 없이 총액 \n교부하는 학교 기본운영 경비\n○\nX\nX\n　\nA2000 \n지방자치단체이전수입\n　\n　\n　\n　\n　\n　\n　\n　\nA2100 비법정이전수입\n　\n　\n　\n　\n　\n　\n　\n　\n　\nA2101 \n광역지방자치단체\n전입금\nA210109\n농어촌학교보조금\n(광역)\n농어업인 삶의 질 향상 및 농어촌지역 \n개발촉진에 관한 특별법에 따라 \n광역지방자치단체가 보조하는 농어촌 \n학교의 학생 지원 경비(입학금, 수업료, \n급식비 및 통학에 필요한 교통수단과 그 \n운행에 드는 경비 등)\nX\n○\n○\n　\n　\n　\n　\nA210110\n사회적배려대상자지원\n보조금(광역)\n한부모가족지원법, 국민기초생활보장법 \n등에 따라 사회적배려대상학생 \n(한부모자녀, 기초생활수급자, \n다문화가정 자녀, 특수교육대상자, \n북한이탈주민자녀 등) 지원을 위해 \n광역지방자치단체가 보조하는 경비\nX\n○\n○\n　\n　\n　\n　\nA210111\n급식비보조금(광역)\n학교급식법에 따라 광역지방자치단체가 \n보조하는 학교의 급식경비(식품비, 인건비 등)\nX\n○\n○\n　\n　\n　\n　\nA210112\n기타법령근거보조금(광역)\n위에서 나열한 것 이외에 다른 법령에 \n따라 광역지방자치단체가 보조하는 사업 \n경비\nX\n○\n○\n　\n　\n　\n　\nA210113\n자치법규근거보조금(광역)\n상위법령에 근거하지 않고 별도 \n자치법규(조례 등)로 정한 바에 따라 \n광역지방자치단체가 학교에 보조하는 \n지원 경비\nX\n○\n○\n　\n　\n　\nA2102 \n기초지방자치단체\n전입금\nA210209\n농어촌학교보조금\n(기초)\n농어업인 삶의 질 향상 및 농어촌지역 \n개발촉진에 관한 특별법에 따라 \n기초지방자치단체가 보조하는 농어촌 \n학교의 학생 지원 경비(입학금, 수업료, \n급식비 및 통학에 필요한 교통수단과 그 운행에 \n드는 경비 등)\nX\n○\n○
2026학년도 학교회계 예산편성 및 집행지침	266	2026학년도 학교회계 예산편성 및 집행지침	2026학년도 학교회계 예산편성 및 집행지침\n- 266 -\n장관항\n목\n원가\n코드\n원가통계비목\n과목 해설\n사용\n국립공립사립\n　\n　\n　\n　\nA210210\n사회적배려대상자지\n원보조금(기초)\n한부모가족지원법, 국민기초생활보장법 \n등에 따라 사회적 배려 \n대상학생(한부모자녀, 기초생활수급자, \n다문화가정 자녀, 특수교육대상자, \n북한이탈주민자녀 등) 지원을 위해 \n기초지방자치단체가 보조하는 경비\nX\n○\n○\n　\n　\n　\n　\nA210211\n급식비보조금(기초)\n학교급식법에 따라 기초지방자치단체가 \n보조하는 학교의 급식경비(식품비, 인건비 등)\nX\n○\n○\n　\n　\n　\n　\nA210212\n기타법령근거보조금\n(기초)\n위에서 나열한 것 이외에 다른 법령에 \n따라 기초지방자치단체가 보조하는 사업 \n경비\nX\n○\n○\n　\n　\n　\n　\nA210213\n자치법규근거보조금\n(기초)\n상위법령에 근거하지 않고 별도 \n자치법규(조례 등)로 정한 바에 따라 \n기초지방자치단체가 학교에 보조하는 \n지원 경비\nX\n○\n○\n　\n　\nA2200 교육경비보조금\n　\n　\n　\n　\n　\n　\n　\n　\n　\nA2201 \n광역지방자치단체\n전입금\nA220101\n급식시설·설비사업보조금\n(광역) \n지방자치단체의 교육경비 보조에 관한 \n규정 제2조 제1호에 따라 \n광역지방자치단체가 보조하는 학교의 \n급식시설·설비사업 경비\nX\n○\n○\n　\n　\n　\n　\nA220102\n교육정보화사업보조금\n(광역)\n지방자치단체의 교육경비 보조에 관한 \n규정 제2조 제2호에 따라 \n광역지방자치단체가 보조하는 학교의 \n교육정보화사업 경비\nX\n○\n○\n　\n　\n　\n　\nA220103\n교육시설·환경개선사업\n보조금(광역)\n지방자치단체의 교육경비 보조에 관한 \n규정 제2조 제2의2호에 따라 \n광역지방자치단체가 보조하는 학교의 \n교육시설개선사업 및 환경개선사업 경비\nX\n○\n○\n　\n　\n　\n　\nA220104\n학교교육과정운영지원\n사업보조금(광역)\n지방자치단체의 교육경비 보조에 관한 \n규정 제2조 제3호에 따라 \n광역지방자치단체가 보조하는 \n학교교육과정 운영의 지원에 관한 사업 \n경비\nX\n○\n○\n　\n　\n　\n　\nA220105\n주민교육과정개발운영\n사업보조금(광역)\n지방자치단체의 교육경비 보조에 관한 \n규정 제2조 제4호에 따라 \n광역지방자치단체가 보조하는 \n지역주민을 위한 교육과정 개발 및 \n운영에 관한 사업 경비\nX\n○\n○\n　\n　\n　\n　\nA220106\n지역체육·문화공간설치\n사업보조금(광역)\n지방자치단체의 교육경비 보조에 관한 \n규정 제2조 제5호에 따라 \n광역지방자치단체가 보조하는 \n학교교육과 연계하여 학교에 설치되는 \n지역주민 및 청소년이 활용할 수 있는 \n체육·문화공간 설치사업 경비\nX\n○\n○\n　\n　\n　\n　\nA220107\n기타학교교육여건개선\n사업보조금(광역)\n지방자치단체의 교육경비 보조에 관한 \n규정 제2조 제6호에 따라 \n광역지방자치단체가 보조하는 기타 \n지방자치단체의 장이 필요하다고 \n인정하는 학교교육여건 개선사업 경비\nX\n○\n○\n　\n　\n　\nA2202 \n기초지방자치단체\n전입금\nA220201\n급식시설·설비사업보조금\n(기초)\n지방자치단체의 교육경비 보조에 관한 \n규정 제2조 제1호에 따라 \n기초지방자치단체가 보조하는 학교의 \n급식시설·설비사업 경비\nX\n○\n○
2026학년도 학교회계 예산편성 및 집행지침	267	제4편 학교회계 예산과목 체계	제4편 학교회계 예산과목 체계\n- 267 -\n장관항\n목\n원가\n코드\n원가통계비목\n과목 해설\n사용\n국립공립사립\n　\n　\n　\nA220202\n교육정보화사업보조금\n(기초)\n지방자치단체의 교육경비 보조에 관한 \n규정 제2조 제2호에 따라 \n기초지방자치단체가 보조하는 학교의 \n교육정보화사업 경비\nX\n○\n○\n　\n　\n　\nA220203\n교육시설·환경개선사업\n보조금(기초)\n지방자치단체의 교육경비 보조에 관한 \n규정 제2조 제2의2호에 따라 \n기초지방자치단체가 보조하는 학교의 \n교육시설개선사업 및 환경개선사업 경비\nX\n○\n○\n　\n　\n　\nA220204\n학교교육과정운영지원\n사업보조금(기초)\n지방자치단체의 교육경비 보조에 관한 \n규정 제2조 제3호에 따라 \n기초지방자치단체가 보조하는 \n학교교육과정 운영의 지원에 관한 사업 \n경비\nX\n○\n○\n　\n　\n　\nA220205\n주민교육과정개발운영\n사업보조금(기초)\n지방자치단체의 교육경비 보조에 관한 \n규정 제2조 제4호에 따라 \n기초지방자치단체가 보조하는 \n지역주민을 위한 교육과정 개발 및 \n운영에 관한 사업 경비\nX\n○\n○\n　\n　\n　\n　\nA220206\n지역체육·문화공간설치\n사업보조금(기초)\n지방자치단체의 교육경비 보조에 관한 \n규정 제2조 제5호에 따라 \n기초지방자치단체가 보조하는 \n학교교육과 연계하여 학교에 설치되는 \n지역주민 및 청소년이 활용할 수 있는 \n체육·문화공간 설치사업 경비\nX\n○\n○\n　\n　\n　\n　\nA220207\n기타학교교육여건개선\n사업보조금(기초)\n지방자치단체의 교육경비 보조에 관한 \n규정 제2조 제6호에 따라 \n기초지방자치단체가 보조하는 기타 \n지방자치단체의 장이 필요하다고 \n인정하는 학교교육여건 개선사업 경비\nX\n○\n○\n　\nA3000 \n지방교육행정기관이전수입\n　\n　\n　\n　\n　\n　\n　\nA3100 \n교육비특별회계전입금\n수입\n　\n　\n　\n　\n　\n　\n　\n　\n　\nA3101 \n교육비특별회계전입금\nA310101\n학교운영비전입금\n교육청에서 학교운영을 위하여 목적없이 \n총액으로 교부되는 전입금\nX\n○\nX\n　\n　\n　\nA310102\n목적사업비전입금\n학교의 목적사업 수행을 위하여 \n지원되는 전입금\nX\n○\nX\n　\n　\n　\nA3102 \n사립학교보조금수입\nA310201\n인건비재정결함보조금\n교육청에서 사립학교에 보조하는 인건비 \n재정결함 보조금\nX\nX\n○\n　\n　\n　\n　\nA310202\n운영비재정결함보조금\n교육청에서 사립학교에 보조하는 운영비 \n재정결함 보조금\nX\nX\n○\n　\n　\n　\n　\nA310203\n목적사업비보조금\n교육청에서 보조하는 사립학교의 \n목적사업 수행을 위한 보조금\nX\nX\n○\n　\n　\nA3200 \n기금회계전입금수입\n　\n　\n　\n　\n　\n　\n　\n　\n　\nA3201 \n기금회계전입금\nA320101\n학교운영비전입금\n교육청에서 학교운영을 위하여 목적없이 \n총액으로 교부되는 전입금\nX\n○\n○\n　\n　\n　\n　\nA320102\n목적사업비전입금\n학교의 목적사업 수행을 위하여 \n지원되는 전입금\nX\n○\n○
2026학년도 학교회계 예산편성 및 집행지침	268	2026학년도 학교회계 예산편성 및 집행지침	2026학년도 학교회계 예산편성 및 집행지침\n- 268 -\n장관항\n목\n원가\n코드\n원가통계비목\n과목 해설\n사용\n국립공립사립\n　\nA4000 기타이전수입\n　\n　\n　\n　\n　\n　\n　\n　\nA4100 \n사학법인이전수입\n　\n　\n　\n　\n　\n　\n　\n　\n　\nA4101 \n법인법정부담금\nA410101\n법인법정부담금\n사립학교 법인이 부담해야 하는 \n사립학교교직원연금, 건강보험, 재해보상 \n부담금 등 법정부담 전입금\nX\nX\n○\n　\n　\n　\nA4102 \n법인이전수입\nA410201\n법인이전수입\n사립학교 법인이 사립학교로 교부하는 \n학교운영비 및 목적사업비\nX\nX\n○\n　\n　\nA4200 \n학교회계간이전수입\n　\n　\n　\n　\n　\n　\n　\n　\n　\nA4201 \n학교발전기금전입금\nA420101\n학교발전기금전입금\n학교운영위원회가 학교회계로 전출하는 \n학교발전기금 전입금\n○\n○\n○\n　\n　\n　\nA4202 \n다른학교회계전입금 \nA420201\n다른학교회계전입금\n같은 학교가 아닌 다른 학교가 전출하는 전입금 \n(기타 학교 간 사무위탁의 처리를 위한 경비 등) \n○\n○\n○\n　\n　\n　\nA4203 \n기타학교회계전입금\nA420301\n기타학교회계전입금\n같은 학교내 학교기업회계가 학교회계로 \n전출하는 학교기업회계전입금\n위 항목 이외의 같은 학교 내 타회계에서 \n이전되는 학교 내 타회계 전입금 (같은 \n학교 세입세출외현금 등) \n(단,세입세출외현금이자는이자수입에편성)\n○\n○\n○\n　\n　\nA4300 \n기타공공이전수입\n　\n　\n　\n　\n　\n　\n　\n　\n　\nA4301 \n기타공공지원금\nA430101\n기타공공지원금\n국가 및 지방자치단체를 제외한 \n공공기관*(공공의 성격이 있는 기관) \n등이 지원하는 지원금, 대학교 \n교육실습생 운영 지원금, \n한국교육시설안전원 재난복구비\n*「공공기관의운영에관한법률」에따른기관 \n(공공기관 알리오 홈페이지 참조)\n※개인,기업체단체등에서지원하는기부금\n성격의지원금은학교발전기금회계로 \n처리해야하며,공공기관이라도기부금의 \n경우에는학교발전기금회계로처리해야함\nX\n○\n○\n　\n　\n　\nA4302 \n기타교육지원금\nA430201\n기타교육지원금\n국가를 제외한 공공기관(공공의 성격이 \n있는 기관 포함)에서 국립학교에 \n지원하는 각종 교육활동 지원금, 학교 \n운영 및 목적사업 수행을 위하여 \n지원하는 지원금\n※개인,기업체단체등에서지원하는기부금\n성격의지원금은학교발전기금회계로 \n처리해야하며,공공기관이라도기부금의 \n경우에는학교발전기금회계로처리해야함\n○\nX\nX\nA4400 \n민간이전수입\nA4401 기부금\nA440101\n기부금\n유치원 등 발전기금회계가 없는 학교의 기부금\n※ 발전기금회계가 있는 학교는 발전기금으로 \n세입 처리\nX\n○\nX\nB0000 자체수입\n　\n　\n　\n　\n　\n　\n　\nB1000 학부모부담수입\n　\n　\n　\n　\n　\n　\n　\n　\nB1100 등록금
2026학년도 학교회계 예산편성 및 집행지침	269	제4편 학교회계 예산과목 체계	제4편 학교회계 예산과목 체계\n- 269 -\n장관항\n목\n원가\n코드\n원가통계비목\n과목 해설\n사용\n국립공립사립\n　\n　\n　\nB1101 입학금\nB110101\n입학금\n세종특별자치시 학교 수업료 및 입학금 \n및 학교운영지원비에 관한 조례 및 동법 \n시행규칙에 의한 입학금 수입\nX\nX\n○\n　\n　\n　\n　\nB110102\n지난년도입학금\n지난년도 입학금 수입\nX\nX\n○\n　\n　\n　\nB1102 수업료\nB110201\n수업료\n세종특별자치시 학교 수업료 및 입학금 \n및 학교운영지원비에 관한 조례 및 동법 \n시행규칙에 의한 수업료 수입\nX\nX\n○\n　\n　\n　\n　\nB110202\n지난년도수업료\n지난년도 수업료 수입\nX\nX\n○\n　\n　\n　\nB1103 \n학교운영지원비\nB110301\n학교운영지원비\n학교운영위원회 심의를 거쳐 \n학교운영지원을 위해 징수하는 \n고등학교의 학교운영지원비\n(초등학교, 중학교 및 무상교육 대상 \n고등학교는 해당없음)\nX\nX\n○\n　\n　\n　\n　\nB110302\n지난년도학교운영\n지원비\n지난년도 학교운영지원비 수입\nX\nX\n○\n　\n　\nB1200 수익자부담수입\n　\n　\n　\n　\n　\n　\n　\n　\n　\nB1201 급식비\nB120101\n학생급식비\n학생에게 제공하는 급식비로 수익자가 \n부담하는 경비\n○\n○\n○\n　\n　\n　\n　\nB120102\n우유급식비\n학생에게 제공하는 우유대금으로 \n수익자가 부담하는 경비\n○\n○\n○\nB120103\n교직원 등 급식비\n교직원 등에게 제공하는 급식비로 \n수익자가 부담하는 경비\n○\n○\n○\n　\n　\n　\nB1202 \n방과후학교활동비\nB120201\n방과후학교활동비\n방과후 또는 토요·방학중 방과후학교 \n교육 활동 수익자 부담금\n○\n○\n○\n　\n　\n　\nB1203 \n현장체험학습비\nB120301\n현장체험학습비\n현장체험학습(수학여행, 소풍, 견학 등) \n및 수련활동(극기훈련, 야영수련, 학년별 \n수련 등)을 위한 수익자 부담금\n○\n○\n○\n　\n　\n　\nB1205 \n청소년단체활동비\nB120501\n청소년단체활동비\n각종 청소년 단체 활동을 위한 수익자 \n부담금\n○\n○\n○\n　\n　\n　\nB1206 졸업앨범비\nB120601\n졸업앨범비\n졸업앨범 제작·구매하기 위한 수익자 \n부담금\n○\n○\n○\n　\n　\n　\nB1207 교과서비\nB120701\n교과서비\n교과서 구입을 위한 수익자 부담금\n○\n○\n○\n　\n　\n　\nB1208 기숙사비\nB120801\n기숙사비\n기숙사 생활을 위한 수익자 부담금\n○\n○\n○\n　\n　\n　\nB1209 \n기타수익자부담수\n입\nB120901\n기타수익자부담수입\n기타 교육활동(학부모, 지역주민 교육 \n등 포함)에 따른 수익자 부담금\n○\n○\n○\n　\n　\n　\nB1210 누리과정비\nB121001\n누리과정비\n유치원 누리과정을 위한 수익자 \n부담금(단설 및 병설유치원 학생의\n급식비,현장체험학습비,특성화교육비등은\n누리과정비로 편성)\n○\n○\n○\n　\n　\n　\nB1211 교복구입비\nB121101\n교복구입비\n교복 구입을 위한 수익자 부담금\n○\n○\n○\n　\n　\n　\nB1212 \n운동부운영비\nB121201\n운동부운영비\n학교운동부 운영에 따른 수익자 부담금\n○\n○\n○\n　\n　\n　\nB1214\n늘봄학교운영비\nB121401\n늘봄학교 운영비\n늘봄학교 운영을 위한 수익자 부담금\n○\n○\n○\n　\nB3000 행정활동수입
2026학년도 학교회계 예산편성 및 집행지침	270	2026학년도 학교회계 예산편성 및 집행지침	2026학년도 학교회계 예산편성 및 집행지침\n- 270 -\n장관항\n목\n원가\n코드\n원가통계비목\n과목 해설\n사용\n국립공립사립\n　\n　\nB3100 사용료및수수료\n　\n　\n　\n　\n　\n　\n　\n　\n　\nB3101 \n사용료및수수료\nB310101\n사용료\n학교체육시설(체육관, 수영장 등), 교실, \n강당, 운동장, 매점, 급식실 등 학교장이 \n관리하는 학교시설을 포함한 행정재산의 \n사용허가를 득한 자로부터 수수하는 \n사용료와 학교물품의 대여로 발생하는 \n대여료 등\n○\n○\n○\n　\n　\n　\n　\nB310102\n수수료\n입시전형료, 수험료,  행정정보 공개 등 \n조례 및 규칙 등에서 정한 수수료를 \n학교에서 수납하는 수수료\n○\n○\n○\n　\n　\nB3200 자산수입\n　\n　\n　\n　\n　\n　\n　\n　\n　\nB3201 자산매각대\nB320101\n자산매각대\n토지, 건물, 기계장치, 사무기기, 도서 등 \n자산매각 수입\n○\n○\n○\n　\n　\nB3300 적립금처분수입\n　\n　\n　\n　\n　\n　\n　\n　\n　\nB3301 \n적립금처분수입\nB330101\n적립금처분수입\n잔디운동장 전면보수, 수영장 전면보수 \n등 대규모 사업을 위해 사용료 수입을 \n재원으로 적립된 적립금 처분 수입 \n(적립금 이자수입 제외_이자수입은 \n(항)기타행정활동수입/(목)이자수입으로 편성)\n○\n○\n○\n　\n　\nB3400 보증금회수\n　\n　\n　\n　\n　\n　\n　\n　\n　\nB3401 보증금회수\nB340101\n보증금회수\n원어민교사 주택 임차보증금 등 보증금 회수 수입\n○\n○\n○\n　\n　\nB3500 \n기타행정활동수입\n　\n　\n　\n　\n　\n　\n　\n　\n　\nB3501 \n지난년도수입\nB350101\n지난년도수입\n지난년도 징수결정 하였으나 미수납된 \n금액을 올해연도에 수납하는 행정활동 수입\n(학부모부담수입은해당과목에계상)\n○\n○\n○\n　\n　\n　\nB3502 이자수입\nB350201\n이자수입\n학교회계, 세입세출외현금 등 예금에서 \n발생한 이자 수입\n○\n○\n○\n　\n　\n　\nB3503 \n기타행정활동수입\nB350301\n기타행정활동수입\n위에서 나열한 것 이외의 행정활동 \n수입(수도광열비, 매각대금(폐휴지, \n폐기문서, 폐식용유), 자원순환수익) \n변상금, 위약금, 법인카드포인트, \n매점운영수익금, 감사지적회수금, \n지난년도 지출반납 등 단, 인건비 등 \n교특회계 직접 지출 경비, 수업료 및 \n입학금의 감사지적 회수금 제외)\n○\n○\n○\nC0000 기타수입\n　\n　\n　\n　\n　\n　\n　\nC1000 전년도이월금\n　\n　\n　\n　\n　\n　\n　\n　\nC1100 순세계잉여금\n　\n　\n　\n　\n　\n　\n　\n　\n　\nC1101 \n순세계잉여금\nC110101\n순세계잉여금\n전년도 학교회계에서 발생하여 올해 \n연도에 이월되는 순세계 잉여금\n○\n○\n○\n　\n　\nC1200 \n정산대상재원사용잔액\n　\n　\n　\n　\n　\n　\n　\n　\n　\nC1201 \n정산대상재원사용잔\n액\nC120101\n정산대상재원사용잔\n액\n전년도 국고, 지방자치단체, \n교육비특별회계, 학교법인 목적사업비 \n등 사용잔액으로 반납하여야 할 금액\n○\n○\n○\n　\n　\nC1300 이월금\n　\n　\n　\n　\n　\n　\n　\n　\n　\nC1301  이월사업비\nC130101\n이월사업비\n명시이월, 사고이월, 계속비이월\n○\n○\n○
2026학년도 학교회계 예산편성 및 집행지침	271	제4편 학교회계 예산과목 체계	제4편 학교회계 예산과목 체계\n- 271 -\nⅡ\n세출예산 사업·과목 해설\n1. 정책․단위․세부사업 해설\n정책\n사업\n단위\n사업\n세부사업\n사업 해설\n세부항목 예시\n비고\n101\n인적자원 운용　\n교직원 보수 등 인적자원 운용을 위해 소요되는 사업비\n　\n　\n1000000038\n교직원보수\n○ 사립학교 정규직 교원/직원에게 매월 지급하는 급여\n　\n　\n　\n　\n　\nA010380001\n사립학교 \n교원보수\n사립학교 정규직 교원에게 매월 지급하는 급여\n기본급\n정액수당\n초과근무수당\n법정부담금\n복리후생비\n \n　\n　\n　\n　\nA010380002\n사립학교 \n직원보수\n사립학교 정규직 직원에게 매월 지급하는 급여\n기본급\n정액수당\n초과근무수당\n법정부담금\n복리후생비\n \n　\n1000000039\n기타 교직원보수\n○ 정규직 교직원(정규직 교원·직원, 무기계약직원)을 대체하는 기간제 교원이나 \n행정대체 인력에 대한 인건비\n○ 중·고등학교에서'학교회계예산편성기본지침'및관련법령(교원예우에관한규정등)에\n따라 교직원에게 지급하는 수당\n　\n　\n　\n　\nA010390001\n교직원\n대체\n인건비\n정규직 교직원(정규직 교원·직원, 무기계약직원)을 대체하는 \n기간제 교원이나 행정대체 인력에 대한 인건비\n(출산휴가, 장기병가 등에 따른 결원 충원)\n교원대체인건비\n직원대체인건비\n　\n　\n　\n　\nA010390002\n기타수당\n각종 법률(교원의 지위향상 및 교육활동보호를 위한 특별법, \n같은법 시행령 등)에 따라 교직원에게 지급하는 수당\n(교원연구비,수석교사연구활동비등)\n교원연구비\n수석교사연구활동비\n \n　\n1000000002\n교직원 복지 및 역량강화\n○ 학교 전체 교직원의 교수 및 직무 역량을 강화하기 위한 사업비\n○ 학교 전체 교직원의 복지와 사기진작을 위한 사업비\n　\n　\n　\n　\n　\nA010020001\n교직원\n역량강화\n학교 전체 교직원의 교수 및 직무 역량을 강화하기 위한 사업비\n직무연수\n자격연수\n정보화연수\n자율연수\n학습동아리운영\n기타역량강화지원\n \n　\n　\n　\n　\nA010020002\n교직원\n복지\n학교 전체 교직원의 복지와 사기 진작을 위한 사업비, \n교직원 성희롱·성폭력 피해자, 교육활동(또는 업무) 중 발생한 \n신체적 피해자의 치료 및 상담 등 지원비, 소속 교직원(교장 포함)의 \n생일시 소액(1인당 3만원 이하)의 상품권, 케익 등 지급 경비\n(교직원 동호회 활동, 맞춤형 복지비 등 지원)\n동호회지원\n퇴임식,스승의날행사\n교직원체육행사\n교직원문화행사\n교직원포상\n교직원맞춤형복지비\n교직원성폭력등피해지원\n교직원 생일기념 경비\n \n102\n학생복지/교육격차 해소\n학생복지 및 교육격차 해소를 위해 소요되는 사업비\n　\n　\n1000000003\n급식 관리\n○ 학교급식 운영 관련 소요되는 사업비
2026학년도 학교회계 예산편성 및 집행지침	272	2026학년도 학교회계 예산편성 및 집행지침	2026학년도 학교회계 예산편성 및 집행지침\n- 272 -\n정책\n사업\n단위\n사업\n세부사업\n사업 해설\n세부항목 예시\n비고\n　\n　\n　\nA020030001\n학교급식\n운영\n학교급식 운영 관련 소요되는 사업비\n(학교급식실 운영, 위탁급식 운영, 급식재료 구입, 우유급식 \n운영비, 학교급식 업무 종사자 인건비 등)\n영양사인건비\n조리사인건비\n조리원인건비\n급식재료구입비\n급식운영비\n급식기구확충비\n위탁급식비\n공동급식학교운영\n \n　\n1000000004\n기숙사 관리\n○ 기숙사 운영을 위한 사업비\n　\n　\n　\n　\nA020040001\n기숙사\n운영\n기숙사 운영을 위한 사업비\n기숙사운영비\n기숙사직원인건비\n　\n　\n1000000005\n보건관리\n○ 학생 건강관리 및 안전관리 관련 소요되는 사업비\n○ 학교환경위생 관련 소요되는 사업비\n　\n　\n　\n　\n　\nA020050001\n학생 및 \n교직원 \n보건안전\n관리\n학생 및 교직원 건강관리 및 안전관리 관련 소요되는 사업비\n(보건실 운영, 학생 건강진단, 교직원결핵검진, 질병예방, \n건강증진, 응급학생 관리 등)\n학교안전공제회비\n응급학생후송비\n학생건강검사\n보건실운영\n교직원건강검사비\n보건교육\n감염병예방관리\n산업안전보건관리\n(위험성평가 등)\n \n　\n　\n　\nA020050002\n학교환경\n위생관리\n학교 환경위생 관련 소요되는 사업비\n(학교 학습환경 관리, 방역관리, 먹는물 관리 등)\n먹는물관리\n소음관리\n공기질관리\n방역관리\n어린이활동공간관리\n \n　\n1000000006\n교육격차 해소\n○ 교육격차해소를 위하여 학생지원사업에 소요되는 사업비\n(학부모부담금 경감을 위한 학생지원금 제외)\n　\n　\n　\n　\nA020060001\n학비지원\n교육격차해소를 위한 학비 지원 사업비\n사회적배려대상자 지원\n특수교육대상자지원\n　\n　\n　\n　\nA020060009\n정보화비\n지원\n국가, 지방자치단체, 교육청에서 지원하는 학생 컴퓨터 \n구입비 등 지원비\n사회적배려대상자 \n컴퓨터구입비 지원\n사회적배려대상자\n인터넷통신비지원\n　\n　\n　\n　\nA020060011\n기타 \n교육격차\n해소 \n지원\n위에 나열한 것 이외에 교육격차해소를 위한 사업비\n탈북학생지원\n다문화가정지원\n기타교육격차해소지원\n방과후과정자유수강원지원\n \n　\n1000000040\n학생복지\n○ 내/외부 학생 장학금 지원 관련 소요되는 사업비\n○ 농어촌 등 특정 지역의 교육역량 제고를 위해 추진하는 사업비\n○ 학생복지관련하여 소요되는 각종사업비\n　\n　\n　\n　\nA020400001\n학생장학금\n운영\n학생 장학금 지원 관련 소요되는 사업비\n※ 학교발전기금을 통한 장학금은 학교발전기금회계에서 지출\n학생장학금지원\n \n　\n　\n　\nA020400002\n교육복지\n우선\n경제적·사회적·문화적으로 취약한 여건에 있는 학생에 대하여 \n학습·문화·정서 등 복지와 관련된 맞춤형 통합 지원을 제공하는 사업\n교육복지사 인건비\n교육복지사업운영비\n　\n　\n　\n　\nA020400003\n학생복지\n운영\n학생복지 관련하여 소요되는 각종 사업비\n(졸업앨범, 교과서 구입, 교복 구입, 교복 물려주기, 통학\n차량운영, 학교매점 등)\n졸업앨범제작\n학생교과서구입\n학생증제작\n통학차량운영지원\n체육복구입비 지원\n교복구입비 지원
2026학년도 학교회계 예산편성 및 집행지침	273	제4편 학교회계 예산과목 체계	제4편 학교회계 예산과목 체계\n- 273 -\n정책\n사업\n단위\n사업\n세부사업\n사업 해설\n세부항목 예시\n비고\n103\n기본적 교육활동\n표준 교수학습 활동에 직접 투입되는 사업비\n \n　\n1000000009\n교과 활동\n○ 교육과정에 명시된 표준 교수학습 활동 수행을 지원하기 위해 소요되는 각종 사업비\n   (기초학력 지도, 수준별 이동 수업, 교과협의회 운영 등)\n○ 국어 교육과정 운영 관련 소요되는 사업비\n○ 사회(역사,도덕) 교육과정 운영 관련 소요되는 사업비\n○ 수학 교육과정 운영 관련 소요되는 사업비\n○ 과학(실과,기술,가정) 교육과정 운영 관련 소요되는 사업비\n○ 체육 교육과정 운영 관련 소요되는 사업비\n○ 예술(음악,미술) 교육과정 운영 관련 소요되는 사업비\n○ 외국어(영어,제2외국어) 교육과정 운영 관련 소요되는 사업비\n○ 한문, 교양 등 선택교과의 교육과정 운영 관련 소요되는 사업비\n○ 특수교육 교육과정 운영 관련 소요되는 사업비\n○ 특성화고등학교 전문 교육과정 운영 관련 소요되는 사업비\n   (농생명 산업, 공업, 상업 정보, 수산·해운, 가사·실업 등)\n○ (병설)유치원 교육과정 운영 관련 소요되는 사업비\n　\n　\n　\n　\nA030090001\n교과활동\n지원\n교육과정에 명시된 표준 교수학습 활동 수행을 지원하기 \n위해 소요되는 각종 사업비\n(기초학력 지도, 수준별 이동 수업, 원격수업, 교과협의회 \n운영 등)\n학습준비물지원\n교사용교과서(지도서)\n구입\n보결(대강)수업관리\n보충과정운영\n기초학력지도\n수준별이동수업\n원격수업기자재 및\n소프트웨어\n고교학점제운영\n교과교실제운영\n교과협의회운영\n \n　\n　\n　\nA030090002\n국어\n교과활동\n국어 교육과정 운영 관련 소요되는 사업비\n교과운영\n학습준비물지원\n　\n　\n　\n　\nA030090003\n사회\n교과활동\n사회(역사,도덕) 교육과정 운영 관련 소요되는 사업비\n교과운영\n학습준비물지원\n　\n　\n　\n　\nA030090004\n수학\n교과활동\n수학 교육과정 운영 관련 소요되는 사업비\n교과운영\n학습준비물지원\n　\n　\n　\n　\nA030090005\n과학\n교과활동\n과학(실과,기술∙가정) 교육과정 운영 관련 소요되는 사업비\n교과운영\n학습준비물지원\n과학실험실무원인건비\n과학실운영\n \n　\n　\n　\nA030090006\n체육\n교과활동\n체육 교육과정 운영 관련 소요되는 사업비\n교과운영\n학습준비물지원\n　\n　\n　\n　\nA030090007\n예술\n교과활동\n예술(음악,미술) 교육과정 운영 관련 소요되는 사업비\n교과운영\n학습준비물지원\n음악실운영\n미술실운영\n \n　\n　\n　\nA030090008\n외국어\n교과활동\n외국어(영어,제2외국어) 교육과정 운영 관련 소요되는 사업비\n교과운영\n학습준비물지원\n원어민보조교사인건비\n외국어강사\n　\n　\n　\n　\nA030090009\n선택\n교과활동\n한문, 교양 등 선택교과의 교육과정 운영 관련 소요되는 \n사업비\n교과운영\n학습준비물지원\n　\n　\n　\n　\nA030090010\n특수교육\n교과활동\n특수교육 교육과정 운영 관련 소요되는 사업비\n교과운영\n학습준비물지원\n특수교육실무원인건비\n전공과교과활동
2026학년도 학교회계 예산편성 및 집행지침	274	2026학년도 학교회계 예산편성 및 집행지침	2026학년도 학교회계 예산편성 및 집행지침\n- 274 -\n정책\n사업\n단위\n사업\n세부사업\n사업 해설\n세부항목 예시\n비고\n　\n　\n　\nA030090011\n전문\n교과활동\n특성화고등학교 전문 교육과정 운영 관련 소요되는 사업비\n(농생명산업,공업,상업정보,수산·해운,가사·실업등)\n전문교과운영\n학습준비물지원\n　\n　\n　\n　\nA030090012\n유치원\n교과활동\n병설유치원 교육과정 운영 관련 소요되는 사업비\n교과운영\n학습준비물지원\n　\n　\n　\n　\nA030090013\n부설기관\n교과활동\n부설기관 교육과정 운영 관련 소요되는 사업비\n교과운영\n학습준비물지원\n방송통신고교과운영\n방송통신중교과운영\n \n　\n　\n　\nA030090014\n정보\n교과활동\n정보 교육과정 운영 관련 소요되는 사업비\n(교과운영, 컴퓨터 등 기자재, 교구 및 학습 준비물 지원 등)\n교과운영\n학습준비물지원\n　\n　\n　\n1000000032\n창의적 체험활동\n○ 학생 자치활동 및 창의적 특색 활동 등 자율활동 관련 소요되는 사업비\n○ 수학여행, 수련활동 등 현장체험학습 활동 관련 소요되는 사업비\n○ 동아리 활동/봉사활동/진로활동 관련 소요되는 사업비\n　\n　\n　\n　\nA030320001\n자율·자치\n활동\n학생 자치활동 및 창의적 특색 활동 등 자율활동 관련 \n소요되는 사업비\n(학예회 활동, 각종 경진대회, 실기대회 등)\n학생회활동지원\n학예회,과학경연대회,\n실기대회\n학생건강체력평가,  \n체육대회\n(영자)신문제작\n학급운영비\n　\n　\n　\n　\nA030320002\n현장체험\n학습활동\n수학여행, 수련활동 등 현장체험학습 활동 관련 소요되는 \n사업비\n수학여행\n수련활동\n현장학습\n　\n　\n　\n　\nA030320003\n동아리\n활동\n동아리 활동 관련 소요되는 사업비\n(학교스포츠클럽,청소년단체활동,문화예술활동등)\n동아리활동\n청소년단체활동\n학교스포츠클럽활동\n　\n　\n　\n　\nA030320004\n봉사활동\n봉사활동 관련 소요되는 사업비\n(교내봉사, 지역사회봉사, 자연환경보호, 캠페인 활동 등)\n장애학생돕기,\n다문화가정학생돕기,\n아동양육시설 봉사,\n노인복지시설 봉사\n자연보호활동,식목활동\n청소용품\n　\n　\n　\n　\nA030320005\n진로활동\n진로활동 관련 소요되는 사업비\n(자기이해(적성검사), 진로정보탐색, 진로상담, 진로체험 등)\n자기이해활동\n진로계획활동\n진로체험활동\n　\n　\n　\n　\n자유학기(년) 활동\n○ 자유학기(년)제 시행에 따른 진로탐색활동, 주제선택활동, 예술.체육활동, 동\n아리활동에 소요되는 사업비\n　\n　\n　\n　\nA030420001\n자유학기\n활동\n자유학기 관련 진로탐색활동, 주제선택활동에 소요되는 \n사업비\n진로탐색활동 \n주제선택활동,\n예술·체육활동\n동아리활동\n104\n선택적 교육활동\n　\n표준 교육활동이 아닌 선택적 교육활동에 소요되는 사업비\n　\n　\n　\n1000000013\n방과후학교 운영\n○ 교과의 보충이나 특별활동의 체계화 등을 위해 정규 수업과정 외 방과후학교 \n운영 관련 소요되는 사업비\n○ 방과후 돌봄교실 운영 관련 소요되는 사업비\n　\n　\n　\n　\nA040130001\n방과후\n학교운영\n특기, 적성 및 교과의 특성을 반영한 프로그램 등 정규 \n수업과정 외 방과후학교 운영 관련 소요되는 사업비\n※ 초등 방과후학교는 늘봄학교운영으로 편성\n교과프로그램\n특기적성교육\n토요스포츠강사운영\n학부모코디네이터운영
2026학년도 학교회계 예산편성 및 집행지침	275	제4편 학교회계 예산과목 체계	제4편 학교회계 예산과목 체계\n- 275 -\n정책\n사업\n단위\n사업\n세부사업\n사업 해설\n세부항목 예시\n비고\n　\n　\n　\nA040130003\n유치원\n방과후\n과정운영\n병설유치원 방과후과정 운영 관련 소요되는 사업비\n유치원 방과후 전담사 운영\n유치원 방과후 특성화 과정\n운영\n \n　\n　\n　\nA040130004\n늘봄학교 \n운영\n늘봄학교(늘봄과정) 운영 관련 소요되는 사업비\n늘봄학교운영\n맞춤형 프로그램운영\n선택형 교육 프로그램운영\n선택형 돌봄 프로그램운영\n늘봄실무인력(늘봄실무사·\n늘봄전담사) 인건비\n　\n　\n　\n1000000015\n직업교육\n○ 정규 교육과정이 아닌 선택적 직업교육 관련 소요되는 사업비\n　\n　\n　\n　\nA040150001\n직업교육\n운영\n정규 교육과정이 아닌 선택적 직업교육 관련 소요되는 사업비\n취업역량강화사업\n중소기업특성화고인력\n양성사업\n직업능력개발훈련\n산학협력운영\n \n　\n　\n1000000016\n국제교육\n○ 외국학교와의 국제교류 등 국제교육 관련 소요되는 사업비\n　\n　\n　\n　\nA040160001\n국제교육\n운영\n외국학교와의 국제교류 등 국제교육 관련 소요되는 사업비\n자매결연학교교류\n　\n　\n　\n1000000033\n독서활동\n○ 독서활동 운영 관련 소요되는 사업비\n　\n　\n　\n　\nA040330001\n독서활동\n운영\n독서활동 운영 관련 소요되는 사업비\n(도서구입, 도서관운영, 독서교육 역량강화 등)\n독서교육 역량강화\n도서구입\n도서관운영\n사서(실무원)인건비\n독서프로그램\n학교도서관자원봉사자\n운영\n \n　\n　\n1000000017\n교기육성\n○ 운동부나 기악부 등 교기운영 관련 소요되는 사업비\n　\n　\n　\n　\nA040170001\n교기운영\n운동부나 기악부 등 교기운영 관련 소요되는 사업비\n(축구, 야구, 육상, 수영, 기악부, 체육중·고 운동부 등)\n축구부운영\n육상부운영\n수영부운영\n기악부운영\n운동부지도자인건비\n \n　\n　\n1000000018\n기타 선택적 교육활동\n○ 창의성이나 수월성 제고 관련 소요되는 사업비(영재교육운영, 발명교실 등)\n○ 위에나열하지않은기타선택적교육활동관련소요되는사업비\n(외부기관을이용한위탁교육등)\n　\n　\n　\n　\nA040180001\n창의교육\n운영\n창의성이나 수월성 제고 관련 소요되는 사업비\n(영재교육운영, 발명교실 등)\n영재교육운영\n영재캠프\n발명교실운영\n　\n　\n　\n　\nA040180002\n기타\n선택적\n교육운영\n위에 나열하지 않은 기타 선택적 교육활동 관련 소요되\n는 사업비\n(대학교교육실습생운영등외부기관을이용한위탁교육)\n위탁교육\n어린이신문구독\n대학교교육실습생운영\n대학생멘토링제운영\n \n　\n　\n　\nA040180003\n다문화\n교육운영\n다문화 교육활동이나 연수 관련 소요되는 사업비\n　\nA040180004\n환경\n교육운영\n학교 환경교육 운영 관련 소요되는 사업비(환경교육 시설 \n확충, 환경교육자료 구입, 환경교육 프로그램 운영비, \n환경교육 주간 운영, 환경교육사 등 전문인력 활용비 등 \n환경교육 추진에 소요되는 일체의 경비)\n환경교육프로그램 운영비
2026학년도 학교회계 예산편성 및 집행지침	276	2026학년도 학교회계 예산편성 및 집행지침	2026학년도 학교회계 예산편성 및 집행지침\n- 276 -\n정책\n사업\n단위\n사업\n세부사업\n사업 해설\n세부항목 예시\n비고\n105\n교육활동 지원\n교수학습 간접 교육비로 교육활동 지원에 소요되는 사업비\n　\n　\n　\n1000000019\n교무업무 운영\n○ 교수학습에 직접 투입되지 않으나 교육활동 지원 관련 소요되는 각종 사업비\n　\n　\n　\n　\nA050190001\n교무학사\n운영\n교수학습에 직접 투입되지 않으나 교육활동 지원 관련 \n소요되는 각종 사업비\n(입학전형, 입학식 및 졸업식, 출석부 구입, 학생평가 등)\n교무행정사인건비\n교무학사운영\n교육활동홍보\n입학식및졸업식\n교육과정평가\n입학전형\n대학수학능력시험관리\n \n　\n　\n1000000037\n생활지도운영\n○ 교내외 학생생활, 학생상담 지도 관련 소요되는 사업비\n○ 학교폭력예방에소요되는사업비\n○ 학생안전관련소요되는사업비\n　\n　\n　\n　\nA050370001\n학생생활\n상담지도\n교내외 학생생활, 학생상담 지도 관련 소요되는 사업비\n(생활지도여비, 상담봉사자회비, 개별학생교육지원비, \n학교지킴이, 녹색어머니회, 부적응학생상담, Wee클래스\n운영등)\n학생생활지도 운영\n생활지도봉사자회비\n개별학생교육지원비\n학교지킴이\n녹색어머니회\n체험·공감형예방교육\n상담실운영비\n상담요원인건비\n학교부적응학생진단·상담·\n치유프로그램운영비\n　\n　\n　\n　\nA050370002\n학교폭력\n예방\n학교폭력 예방에 소요되는 사업비\n(학교폭력예방활동지원, 피해학생보호 및 가해학생선도등)\n피해학생지원\n가해학생선도\n학교폭력관련연수지원\n안전한학교환경구축\n학교폭력맞춤형대응\n안심알리미서비스\n학교폭력전담기구운영\n학교폭력예방지원\n \n　\n　\n　\nA050370003\n학생안전\n교육\n학생 안전 관련 소요되는 사업비\n(소방훈련, 재난대응훈련, 재난안전교육 등)\n소방훈련\n재난대응훈련\n안전교육\n생존수영교육\n \n　\n　\n1000000020\n연구학교 운영\n○ 특정 목적 달성을 위한 연구학교, 선도학교, 시범학교, 혁신학교 운영 관련 소\n요되는 사업비\n　\n　\n　\n　\nA050200001\n　\n연구학교\n운영\n특정 목적 달성을 위한 연구학교, 선도학교, 시범학교, \n혁신학교 운영 관련 소요되는 사업비\n교육부지정\n시도교육청지정\n헉신학교운영\n \n　\n　\n1000000021\n학습지원실 운영\n○ 방송실/정보화실/공동실습소 운영 관련 소요되는 사업비\n○ 기타학습지원실운영관련소요되는사업비(시청각실등)\n　\n　\n　\n　\nA050210001\n방송실\n운영\n방송실 운영 관련 소요되는 사업비\n방송장비구입\n방송실운영\n　\n　\n　\n　\nA050210002\n정보화실\n운영\n정보화실 및 정보 교육실 운영 관련 소요되는 사업비\n학교정보화지원\n전산실무원인건비\n정보화업무운영\n학내망관리\n홈페이지운영\n소프트웨어구입\n \n　\n　\n　\nA050210003\n공동실습소\n운영\n공동실습소 운영 관련 소요되는 사업비\n공동실습소운영비
2026학년도 학교회계 예산편성 및 집행지침	277	제4편 학교회계 예산과목 체계	제4편 학교회계 예산과목 체계\n- 277 -\n정책\n사업\n단위\n사업\n세부사업\n사업 해설\n세부항목 예시\n비고\n　\n　\n　\nA050210004\n기타 학습\n지원실 \n운영\n기타 학습지원실 운영 관련 소요되는 사업비\n(시청각실등)\n시청각실운영비\n　\n　\n　\n1000000022\n교육여건 개선\n○ 교수학습 및 학교행정을 위한 시설·장비개선 관련 소요되는 사업비\n　\n　\n　\n　\nA050220001\n교육환경\n개선\n교수학습 및 학교행정을 위한 시설·장비개선 관련 소요되는 \n사업비\n책·걸상구입\n칠판교체\nPC구입\n교실환경개선\n노후사물함교체\n \n106\n학교 일반운영\n학교 기관 및 부서 운영에 소요되는 사업비\n　\n　\n　\n1000000041\n학교기관 운영\n○ 학교 각 부서(교장실, 행정실, 교무실 등) 운영에 소요되는 사업비\n○ 학교의 부설기관(방송통신 중·고등학교) 병설유치원 등 운영에 소요되는 사업비\n○ 행정지원에 필요한 인력 운용에 소요되는 사업비\n　\n　\n　\n　\nA060410001\n부서기본\n운영\n학교 각 부서(교장실, 행정실, 교무실 등) 운영에 소요되는 사업비\n(부서 운영 일반수용비, 사무용품 구입, 사무용기기 구입 \n및 수리, 간행물 구독, 여비(이전비), 업무추진비 등)\n교장실운영\n행정실운영\n교무부운영\n연구부운영\n학생부운영\n분교장운영\n　\n　\n　\n　\nA060410002\n부설기관\n운영\n학교의 부설기관(방송통신 중·고등학교) 운영에 소요되는 사업비\n(부설기관 운영 일반수용비, 여비, 업무추진비 등)\n방송통신고등학교운영\n방송통신중학교운영\n \n　\n　\n　\nA060410004\n병설\n유치원\n기본운영\n병설유치원 공공요금, 시설장비유지비 등 유치원 기본\n운영에 소요되는 사업비\n유치원 공공요금 및 \n제세공과금\n유치원시설장비유지\n병설유치원운영\n \n　\n　\n　\nA060410003\n행정지원\n인력운용\n행정지원에 필요한 인력 운용에 소요되는 사업비\n(행정(사무)실무원(구학부모회포함) 인건비, 사회복무요원 \n인건비등)\n구 학부모회직인건비\n행정실무원인건비\n사회복무요원인건비\n　\n　\n　\n1000000024\n시설 장비 유지\n○ 학교 시설유지 관리에 소요되는 사업비\n　\n　\n　\n　\nA060240001\n학교시설\n장비유지\n학교시설 유지관리에소요되는 사업비\n(시설 유지 관련 공공요금 및 제세, 연료비, 용역비 등)\n공공요금및제세공과금\n연료비\n시설관리용역\n시설일반관리\n화장실관리\n체육관관리\n당직관리\n당직원인건비\n환경위생사인건비\n시설관리원인건비\n \n　\n　\n1000000026\n학교운영 협력\n○ 학교운영위원회 운영 관련 소요되는 사업비\n○ 학부모와 상호협력을 통해 학교발전을 추구하기 위해 학부모 협력 관련 소요\n되는 사업비\n○ 지역주민이나 유관기관 협력을 위해 소요되는 사업비\n　\n　\n　\n　\n　\nA060260001\n학교운영\n위원회\n운영\n학교운영위원회 운영 관련 소요되는 사업비\n학교운영위원회운영\n　\n　\n　\n　\nA060260002\n학부모\n협력\n학부모와 상호협력을 통해 학교발전을 추구하기 위해 \n학부모 협력 관련 소요되는 사업비\n(학부모 참여제도 운영, 학부모 역량강화 교육 등)\n학부모회운영\n학부모교육\n학부모시험감독운영
2026학년도 학교회계 예산편성 및 집행지침	278	2026학년도 학교회계 예산편성 및 집행지침	2026학년도 학교회계 예산편성 및 집행지침\n- 278 -\n정책\n사업\n단위\n사업\n세부사업\n사업 해설\n세부항목 예시\n비고\n　\n　\n　\nA060260003\n관계기관\n협력\n지역주민이나 관계기관 협력을 위해 소요되는 사업비\n학교운영협의회\n평생교육운영\n지역주민교육\n주민개방형학교도서관\n활성화\n지역발전협의회운영\n \n107\n학교시설 확충\n대규모 수선비, 교실 증·개축 등에 소요되는 시설 사업비\n　\n　\n　\n1000000027\n시설확충 및 개선\n○ 일정규모(지정정보처리장치에 입찰공고(2인 이상 견적서 제출 포함) 하는 사업) \n이상의 시설 공사에 소요되는 사업비\n　\n　\n　\n　\nA070270001\n시설확충\n및개선\n일정규모(지정정보처리장치에 입찰공고(2인 이상 견적서 \n제출 포함) 하는 사업) 이상의 시설 공사에 소요되는 \n사업비 (학교시설 확충, 노후시설 개선, 호우피해 복구, \n교실 증개축 등)\n교실증개축\n조경공사\n교사동방수공사\n인조잔디운동장보수\n　\n108\n학교 재무활동\n목적사업비 반환 및 예비비 관리 등 비사업성 재무활동\n　\n　\n　\n1000000028\n반환금 \n○ 목적사업비, 보조금 등 집행 잔액 반환\n　\n　\n　\n　\nA080280001\n반환금\n목적사업비, 보조금 등 집행 잔액 반환\n반환금\n　\n　\n　\n1000000029\n예비비\n○ 예비비\n　\n　\n　\n　\nA080290001\n예비비\n예비비\n예비비
2026학년도 학교회계 예산편성 및 집행지침	279	제4편 학교회계 예산과목 체계	제4편 학교회계 예산과목 체계\n- 279 -\n2. 세출 원가통계비목 해설\n목그룹목\n세목\n원가코드\n원가통계비목\n과목 해설\n사용\n국립공립사립\nA00 인건비\n　\n　\n　\n　\n　\n　\n　\n　\nA10 인건비\n　\n　\n　\n　\n　\n　\nA10-01 보수\nA100101\n봉급\n공무원보수규정 제5조, 지방공무원보수규정 \n제4조 및 제32조에 의한 국가 및 지방\n공무원의 봉급(고정급 및 성과급 적용 \n연봉월액 포함)\nX\nX\n○\n　\n　\nA100102\n정근수당\n공무원수당등에관한규정 제7조 및 지방\n공무원수당등에관한규정 제6조에 의한 봉급을 \n지급받는 공무원에게 지급하는 정근수당, \n정근수당가산금 등 포함\nX\nX\n○\n　\n　\nA100103\n성과상여금\n공무원수당등에관한규정 제7조의2 및 지방\n공무원수당등에관한규정 제6조의2에 의한 \n봉급을 지급받는 공무원에게 지급하는 성과\n상여금\nX\nX\n○\n　\n　\nA100104\n대우공무원수당\n공무원수당등에관한규정 및 지방공무원수\n당등에관한규정 등에 의하여 월정액으로 \n지급하는 제수당\nX\nX\n○\n　\n　\nA100105\n창안상여금\nX\nX\n○\n　\n　\nA100106\n가족수당\nX\nX\n○\n　\n　\nA100107\n자녀학비보조수당\nX\nX\n○\n　\n　\nA100108\n육아휴직수당\nX\nX\n○\n　\n　\nA100109\n특수지근무수당\nX\nX\n○\n　\n　\nA100110\n위험근무수당\nX\nX\n○\n　\n　\nA100111\n연구업무수당\nX\nX\n○\n　\n　\nA100112\n교육연수기관근무수당\nX\nX\n○\n　\n　\nA100113\n교원보전수당\nX\nX\n○\n　\n　\nA100114\n교원보전수당가산금\nX\nX\n○\n　\n　\nA100115\n교직수당\nX\nX\n○\n　\n　\nA100116\n교직수당가산금1 \n(원로수당)\nX\nX\n○\n　\n　\nA100117\n교직수당가산금2 \n(보직수당)\nX\nX\n○\n　\n　\nA100118\n교직수당가산금3 \n(특수업무수당)\nX\nX\n○\n　\n　\nA100119\n교직수당가산금4 \n(학급담임수당)\nX\nX\n○\n　\n　\nA100120\n교직수당가산금5 \n(실과담당수당)\nX\nX\n○\n　\n　\nA100121\n교직수당가산금6 \n(보건교사수당)\nX\nX\n○\n　\n　\nA100122\n교직수당가산금7 \n(병설유치원겸임수당)\nX\nX\n○\n　\n　\nA100144\n교직수당가산금8 \n(영양교사수당)\nX\nX\n○\n　\n　\nA100145\n교직수당가산금9 \n(사서교사수당)\nX\nX\n○
2026학년도 학교회계 예산편성 및 집행지침	280	2026학년도 학교회계 예산편성 및 집행지침	2026학년도 학교회계 예산편성 및 집행지침\n- 280 -\n목그룹목\n세목\n원가코드\n원가통계비목\n과목 해설\n사용\n국립공립사립\n　\n　\nA100146\n교직수당가산금10\n(전문상담교사수당)\nX\nX\n○\n　\n　\nA100123\n선박및함정근무수당\nX\nX\n○\n　\n　\nA100124\n국제전문직위수당\nX\nX\n○\n　\n　\nA100125\n의료업무등의수당\nX\nX\n○\n　\n　\nA100126\n업무대행수당\nX\nX\n○\n　\n　\nA100127\n시간외근무수당\nX\nX\n○\n　\n　\nA100128\n야간근무수당\nX\nX\n○\n　\n　\nA100129\n휴일근무수당\nX\nX\n○\n　\n　\nA100130\n관리업무수당\nX\nX\n○\n　\n　\nA100131\n정액급식비\nX\nX\n○\n　\n　\nA100133\n명절휴가비\nX\nX\n○\n　\n　\nA100135\n연가보상비\nX\nX\n○\n　\n　\nA100136\n모범공무원수당\nX\nX\n○\n　\n　\nA100138\n명예퇴직수당\nX\nX\n○\n　\n　\nA100139\n장려수당\nX\nX\n○\n　\n　\nA100140\n기술정보수당\nX\nX\n○\n　\n　\nA100141\n특수직무수당\nX\nX\n○\n　\n　\nA100142\n개방형직위 등 보전 \n및 전문직위 수당\nX\nX\n○\n　\n　\nA100143\n직급보조비\nX\nX\n○\n　\n　\nA100147\n겸임수당\nX\nX\n○\nA100148\n특수업무수당 \n(중요직무급)\nX\nX\n○\n　\n　\nA10-02 \n공무직보수\nA100202\n공무직인건비\n공무원이 아닌 기간의 정함이 없는 근로\n계약을 체결한 근로자 인건비(퇴직급여, \n처우개선비, 각종수당 등 포함)\n(호봉제공무직, 월급제공무직등)\n○\n○\n○\n　\n　\nA10-03 \n기간제근로자 \n보수\nA100302\n기간제교원인건비\n공무원이 아닌 민간인 신분의 기간제 계약 \n교원 인건비(퇴직급여 포함)\n(정규기간제교원,대체기간제교원,시간강사등)\n○\n○\n○\n　\n　\nA100303\n기간제근로자인건비\n공무원이 아닌 민간인 신분의 기간제 \n근로자인건비(퇴직급여 포함)\n(기간제계약직, 일용직 등)\n○\n○\n○\n　\n　\nA10-04 기타수당\nA100401\n기타수당\n각종 법률(교원의 지위향상 및 교육활동보호를 \n위한 특별법, 같은법 시행령 등)에 따라 \n교직원에게 지급하는 수당 및 기타 실비\n변상적 경비\n(교원연구비, 수석교사연구활동비, 영유아 \n보육수당, 순회교사및복식수업수당 등)\n※ 교육공무직원 제외(공무직인건비에 편성)\n○\n○\n○
2026학년도 학교회계 예산편성 및 집행지침	281	제4편 학교회계 예산과목 체계	제4편 학교회계 예산과목 체계\n- 281 -\n목그룹목\n세목\n원가코드\n원가통계비목\n과목 해설\n사용\n국립공립사립\nB00 운영비\n　\n　\n　\n　\n　\n　\n　\n　\nB10 학교운영비\n　\n　\n　\n　\n　\n　\n　\n　\nB10-01 \n일반운영비\nB100101\n일반수용비\n학교 운영에 소요되는 일반적인 경비\n(사무용품구입비,감사패·상패 등의 제작비, \n인쇄비,소모성물품구입비,비품수선비,각종\n사용료(소프트웨어사용료포함)및수수료,시설물\n소규모수선비,시설장비유지비,청소용역비,\n시설장비위탁용역비,임차료,각종봉사료등)\n○\n○\n○\n　\n　\n　\nB100102\n운영수당\n학교 운영 과정에서 외부강사나 교직원 등\n에게 지급하는 각종 수당 및 기타 실비지급 \n경비(강사수당, 외부강사 교통비 및 숙박비 등)\n○\n○\n○\n　\n　\n　\nB100103\n전기요금\n전기요금\n○\n○\n○\n　\n　\n　\nB100104\n상하수도료\n상하수도료\n○\n○\n○\n　\n　\n　\nB100105\n연료비\n건물 냉난방, 차량유지 등을 위해 사용하는 \n연료비\n(도시가스료, 지역난방료, 냉난방기연료비,\n취사용기연료비, 차량연료비 등)\n○\n○\n○\n　\n　\n　\nB100106\n기타공공요금\n전기요금, 상하수도료를 제외한 공공요금 \n및 제세공과금\n(우편요금, 전화요금, 인터넷통신요금, 보험료, \n자동차세, 환경개선부담금등)\n○\n○\n○\n　\n　\n　\nB100107\n급식용식재료비\n급식에 소요되는 식재료비\n○\n○\n○\n　\n　\n　\nB100113\n우유급식비\n우유급식에 소요되는 우유구입비\n○\n○\n○\n　\n　\n　\nB100108\n여비\n공무원여비규정에 의한 여비, 이전비 및 \n민간인 여비\n○\n○\n○\n　\n　\n　\nB100111\n맞춤형복지비\n교직원의 맞춤형복지비\n○\n○\n○\n　\n　\n　\nB100112\n교직원복지비\n교직원 맞춤형복지비를 제외한 교직원복지비\n(피복비, 특근매식비, 직무관련 연수비, 교직원\n보건검사비, 교직원동호회지원, 소속 교직원\n(교장 포함) 생일기념 경비 등) \n○\n○\n○\n　\n　\nB10-02 교육\n운영비\nB100201\n교육운영비\n학생 교과활동 지원을 위해 소요되는 각종 \n경비\n(교구·기자재구입(자산성 물품은 비품구입비 \n목에 편성) 및 유지보수비, 구독형 교육용 \n소프트웨어 구입비, 교육용 재료비, 교육활\n동 숙박비·식비·차량임차료·교통비, 학생여\n비, 학교행사비, 학생대회출전비, 도서관운\n영비, 학급교육활동경비, 교육활동 입장료 \n및 체험비, 학생간식비, 동아리교육활동 등)\n○\n○\n○\n　\n　\n　\nB100202\n학습준비물\n학습준비물 구입비\n○\n○\n○\n　\n　\n　\nB100203\n학생복지비\n학생 복지에 소요되는 경비\n(장학금, \n학생자치활동,학교안전공제회비, \n학생보건검사비, 졸업앨범, 교복구입, 학생 \n정서행동 검사 및 치료비 등)\n○\n○\n○
2026학년도 학교회계 예산편성 및 집행지침	282	2026학년도 학교회계 예산편성 및 집행지침	2026학년도 학교회계 예산편성 및 집행지침\n- 282 -\n목그룹목\n세목\n원가코드\n원가통계비목\n과목 해설\n사용\n국립공립사립\n　\n　\nB10-03 법정\n부담금\nB100301\n교직원법정부담금\n정규직 교직원에 대해 사립학교법인이 부\n담해야 하는 법정부담금\n(사립학교교직원연금, 건강보험, 재해보상 \n부담금 등)\nX\nX\n○\n　\n　\nB100303\n기간제교원법정\n부담금\n기간제교원(정규·대체 기간제교원, 시간강사 등)\n에게 기관(학교)이 부담해야 하는 법정부담금\n(국민연금, 건강보험, 고용보험, 산재보험 등)\n○\n○\n○\n　\n　\nB100304\n기간제근로자법정\n부담금\n기간제근로자(기간제 계약직, 일용직 등) 및 \n방과후강사에게 기관(학교)이 부담해야 하는 \n법정부담금\n(국민연금, 건강보험, 고용보험, 산재보험 등)\n○\n○\n○\n　\n　\nB100305\n공무직법정부담금\n공무직(호봉제·월급제 공무직등)에게 \n기관(학교)이 부담해야 하는 법정부담금\n(국민연금, 건강보험, 고용보험, 산재보험 등)\n○\n○\n○\n　\nB20 업무추진비\n　\n　\n　\n　\n　\n　\nB20-01 일반\n업무추진비\nB200101\n일반업무추진비\n기관운영 업무추진비 및 사업추진 업무추진비\n○\n○\n○\n　\n　\n　\nB200102\n직책급업무수행경비\n각급기관의 운영을 위하여 조직을 규정한 \n법령 또는 직제에 의한 직위를 보유한 자에게 \n월정액으로 지급하는 경비\n○\n○\n○\n　\n　\n　\nB200103\n목적사업업무추진비\n지방자치단체 및 교육청, 공공기관에서 \n지원한 사업비로 특정 목적을 수행하기 \n위하여 추진하는 사업의 업무추진비\n○\n○\n○\nC00 자산취득비　\n　\n　\n　\n　\n　\nC10 시설비\n　\n　\n　\n　\n　\n　\nC10-01 시설비\nC100101\n시설비\n학교 시설에 필요한 설계비, 시설비, 감리비, \n시설부대비 등\n(자산의 변동을 가져오는 대규모 수선 등의 시설)\n○\n○\n○\n　\n　\n　\nC100102\n임차보증금\n원어민교사 주택 등 향후 회수할 임차 보증금\n○\n○\n○\n　\nC20 비품구입비\n　\n　\n　\n　\n　\n　\nC20-01 비품\n구입비\nC200101\n비품구입비\n자산의 변동을 가져오는 물품 구입비\n○\n○\n○\n　\n　\n　\nC200102\n도서구입비\n도서 대장에 등재되는 도서구입비\n○\n○\n○\n　\nC30 시설적립금\n　\n　\n　\n　\n　\n　\nC30-01 시설\n적립금\nC300101\n시설적립금\n노후교실의 증.개축, 잔디운동장 전면보수, \n수영장 전면보수 등 대규모 사업을 위한 적립금\n○\n○\n○\n　\nC40 기타자산취득비\n　\n　\n　\n　\n　\n　\nC40-01 기타\n자산취득비\nC400101\n기타자산취득비\n수목구입, 소프트웨어(무형자산) 구입, 기타\n유·무형자산 등의 기타자산취득비\n○\n○\n○\nD00 예비비및기타　\n　\n　\n　\n　\n　\nD10 예비비및기타\n　\n　\n　\n　\n　\n　\nD10-01 예비비\nD100101\n예비비\n예측할 수 없는 예산외의 지출이나 예산의 초과\n지출에 충당하기 위한 경비, 재해.재난을 위한 경비\n○\n○\n○\n　\n　\nD10-02 반환금\nD100201\n반환금\n국고, 지방자치단체, 교육비특별회계, 학교\n법인 목적사업비 등 집행잔액 반환금\n○\n○\n○\n　\n　\nD10-03 전출금\nD100301\n전출금\n교육비특별회계 또는 타 학교회계 등으로 \n전출하는 자금\n○\n○\n○
2026학년도 학교회계 예산편성 및 집행지침	283	제4편 학교회계 예산과목 체계	제4편 학교회계 예산과목 체계\n- 283 -\nⅢ\n세입세출외현금 과목 해설\n세입세출외현금 종목\n원가통계비목\n과목 해설 및 근거\n종\n목\n보\n증\n금\n입찰보증금\n입찰보증금\n지방재정법 시행령 40조\n(세입세출예산 외로 처리할 수 있는 경비의 범위)\n지방자치단체를 당사자로 하는 계약에 관한 법률 시행\n규칙 제51조(현금에의한 보증금 납부)\n계약보증금\n계약보증금\n하자보수보증금\n하자보수보증금\n기타보증금\n기타보증금\n기타보증금(전세 임대보증금 등)\n보\n관\n금\n채권압류금\n채권압류금\n민사집행법 제195조, 제227조, 제264조, 공탁법\n퇴직적립금\n퇴직적립금\n근로자퇴직급여 보장법\n국유재산사용료\n국유재산사용료\n국유재산법 시행령 제39조(대부료등의 귀속)\n소송비용\n이행담보금\n민사소송법 제98조(소송비용부담의 원칙)\n부가가치세\n매출부가가세\n매출부가가치세 보관\n공공시설손실부담\n공공시설손실부담\n지방재정법 시행령 제40조(세입세출예산외로 처리할 \n수 있는 경비의 범위)\n시설적립금\n시설적립금\n시설적립금\n기타보관금\n기타보관금\n기타 법률 및 명령에 의한 보관금\n건강보험부담금\n공무원건강보험부담금\n공무원 건강보험료(본인 및 사용자부담금 보관)\n비공무원건강보험부담금\n기타직, 기간제 근로자 건강보험료(본인 및 사용자부담금 보관)\n국민연금부담금\n국민연금부담금\n기타직, 기간제 근로자 국민연금(본인 및 사용자부담금 보관)\n고용산재보험\n고용보험\n기타직, 기간제 근로자 고용보험료(본인 및 사용자부담금 보관)\n산재보험\n기타직, 기간제 근로자 산재보험료(본인 및 사용자부담금 보관)\n기타세금\n소득세\n강사료, 원고료등에서 발생하는 주민세세의 원천징수세\n지방소득세\n강사료, 원고료등에서 발생하는 지방소득세의 원천징수세\n잡\n종\n금\n각종성금\n각종성금\n각종성금\n이자수입\n이자수입\n이자수입\n연수경비\n연수경비\n교육청주관 교사‧학생들의 해외연수 시 개인부담액\n기타잡종금\n기타잡종금\n기타 잡종금
2026학년도 학교회계 예산편성 및 집행지침	284	(텍스트 추출 없음)	(텍스트 추출 없음)
2026학년도 학교회계 예산편성 및 집행지침	285	제5편	제5편\n부 록\nⅠ. 예산편성 기준단가\nⅡ. 각종 서식\nⅢ. 산재해 있는 각종 지침
2026학년도 학교회계 예산편성 및 집행지침	286	(텍스트 추출 없음)	(텍스트 추출 없음)
2026학년도 학교회계 예산편성 및 집행지침	287	제5편 부록	제5편 부록\n- 287 -\nⅠ\n예산편성 기준단가\n1. 시설비 단가\n구분\n단위사업명\n시설공사 단가\n비고\n단위\n’26단가\n단위\n’25단가\n교실증개축\n보통교실 증개축\n실\n194,765\n실\n189,000\n90㎡(1Module),냉난방포함(철거비 별도),\n21실 이상 기준\n*소규모 할증 적용(11~20실: 5%, \n6~10실: 10%, 5실 이하: 15% 이내)\n특별(편의)교실 증개축\n실\n408,078\n실\n396,000\n180㎡(2Module),냉난방포함(철거비 별도)\n21실 이상 기준\n*소규모 할증 적용(11~20실: 5%, \n6~10실: 10%, 5실 이하: 15% 이내)\n계단실 증개축\n실\n152,714\n실\n148,194\n90㎡(철거비 별도)\n교실 철거비\n실\n19,927\n실\n19,337\n교실단가의 10%이내\n화장실개선\n화장실증개축\n실\n151,422 실\n146,940\n45㎡,냉난방포함(철거비 별도)\n화장실 수선\n실\n111,769 실\n108,461\n45㎡,냉난방포함(철거비 별도)\n화장실 철거비\n실\n16,278 실\n15,796\n화장실단가의 10%이내 \n기타시설\n확충\n창고증개축\n동\n98,124 동\n95,220\n66㎡(철거비 별도)\n사택증개축\n동\n175,008 동\n169,828\n66㎡(철거비 별도)\n숙직실증개축\n동\n73,880 동\n71,693\n33㎡(철거비 별도)\n조례대증개축\n동\n63,810 동\n61,921\n45㎡(철거비 별도)\n체육관, 강당증축\n㎡\n2,780 ㎡\n2,698\n내부비품, 토목공사제외\n기숙사증개축\n㎡\n2,527 ㎡\n2,452\n내부비품, 토목공사제외\n식당증개축\n㎡\n1,993 ㎡\n1,934\n내부비품, 철거비, 토목공사제외\n조리실증개축\n㎡\n3,517 ㎡\n3,413\n내부비품, 철거비, 토목공사제외\n연결복도, 비막이 통로\nm\n1,209 \nm\n1,173\n폭3.0m x 높이 3.0m\n기타시설철거\n㎡\n185 ㎡\n180\n증축비의 10% 이내\n대수선\n외벽단열\n실\n15,870\n실\n15,400\n전후면보수 \n(㎡)\n361 (㎡)\n350\n외벽보수\n실\n16,325\n실\n15,842\n전후면보수(부분보수 단가는 30% 적용)\n(㎡)\n371 (㎡)\n360\n지붕방수\n실\n13,195\n실\n12,804\n90㎡ 쉬트&우레탄\n반자시설(교실)\n실\n9,521\n실\n9,239\n66㎡(조명개선포함)\n반자시설(복도)\n실\n3,204\n실\n3,109\n24㎡(조명개선포함)\n텍스교체(교실)\n실\n8,916\n실\n8,652\n66㎡(조명제외, 폐기물처리포함)\n텍스교체(복도)\n실\n3,517\n실\n3,413\n24㎡(조명제외, 폐기물처리포함)\n마루수선(교실)\n실\n13,556\n실\n13,155\n1,2,3층 평균(후로링,친환경,바탕처리포함)\n마루수선(복도)\n실\n4,208\n실\n4,083\n1,2,3층 평균(테라죠, 비닐타일)\n교실 바닥 수선\n실\n23,279\n실\n22,590\n이중바닥재. 특별교실\n(단위: 천원)
2026학년도 학교회계 예산편성 및 집행지침	288	2026학년도 학교회계 예산편성 및 집행지침	2026학년도 학교회계 예산편성 및 집행지침\n- 288 -\n구분\n단위사업명\n시설공사 단가\n비고\n단위\n’26단가\n단위\n’25단가\n대수선\n강당 바닥교체\n㎡\n333\n㎡\n323\n목재,철거포함\n창호교체(외부)\n실\n23,322\n실\n22,632\n외부이중창교체\n창호교체(복도)\n실\n8,145\n실\n7,904\n목재(출입문 및 창)\n현관출입문교체\n개\n5,413\n개\n5,253\n4.5*2.6 스텐,강화유리도어(손보호)\n계단실수선\n실\n16,476\n실\n15,988\n대규모수선\n선홈통교체\n식\n414\n식\n402\n스텐레스(3.6m) 1층 기준\n외부도장\n실\n745\n실\n723\n47㎡ 수성페인트 2회(몰탈마감)\n내부도장\n실\n1,556\n실\n1,510\n복도포함, 수성페인트 2회(친환경)\n외부환경개선\n담장(디자인용)\nm\n521\nm\n506\nH=1.5\n담장(투시형)\nm\n298\nm\n289\nH=1.5\n배수로\nm\n351\nm\n341\n콘크리트0.4*0.4 뚜껑포함\n옹벽(역T자)\nm\n2,029\nm\n1,969\nRC 및 블록옹벽(기초 포함), H=4m기준\n포장(고압블럭)\n㎡\n68\n㎡\n66\nT=8∼15㎝기준, 보차도용\n포장(아스콘)\n㎡\n83\n㎡\n81\n두께20㎝, 보조기층 설치\n포장(아스콘)\n㎡\n38\n㎡\n37\n덧씌우기\n투수콘\n㎡\n80\n㎡\n78\n두께15㎝, 보조기층 설치\n포장(투수블럭)\n㎡\n105\n㎡\n102\nT=8∼15㎝기준, 투수블럭 및 잔디블럭. 경계석 포함\n포장(점토블럭)\n㎡\n109\n㎡\n106\n포장(잔디블럭)\n㎡\n127\n㎡\n123\n두께20㎝, 보조기층 설치\n교문 \n식\n42,589\n식\n41,328\n철근콘크리트\n스탠드 시설\n㎡\n378\n㎡\n367\n콘크리트, 블록형 적용\n전기시설개선\n전기시설보수(12학급)\n식\n39,842\n식\n38,663\n계약용량증설\n전기시설보수(18학급)\n식\n61,976\n식\n60,142\n계약용량증설\n전기시설보수(24학급)\n식\n82,965\n식\n80,509\n계약용량증설\n전기시설보수(36학급)\n식\n124,939\n식\n121,241\n계약용량증설\n변전시설\n식\n152,202\n식\n147,697\n300Kw 기준\n변전시설\n식\n134,752\n식\n130,764\n250Kw 기준\n변전시설\n식\n126,729\n식\n122,978\n200Kw 기준\n실습실동력설비\n식\n57,155\n식\n55,463\n계약용량증설\n옥외간선정리\n식\n45,953\n식\n44,593\n전기,통신,소방정리\n소방시설보수\n실\n1,842\n실\n1,787\n자탐시설\n통신시설보수\n실\n2,231\n실\n2,165\n내부간선정리\n조명시설개선(LED)\n실\n5,168\n실\n5,015\n교실 LED조명 적용시 추가(기존 조명비 감)\n조명시설교체(LED)\n실\n3,423\n실\n3,322\n기존형광등 LED로 교체\n(금액단위: 천원)
2026학년도 학교회계 예산편성 및 집행지침	289	제5편 부록	제5편 부록\n- 289 -\n구분\n단위사업명\n시설공사 단가\n비고\n단\n위\n’26단가\n단\n위\n’25단가\n냉난방시설\n냉방(천정형)\n실\n5,453\n실\n5,292\n천정형(냉방기기준)\n기숙사(냉방)\n실\n2,728\n실\n2,647\n천정형(8평형기준)\n냉난방(전기)\n실\n9,240\n실\n7,571\n교실1실(67.5㎡)변압기용량증설 미포함\n냉난방(가스)\n실\n14,750\n실\n12,084\n물탱크\n8톤 SMC/STS\n식\n8,240\n식\n7,996\n교체 및 신설\n10톤 SMC/STS\n식\n11,062\n식\n10,735\n교체 및 신설\n15톤 SMC/STS\n식\n13,099\n식\n12,711\n교체 및 신설\n철거비\n톤\n122\n톤\n118\n철거 및 폐기물처리\n급수시설개선\n지하수개발\n개소\n60,841 개소\n59,040\n펌프,전원,배관 포함\n급수대증개축\n개소\n20,705 개소\n20,092\n기성품(SUS)15인용\n급수대증개축\n개소\n17,279 개소\n16,768\n기성품(SUS)11인용\n수중펌프교체\n개소\n12,232 개소\n11,870\n관정 청소 포함\n급수배관교체\nm\n270\nm\n262\n옥외배관\n급수배관교체\nm\n193\nm\n187\n옥내배관\n상수도인입\nm\n533\nm\n517\n옥외(자체분담금포함)\n오수정화조\n오수정화조(50톤미만)\n톤\n3,356\n톤\n3,257\n1톤당 단가(방류수수질기준20ppm)\n오수정화조(50톤이상)\n톤\n4,960\n톤\n4,813\n1톤당 단가(방류수수질기준10ppm)\n하수관거연결\nm\n273\nm\n265\n지자체의 하수관거에 직접 연결\n신재생에너지\n의무대상사업\n식\n90,969\n식\n88,277\n1,000㎡, 관련법에 의한 의무시설. 24%\n태양광발전(고정식)\nkw\n4,322\nkw\n4,194\n태양열급탕\n㎡\n1,576\n㎡\n1,529\n지열냉난방\nkw\n1,920\nkw\n1,863\n내진보강\n연면적3,000㎡ 미만\n㎡\n150\n㎡\n146\n설계비,안전진단비 별도, E.J구분\n연면적3,000㎡~\n5,000㎡ 미만\n㎡\n112\n㎡\n109\n“       \n장애인\n편의시설설치\n승강기설치\n개소\n220,495 개소\n213,969\n콘크리트(철구조물시 20% 증)\n(금액단위: 천원)\n ※ 시설부대경비(설계비, 감리비, 시설부대비 등) 제외
2026학년도 학교회계 예산편성 및 집행지침	290	2026학년도 학교회계 예산편성 및 집행지침	2026학년도 학교회계 예산편성 및 집행지침\n- 290 -\n2. 시설부대경비요율 (※기본조사설계비, 실시설계비, 감리비, 시설부대비)\n① 건설부문 요율\n                 구분\n 공사비\n기본조사\n설계비\n실시\n설계비\n공사1)\n감리비\n시설\n부대비\n5천만원까지\n3.24\n6.49\n3.02\n1.08\n1억원까지\n2억원까지\n3억원까지\n5억원까지\n3.04\n2.42\n2.22\n2.01\n6.07\n4.85\n4.43\n4.03\n2.85\n2.26\n2.06\n1.89\n0.90\n0.72\n0.72\n0.72\n10억원까지\n20억원까지\n30억원까지\n50억원까지\n1.77\n1.63\n1.57\n1.54\n3.55\n3.27\n3.15\n3.09\n1.66\n1.53\n1.48\n1.45\n0.63\n0.36\n0.36\n0.27\n100억원까지\n200억원까지\n300억원까지\n500억원까지\n1.51\n1.46\n1.45\n1.41\n3.01\n2.91\n2.90\n2.84\n1.41\n1.37\n1.35\n1.33\n0.25\n0.23\n0.23\n0.23\n1,000억원까지\n2,000억원까지\n3,000억원까지\n5,000억원까지\n1.40\n1.38\n1.37\n1.34\n2.79\n2.76\n2.72\n2.70\n1.30\n1.28\n1.25\n1.23\n0.23\n0.21\n0.19\n0.17\n(단위 : %)\n  1) ‘공사감리’란 비상주 감리를 말한다.\n  ※ 5,000억원 초과의 경우\n기본설계요율=(2.75×(공사비)-0.0265-0.006822),\n실시설계요율=(5.0×(공사비)-0.0229),\n공사감리요율=(3.4816×(공사비)-0.0386-0.00084),\n시설부대비=(28.3833×(공사비)-0.1895-0.00223) 적용\n  ※ 위 기준요율은 '26년 신규사업부터 적용하고, ʹ25년 이전 신규사업은 각 해당연도 지침의 \n기준요율을 따른다.
2026학년도 학교회계 예산편성 및 집행지침	291	제5편 부록	제5편 부록\n- 291 -\n② 통신부문의 요율\n               구분\n 공사비\n기본조사\n설계비\n실시\n설계비\n공사1)\n감리비\n시설\n부대비\n5천만원까지\n4.09\n12.28\n2.70\n1.08\n1억원까지\n2억원까지\n3억원까지\n5억원까지\n3.84\n3.06\n2.79\n2.54\n11.55\n9.18\n8.38\n7.59\n2.53\n2.02\n1.84\n1.68\n0.90\n0.72\n0.72\n0.72\n10억원까지\n20억원까지\n30억원까지\n50억원까지\n2.24\n2.07\n1.99\n1.95\n6.71\n6.16\n5.95\n5.85\n1.48\n1.36\n1.31\n1.29\n0.63\n0.36\n0.36\n0.27\n100억원까지\n200억원까지\n300억원까지\n500억원까지\n1.89\n1.84\n1.82\n1.80\n5.70\n5.53\n5.49\n5.37\n1.25\n1.22\n1.21\n1.18\n0.25\n0.23\n0.23\n0.23\n1,000억원까지\n2,000억원까지\n3,000억원까지\n5,000억원까지\n1.76\n1.74\n1.72\n1.70\n5.30\n5.20\n5.11\n5.05\n1.16\n1.14\n1.13\n1.11\n0.23\n0.21\n0.19\n0.17\n(단위 : %)\n 1) ‘공사감리’란 비상주 감리를 말한다.\n  ※ 5,000억원 초과의 경우\n기본설계요율=(3.16×(공사비)-0.023-0.000634),\n실시설계요율=(12.02×(공사비)-0.0323),\n공사감리요율=2.3088×(공사비)-0.0271-0.00262,\n시설부대비=(28.3833×(공사비)-0.1895-0.00223) 적용\n  ※ 위 기준요율은 '26년 신규사업부터 적용하고, '25년 이전 신규사업은 각 해당연도 지침의 \n기준요율을 따른다.
2026학년도 학교회계 예산편성 및 집행지침	292	2026학년도 학교회계 예산편성 및 집행지침	2026학년도 학교회계 예산편성 및 집행지침\n- 292 -\n③ 산업플랜트부문 요율  \n                     구분\n 공사비\n기본조사설계비\n실시설계비\n5천만원까지\n3.12\n8.01\n1억원까지\n2억원까지\n3억원까지\n5억원까지\n2.91\n2.76\n2.60\n2.47\n7.46\n7.06\n6.66\n6.32\n10억원까지\n20억원까지\n30억원까지\n50억원까지\n2.30\n2.18\n2.05\n1.95\n5.89\n5.58\n5.26\n4.99\n100억원까지\n200억원까지\n300억원까지\n500억원까지\n1.81\n1.72\n1.62\n1.54\n4.65\n4.41\n4.16\n3.94\n1,000억원까지\n2,000억원까지\n3,000억원까지\n5,000억원까지\n1.43\n1.36\n1.28\n1.21\n3.67\n3.48\n3.28\n3.11\n(단위 : %)\n  ※ 5,000억원 초과의 경우 기본설계요율=(19.2151×(공사비)-0.1025), \n실시설계요율=(49.2703×(공사비)-0.1025) 적용\n  ※ 위 기준요율은 '26년 신규사업부터 적용하고, '25년 이전 신규사업은 각 해당연도 지침의 \n기준요율을 따른다.
2026학년도 학교회계 예산편성 및 집행지침	293	제5편 부록	제5편 부록\n- 293 -\n④ 전기부문 요율\n □ 설계비\n                    요율\n  공사비\n요율(%)\n기본설계\n실시설계\n2,000만원까지\n3,000만원까지\n5,000만원까지\n3.79\n3.07\n2.14\n11.38\n9.19\n6.42\n1억원까지\n2억원까지\n3억원까지\n5억원까지\n2.01\n1.60\n1.46\n1.33\n6.01\n4.80\n4.38\n3.97\n10억원까지\n20억원까지\n30억원까지\n50억원까지\n1.17\n1.08\n1.04\n1.02\n3.51\n3.22\n3.11\n3.06\n100억원까지\n200억원까지\n300억원까지\n500억원까지\n0.99\n0.96\n0.95\n0.94\n2.98\n2.89\n2.87\n2.81\n1,000억원까지\n2,000억원까지\n3,000억원까지\n5,000억원까지\n0.92\n0.91\n0.90\n0.89\n2.77\n2.72\n2.67\n2.64\n  ※ 위 기준요율은 '26년 신규사업부터 적용하고, '25년 이전 신규사업은 각 해당연도 지침의 \n기준요율을 따른다.
2026학년도 학교회계 예산편성 및 집행지침	294	2026학년도 학교회계 예산편성 및 집행지침	2026학년도 학교회계 예산편성 및 집행지침\n- 294 -\n □ 전기공사감리비 요율\n공사비(억원)\n단순공종\n보통공종\n복잡공종\n0.05\n0.1\n0.2\n0.3\n0.4\n0.5\n0.6\n0.7\n0.8\n0.9\n0.17\n0.28\n0.48\n0.66\n0.82\n1.0\n1.1\n1.3\n1.4\n1.5\n0.18\n0.31\n0.53\n0.73\n0.90\n1.1\n1.2\n1.4\n1.5\n1.7\n0.20\n0.34\n0.59\n0.80\n1.0\n1.2\n1.4\n1.5\n1.7\n1.9\n1\n2\n3\n4\n5\n6\n7\n8\n9\n1.7\n2.8\n3.9\n4.8\n5.7\n6.6\n7.4\n8.2\n9.0\n1.8\n3.1\n4.3\n5.3\n6.3\n7.3\n8.2\n9.1\n10.0\n2.0\n3.4\n4.7\n5.9\n7.0\n8.0\n9.0\n10.0\n11.0\n10\n20\n30\n40\n50\n70\n9.7\n16.6\n22.6\n28.3\n33.5\n43.4\n10.8\n18.4\n25.2\n31.4\n37.3\n48.3\n11.9\n20.3\n27.7\n34.5\n41.0\n53.1\n100\n200\n300\n400\n500\n57.2\n97.4\n133.0\n166.0\n197.0\n63.5\n108.2\n147.8\n184.4\n218.9\n69.9\n119.0\n162.6\n202.9\n240.8\n단위 : 감리원수(인×월)\n  ※ 위 표의 감리원수는 고급감리원 기준이며, 감리원수(인×월)에서 1월이라 함은 22일임\n  ※ 위 표의 요율을 기준으로 직접인건비, 직접경비, 제경비, 기술료, 추가업무비용 등을 계상\n하여 감리 대가를 산정\n  ※ 위 기준요율은 '26년 신규사업부터 적용하고, '25년 이전 신규사업은 각 해당연도 지침의 기준\n요율을 따른다.
2026학년도 학교회계 예산편성 및 집행지침	295	제5편 부록	제5편 부록\n- 295 -\n⑤ 건축부문 요율\n \n □ 건축설계 및 감리 대가 요율\n공사비\n종별\n제1종(단순)\n제2종(보통)\n제3종(복잡)\n도서\n의양\n도서의 양\n감리\n도서의 양\n감리\n도서의 양\n감리\n상급\n중급\n기본\n상급\n중급\n기본\n상급\n중급\n기본\n5,000만원까지\n10.22\n8.51\n6.81\n2.02\n11.41\n9.51\n7.61\n2.24\n12.55\n10.46\n8.36\n2.46\n1억원까지\n9.38\n7.82\n6.25\n1.90\n10.43\n8.69\n6.95\n2.11\n11.48\n9.56\n7.65\n2.32\n2억원까지\n8.16\n6.80\n5.44\n1.51\n9.08\n7.57\n6.05\n1.68\n9.99\n8.33\n6.66\n1.85\n3억원까지\n7.08\n5.90\n4.72\n1.39\n7.88\n6.57\n5.26\n1.54\n8.68\n7.23\n5.78\n1.70\n5억원까지\n6.46\n5.38\n4.30\n1.29\n7.18\n5.98\n4.79\n1.43\n7.90\n6.58\n5.26\n1.57\n10억원까지\n5.75\n4.79\n3.83\n1.11\n6.39\n5.32\n4.26\n1.23\n7.03\n5.86\n4.68\n1.35\n20억원까지\n5.09\n4.24\n3.40\n1.02\n5.66\n4.72\n3.77\n1.13\n6.22\n5.19\n4.15\n1.24\n30억원까지\n4.84\n4.03\n3.23\n0.98\n5.38\n4.48\n3.58\n1.09\n5.91\n4.93\n3.94\n1.20\n50억원까지\n4.68\n3.90\n3.12\n0.96\n5.20\n4.33\n3.46\n1.07\n5.72\n4.76\n3.81\n1.18\n100억원까지\n4.56\n3.80\n3.04\n0.94\n5.07\n4.22\n3.38\n1.04\n5.58\n4.65\n3.72\n1.14\n200억원까지\n4.43\n3.69\n2.96\n0.91\n4.92\n4.10\n3.28\n1.01\n5.42\n4.51\n3.61\n1.11\n300억원까지\n4.36\n3.63\n2.91\n0.90\n4.84\n4.03\n3.23\n1.00\n5.32\n4.44\n3.55\n1.10\n500억원까지\n4.30\n3.58\n2.87\n0.88\n4.77\n3.98\n3.18\n0.98\n5.25\n4.38\n3.50\n1.08\n1,000억원까지\n4.21\n3.50\n2.80\n0.87\n4.68\n3.90\n3.12\n0.97\n5.14\n4.29\n3.43\n1.07\n2,000억원까지\n4.14\n3.45\n2.76\n0.86\n4.60\n3.84\n3.07\n0.95\n5.06\n4.22\n3.38\n1.05\n3,000억원까지\n4.10\n3.42\n2.73\n0.85\n4.55\n3.79\n3.03\n0.94\n5.01\n4.17\n3.34\n1.03\n5,000억원까지\n4.03\n3.36\n2.69\n0.84\n4.48\n3.73\n2.99\n0.93\n4.93\n4.11\n3.28\n1.02\n(단위 : %)\n  ※ ‘공사비’라 함은 발주자의 공사비 총예정금액(자재대 포함) 중 용지비, 보상비, 법률수속비 \n및 부가가치세를 제외한 일체의 금액을 말한다.\n  ※ 동 요율은 기본조사설계와 실시설계를 합친 요율임\n    - 건축법 제11조에 의한 건축허가 또는 동법 제14조에 의한 건축신고만으로 건축이 \n가능한 건축물인 경우 : 기본설계 40%, 실시설계 60%
2026학년도 학교회계 예산편성 및 집행지침	296	2026학년도 학교회계 예산편성 및 집행지침	2026학년도 학교회계 예산편성 및 집행지침\n- 296 -\n    - 타법령에 의한 별도의 사업시행인가 등을 필요로 하는 관광숙박시설, 병원건축물, \n재개발‧재건축 등의 경우 : 기본설계 45%, 실시설계 55%\n  ※ 감리비 요율은 공공발주사업에 대한 건축사의 업무범위와 대가기준(국토부고시 제2012-553호, \n2012.8.22) 제14조의 규정을 적용(위 표의 감리비 요율은 건축법시행령 제19조제5항의 규정에 \n의하여 수시 또는 필요한 때 공사현장에서 수행하는 감리업무대가에 적용)\n  ※ 도서의 양은 공공발주사업에 대한 건축사의 업무범위와 대가기준(국토부 고시 제2012-553호, \n2012.8.22) 제10조 참조\n  ※ 시설부대비는 건설부문 요율 적용\n  ※ 위 기준요율은 '25년 신규사업부터 적용하고, '24년 이전 신규사업은 각 해당연도 지침의 \n기준요율을 따른다.
2026학년도 학교회계 예산편성 및 집행지침	297	제5편 부록	제5편 부록\n- 297 -\n⑥ 전면 책임감리비 요율\n공사비\n(억원)\n계산요율(%)\n비고\n단순한 공종\n보통의 공종\n복잡한 공종\n50\n11.75\n13.10\n14.44\n70\n10.49\n11.65\n12.81\n100\n9.66\n10.73\n11.8\n200\n7.34\n8.14\n8.97\n300\n6.24\n6.92\n7.62\n400\n5.48\n6.09\n6.7\n500\n4.96\n5.52\n6.07\n700\n4.38\n4.87\n5.35\n1,000\n3.93\n4.36\n4.79\n1,500\n3.44\n3.82\n4.21\n2,000\n3.11\n3.45\n3.79\n3,000\n2.73\n3.03\n3.32\n5,000\n2.32\n2.57\n2.82\n ※ 건설기술진흥법 제39조제2항의 규정에 의한 감독 권한대행 건설사업관리의 경우에 적용한다.\n ※ 5,000억원 초과의 경우 개산요율은 단순=42,064.2419×(공사비)-0.364,\n보통=46,597.0266×(공사비)-0.364, 복잡=52,525.8586×(공사비)-0.365 적용한다.\n ※ 위 기준요율은 '26년 신규사업부터 적용하고, '25년 이전 신규사업은 각 해당연도 지침의 \n기준요율을 따른다.\n ※ 도로건설사업(유지관리 포함)의 경우에는 위 감리비 요율에도 불구하고 국토교통부장관이 \n기획재정부장관과 협의하여 따로 정하여 운영할 수 있다.
2026학년도 학교회계 예산편성 및 집행지침	298	2026학년도 학교회계 예산편성 및 집행지침	2026학년도 학교회계 예산편성 및 집행지침\n- 298 -\n3. 번역료\n구 분\n지급 기준\n비 고\n통ߴ번역료\n한국외국어대학교 통·번역센터 기준에 준하여 적용\n단, 통역비는 현지 수준을 고려하여 협의 후 지급 가능\n4. 타 단위 단가\n◎ 물가정보지 및 인터넷 관련 사이트 내용 참조\n자료명\n기관명\n인터넷주소\n건설노임단가\n대한건설협회\nwww.cak.or.kr\n정보시스템감리기준\n행정안전부\nwww.mois.go.kr\n소프트웨어사업대가의 기준\n한국소프트웨어산업협회\nwww.sw.or.kr\n측량용역대가의 기준\n국토교통부\nwww.molit.go.kr\n건축물위생관리비\n한국건물위생관리협회\nwww.kabm.org\n건축물시설관리비\n한국건축물유지관리협회\nwww.kamao.or.kr\n건설업산업안전보건관리비\n고용노동부\nwww.moel.go.kr\n전력기술용역대가및감리원 배치기준\n한국전기기술인협회\nwww.keea.or.kr\n승강기표준보수료\n한국승강기안전관리공단\nwww.koelsa.or.kr\n지정폐기물 공공처리시설 반입수수료\n기후에너지환경부\nwww.me.go.kr\n고속버스운임\n전국고속버스운송사업조합\nwww.kobus.co.kr\n항공여객운임\n대한항공\nwww.koreanair.com\n철도여객운임\n한국철도공사\ninfo.korail.com\n우편요금\n우정사업본부\nwww.koreapost.go.kr\n전기요금\n한국전력공사\nhome.kepco.co.kr\n산업재해보상보험요율\n근로복지공단\nwww.comwel.or.kr\n인지세\n국세청\nwww.nts.go.kr\n일반하역요금(항만)\n해양수산부\nwww.mof.go.kr\n ※ 본 지침에 없는 사항은 별도 규정에 의한 고시, 공고, 시가, 요율표 등의 기준에 의함
2026학년도 학교회계 예산편성 및 집행지침	299	제5편 부록	제5편 부록\n- 299 -\n5. 예산집행 시 참고자료\n◎ 법제처 국가법령정보센터(www.law.go.kr)\n구 분\n메뉴\n참 조\n공무원 봉급표\n법령\n공무원보수규정 [별표 1~40]\n국외훈련비 지급기준\n법령\n공무원 인재개발법 시행령[별표3]\n대우공무원수당조견표\n초과근무수당 지급단가\n행정규칙\n공무원 보수등의 업무지침\n교육훈련여비 지급기준\n행정규칙\n지방공무원 교육훈련운영지침\n신용카드 및 현금영수증\n카드 사용･관리요령\n행정규칙\n지방자치단체 교육비특별회계 세출예산 집행기준\n기타 세출예산 집행기준\n행정규칙\n지방자치단체 교육비특별회계 세출예산 집행기준\n6. 예산서 작성 시 유의사항\n순\n구 분\n주요 내용\n1\n산출기초 순서\n* 원×명×월×일×회×식×교\n2\n적정 산출기초 작성\n* (세입) 50,000원×10명, (세출) 50,000원×10부\n3\n산출기초 구체화\n* 운영물품 30,000원×5회, 간식비 30,000원×10명 (○)\n* ○○○프로그램 운영 ○○○×1식 (ⅹ) \n4\n산출기초 기타\n* 4대보험, 시설임차, 차량임차, 간행물 구독, 협의회 (○) → 가능한 OO비는 사용 자제\n* 4대보험료, 시설임차료, 차량임차료, 구독료, 협의회비 (ⅹ) \n* 산출액의 변동이 없는 산출기초의 1회, 1명 등은 삭제\n예) 20,000원×5명 (○), 20,000원×5명×1회 (ⅹ) \n5\n비공무원인건비\n* 연봉액 ○○○원×2명×12월=\n* 연차수당 ○○○원×2명×○일=\n* 4대보험료 연봉액×○명×○%=\n6\n정보화물품\n* 컴퓨터: 900,000원×O대, 모니터 300,000원×O대, 노트북: 1,400,000원×O대\n* 가급적 공신력 있는 기관(조달청 등)의 기준단가를 책정하며, 학교 실정에 맞게 \n단가 산정 가능. 단, 동일품목별 단가 통일 요망
2026학년도 학교회계 예산편성 및 집행지침	300	제1장총칙	- 300 -\nⅡ\n공립학교회계 규칙\n세종특별자치시공립학교회계규칙\n[시행 2024. 7. 12.] [세종특별자치시교육규칙 제294호, 2024. 7. 12., 일부개정]\n제1장총칙\n제1조(목적) 이규칙은「유아교육법」제19조의7제6항및같은법제19조의8제6항과,「초·중등\n교육법」제30조의2제5항및같은법제30조의3제6항에따라세종특별자치시공립유치원회계및\n학교회계의설치·운영에필요한사항을규정함을목적으로한다.<개정2013.2.28.>\n제2조(회계운영의기본원칙) 「유아교육법」제19조의7제1항및「초·중등교육법」제30조의2제1항에\n따라공립의유치원·초등학교·중학교·고등학교및특수학교(이하"학교"라한다)에설치하는\n유치원회계및학교회계(이하"학교회계"라한다)는학교의설립목적과교육과정에따라건전\n하게관리·운영되어야한다.<개정2013.2.28.>\n제3조(회계연도독립의원칙)\n①학교회계의각회계연도의경비는해당회계연도의세입으로충당하여야한다.\n②학교회계의수입과지출은그원인이되는사실이발생한날을기준으로회계연도를구분\n한다. 다만, 그사실이발생한날을정할수없는경우에는그사실을확인한날을기준으로\n소속회계연도를구분한다.\n제4조(출납폐쇄기한) 학교회계의출납은회계연도종료후20일이되는날에폐쇄한다.\n제5조(회계의방법) 학교회계는복식부기에따른다.\n제6조(수입의직접사용금지) 유치원장및학교장(이하"학교의장" 이라한다)은학교회계의\n모든수입을제50조에따라지정된금융기관이나체신관서(이하"지정금융기관"이라한다)에\n예치하여야하며, 이규칙이나다른법령에달리정하고있는경우를제외하고는이를직접\n사용하지못한다.<개정2013.2.28.>\n제7조(통합운영학교의회계) 「초·중등교육법」제30조및같은법시행령제56조에따른통합\n운영학교에는하나의학교회계를설치·운영할수있다.<개정2013.2.28.>\n제8조(병설유치원의회계)\n①「유아교육법」제9조에따른병설유치원의회계는같은법제19조의7제5항에따라해당\n유치원을병설한학교의학교회계와통합하여운영할수있다.<개정2013.2.28.>\n②삭제<2013.2.28.>\n제8조의2(신설학교의회계) 신설학교는제14조의규정에도불구하고유치원운영위원회및학교\n운영위원회(이하"학교운영위원회"라한다) 구성전에예산편성및집행이가능하며, 학교운영\n위원회구성후30일이내에예산편성및집행내역을보고하여야한다.\n[본조신설2018.11.20.]\n제2장예산\n제9조(예산총계주의) 「유아교육법」제19조의7제2항및제3항과「초·중등교육법」제30조의2제2항\n제3항에따른학교회계의세입과세출은모두「유아교육법」제19조의8제2항및「초·중등교육법」\n제30조의3제2항에따른학교회계의세입세출예산(이하"예산"이라한다)에편입하여야한다.\n<개정2013.2.28.>
2026학년도 학교회계 예산편성 및 집행지침	301	제10조(예산편성기본지침)	- 301 -\n제10조(예산편성기본지침)\n①세종특별자치시교육감(이하"교육감"이라한다)은매년예산편성기본지침을작성하여이를\n회계연도개시3개월전까지소속학교의장에게시달하여야한다. 다만, 예산편성기본지침이시달된\n후학교회계운영에영향을미치는중요한교육시책이수립되거나수정되는경우에는이미\n시달된지침을변경하여알릴수있다.\n②삭제<2014.12.30.>\n제11조(전입금의교부계획통보)\n①교육감은학교회계의원활한운영을\n위하여「유아교육법」제19조의7제2항제1호및\n「초·중등교육법」제30조의2제2항제1호에따른전입금의총규모와월별· 분기별자금교부계획을\n수립하여회계연도시작50일전까지소속학교의장에게알려야한다.<개정2013.2.28.>\n②교육감은예산의증감등으로전입금의총규모및자금교부계획을변경하는경우에는\n변경된사항을학교의장에게즉시알려야한다.\n제12조(예산안의편성)\n①학교의장은제10조에따른예산편성기본지침에따라예산안을편성하여야한다.\n②제1항에따른예산안의편성에서교직원은학교운영및교육활동에필요한경비를기재한\n예산요구서를작성하여학교의장에게제출할수있다.\n③학교의장은「유아교육법」제19조의8제2항및「초·중등교육법」제30조의3제2항에따라\n학교운영위원회에제출한예산안을제11조제2항에따른전입금의변경이나그밖의부득이한사유로\n수정하고자하는때에는수정예산안을학교운영위원회에제출할수있다.<개정2013.2.28., 2018.11.20.>\n제13조(예산의내용및구분)\n①예산은예산총칙, 세입·세출예산, 계속비, 명시이월비를총칭한다.\n②예산총칙에는세입·세출예산, 계속비, 명시이월비에관한총괄적규정과그밖의예산집행에\n필요한사항을정한다.\n③세입예산은그내용의성질과기능을고려하여장·관·항·목으로구분하고, 세출예산은사업별\n이나성질별로정책사업·단위사업·세부사업·목으로구분한다.\n④제3항에따른세입및세출예산의구분과설정에관하여필요한사항은교육감이정하고,\n학교의장은세출예산의정책사업과단위사업을고려하여세부사업추가가필요한경우교육감\n에게요청할수있다.<개정2013.2.28., 2014.12.30., 2018.11.20.>\n제14조(예산안심의)\n①유치원운영위원회위원장또는학교운영위원회위원장(이하“학교운영위원회위원장”이라한다)은\n「유아교육법」제19조의8제2항및「초·중등교육법」제30조의3제2항에따라학교운영위원회에제출된\n예산안을회의개최7일전까지학교운영위원회위원에게통지하여야한다.<개정2013.2.28.>\n②학교의장은「유아교육법」제19조의8제3항및「초·중등교육법」제30조의3제3항에따라학교\n운영위원회가예산안을심의할때에는학교운영위원회에출석하여예산안에관한제안설명을하여야\n한다.<개정2013.2.28.>\n③학교운영위원회는학교의설립목적과교육과정을고려하여예산안을성실하게심의하여야한다.\n④학교운영위원회는예산안의효율적인심의를위하여의결로써소위원회를구성할수있다.\n⑤학교운영위원회는예산안을심의하는경우에학생의수업에지장을주지않는범위에서관련\n교직원의의견을들을수있다.\n⑥학교운영위원회는학교의장의동의없이세출예산각목의금액을증가하거나새로운목을설치할수없다.\n제15조(추가경정예산)\n①학교의장은예산성립후에생긴사유로이미성립한예산에변경을가할필요가있을\n때에는추가경정예산을편성할수있다. 이경우예산편성및예산심의절차등은제12조부터\n제14조까지를준용한다.
2026학년도 학교회계 예산편성 및 집행지침	302	제16조(예비비의사용제한및관리)	- 302 -\n②제1항에도불구하고국가나지방자치단체등으로부터그용도가지정되고소요전액이교부된\n경비나학교운영지원비외에학교운영위원회의심의를거쳐학부모가부담하는경비(이하"\n수익자부담경비"라한다)는추가경정예산의성립전에사용할수있으며, 이는같은회계연도\n내의다음번추가경정예산에계상하여야한다. 이경우국가또는지방자치단체의예산교부\n문서또는학교운영위원회심의를거쳐학교의장이수익자부담경비징수를결정한문서를\n세입예산의성립전사용요구로본다.<개정2013.2.28., 2018.11.20., 2020.6.1.>\n제16조(예비비의사용제한및관리)\n①「유아교육법」제19조의7제4항및「초·중등교육법」제30조의2제4항에따른예비비는\n업무추진비에지출할수없다.<개정2013.2.28.>\n②학교의장은예비비를사용한경우에는제13조제3항에의한정책사업·단위사업·세부사업·목의\n구분에따라별지제1호서식에의한예비비사용명세서를작성하여야한다.<개정2018.11.20.>\n제17조(예산의목적외사용금지및예산의이용)\n①학교의장은세출예산에서정한목적외의경비를사용하거나세출예산이정한각정책\n사업사이에상호이용할수없다. 다만, 예산집행상의필요에따라미리학교운영위원회의\n심의를거쳐예산으로정한경우에는예외로한다.\n②제1항에도불구하고예산집행상필요에의하여세출예산반환을위한이용은할수있으며,\n이경우학교운영위원회의심의는생략할수있다.\n제18조(예산의전용)\n①학교의장은인건비·시설비를제외한예산의같은정책사업내의단위사업간목, 같은단위\n사업내의세부사업간의목의금액은전용할수있다. 다만, 회계연도경과후나업무추진비에\n충당하기위하여다른목에서의전용은할수없다.\n②제17조및제18조제1항에따라이용하거나전용한경비의금액은제21조에따른세입·세출\n결산서에명시하고그이유를기재하여야한다.\n제19조(계속비)\n①학교의장은공사나제조그밖의사업을완성하는데\n수년도가필요한경우에는소요경비의\n총액과연도별금액을정하여미리학교운영위원회의심의를거쳐계속비로서수년도에걸쳐\n지출할수있다.\n②제1항에따라계속비로서지출할수있는연한은해당회계연도부터5년이내로한다. 다만,\n학교의장이필요한경우에는학교운영위원회의심의를거쳐다시그연한을연장할수있다.\n제20조(세출예산의이월)\n①세출예산중경비의성질상해당회계연도내에지출을끝내지못할것이예상되어명시\n이월비로특히그취지를세입·세출예산에명시하여학교운영위원회의심의를거친경비는\n다음회계연도에이월하여사용할수있다.\n②세출예산중해당회계연도내에지출원인행위를하고피할수없는사유로해당회계연도내에\n지출하지못한경비(지출원인행위를하지않은부대경비를포함한다)의금액은사고이월비로다음\n회계연도에이월하여사용할수있다.\n③계속비의연도별소요경비금액중해당회계연도내에지출하지못한금액은해당계속비의\n사업완성연도까지차례로이월하여사용할수있다.\n제3장결산\n제21조(결산심의)\n①학교의장이「유아교육법」제19조의8제5항및「초·중등교육법」제30조의3제5항에따라\n세입·세출\n결산서를학교운영위원회에제출하는경우에는다음각호의서류를첨부하여야\n한다.<개정2013.2.28.>\n1. 제16조에따른예비비사용내역
2026학년도 학교회계 예산편성 및 집행지침	303	제4호의서류서식은별지제4호서식부터별지제6호서식까지를따른다.<개정2018.11.20.>	- 303 -\n2. 제17조및제18조에따른세출예산의이용및전용내역\n3. 제19조에따른계속비내역\n4. 제20조에따른이월경비내역\n5. 그밖에결산심의에필요한자료\n②학교운영위원회는결산심의결과를회계연도종료후3개월안에학교의장에게통보하여야한다.\n③학교운영위원회의결산심의절차등은제14조제1항부터제5항까지를준용한다.\n④제1항제1호부터제3호까지의서류서식은각각별지제1호서식부터별지제3호서식까지,\n제4호의서류서식은별지제4호서식부터별지제6호서식까지를따른다.<개정2018.11.20.>\n제22조(수익자부담경비의관리및사업추진내역공개)\n①학교의장은수익자부담경비는각사업별로별도의계정을두어관리할수있다.\n②수익자부담사업의사업별예산·결산내역을해당사업종료후10일이내에정산하여홈페\n이지등을통해학부모에게공개하여야한다.\n제23조(결산상잉여금의처리) 매회계연도세입·세출결산에서잉여금이발생한경우에는다음\n회계연도의세입으로한다.\n제24조(재무회계의결산) 학교의장은해당학교의재정상태및운용결과를명백히하기위하여\n발생주의와복식부기회계원리를기초로하여회계처리하고그결과를「교육비특별회계회계\n기준에관한규칙」에서정하는회계기준을준용하여재무보고서를작성할수있다. 단, 재무\n보고서작성의효용성을고려하여대상학교, 방법및절차등세부사항은따로정한다.\n제25조(재정분석등)\n①교육감은매년학교회계재정운영의자율성을확대하고책무성을강화하기위하여관할\n학교를대상으로재정분석을실시하고재정분석보고서를발간하여야한다.\n②제1항에따른재정분석보고서는세종특별자치시교육청홈페이지에공개하여야한다.\n③교육감은관할학교회계재정분석결과건전성과효율성등이우수한학교에대하여포상\n할수있다.\n제4장수입\n제26조(세입의징수와수납) 학교회계의세입은법령과조례또는규칙에따라징수하거나수납\n하여야한다.\n제27조(전입금의교부) 교육감은제11조에따른분기별자금교부계획에따라전입금을학교회계에\n전출하여야한다.\n제28조(사용료및수수료)\n①「유아교육법」제19조의7제2항제4호및「초·중등교육법」제30조의2제2항제5호에서"사용료"란\n다음각호의어느하나에해당하는수입을말한다.<개정2013.2.28.>\n1. 「공유재산및물품관리법」제22조에따라학교시설의사용하거나수익의허가로발생하는수입\n2. 「공유재산및물품관리법」제74조에따라물품의대부로발생하는수입\n②「유아교육법」제19조의7제2항제4호및「초·중등교육법」제30조의2제2항제5호에서"\n수수료"란조례나규칙에따른학교의수수료를말한다.<개정2013.2.28.>\n제29조(기타수입)\n①「유아교육법」제19조의7제2항제6호및「초·중등교육법」제30조의2제2항제7호에서"물품\n매각대금"이란「공유재산및물품관리법」제75조및제76조에따라불용결정을한물품의\n매각대금을말한다.<개정2013.2.28.>\n②「유아교육법」제19조의7제2항제7호및「초·중등교육법」제30조의2제2항제8호에서"그\n밖의수입"은예금이자, 실습물매각대금그밖에교육감이학교자체수입으로정하는수입을말한다.<개정2013.2.28.>\n제30조(징수기관과징수의결정·고지등)
2026학년도 학교회계 예산편성 및 집행지침	304	연도와세입과목에착오가없는지를조사한후징수결정하여야한다. 이경우사업담당자는	- 304 -\n①학교의장은학교회계의세입을징수결정할때에는해당세입이법령의위배나소속회계\n연도와세입과목에착오가없는지를조사한후징수결정하여야한다. 이경우사업담당자는\n징수대상자료를전자문서, 전자파일형태로징수결의담당자에게통지한다.\n②학교의장은제1항에따른징수결정을한후납부의무자에게납입고지서로납입의고지를\n하여야한다. 다만, 학교의장이납부금의목적, 납부장소등을고려하여필요할때에는\n구술·공고나그밖에적절한방법으로납입의고지를할수있다.\n③제1항에따라징수결정된세입의납입기한은법령과조례또는규칙등에서납기가정하여진\n경우를제외하고는고지한날부터15일이내로한다. 다만, 학교의장이필요하다고인정할\n때에는납입기한을달리정할수있다.\n④학교의장이제1항에따라징수결정한경우에는별지제7호서식의징수부및별지제8호\n서식의징수결의서에그내용을기재하여야한다.<개정2013.2.28., 2018.11.20.>\n제31조(수납기관과수납의방법)\n①학교의모든세입의수납은금융기관이나체신관서에위탁하는경우를제외하고는학교\n회계출납원(이하"출납원"이라한다)이담당한다.\n②출납원은수납한수납금을수납일부터다음날까지제50조에따라지정된지정금융기관에\n납입하여야한다.\n제32조(과오납금의처리)\n①학교의장은징수결정및수납의착오·중복,\n납입후의납입금감면이나법령의개정등의\n사유로징수하거나수납하여야하는금액을초과한납입이있는경우에는지체없이과오납금\n반환금으로결정하고현회계연도의수입금중에서반환한다.\n②제1항에따라과오납된수입금을반환하여야하는경우이자는지급하지아니한다. 다만,\n「세종특별자치시학교수업료·입학금및학교운영지원비에관한조례」등다른법령에서\n따로정하는경우에는그러하지아니하다.<개정2022.1.20.>\n제33조(미수납액의처리)\n①학교의장은해당회계연도의세입으로징수결정한세입금으로서해당연도출납폐쇄\n기한까지수납하지못한미수납액은다음회계연도세입의징수결정액으로이월한다.\n②학교의장은다른법령과조례나규칙등에따라채무가면제되거나시효의완성, 그밖의\n사유로징수결정된금액을수납할수없는경우에는불납결손처분을한다.\n제5장지출\n제34조(예산의지출품의및지출원인행위)\n①예산을지출품의하고자하는자는별지제10호서식에따라학교의장의결재를받아집행\n하되, 지출품의는학교의장이지정하는교직원에게위임하여전결하게할수있다.<개정\n2018.11.20.>\n②다음각호의어느하나에해당하는경우에는예산의지출품의를생략할수있다.\n1. 업무추진비중월정액으로지급하는경비\n2. 공공요금및제세공과금\n3. 보수\n4. 여비\n③지출의원인이되는계약이나그밖의행위(이하"지출원인행위"라한다)는출납원과협의하여\n학교의장이행한다.<개정2020.6.1.>\n④학교의장은지출원인행위를할때에는그근거가되는관계법령과조례또는규칙이\n정하는바에따라야하며, 예산의범위에서해당학교의자금수급을고려하여야한다.\n⑤계약금액이200만원이하인경우공급자날인이된견적서등계약관계를확인할증빙서류\n구비시에는별지제11호서식의지출결의서승낙사항중공급자날인을생략할수있다.<개정\n2018.11.20., 2020.6.1.>
2026학년도 학교회계 예산편성 및 집행지침	305	제35조(청렴서약) 학교의장은공사·물품·용역의계약에있어서투명성및공정성을높이기	- 305 -\n⑥지출원인행위중계약에관한사항은「지방자치단체를당사자로하는계약에관한법률」,\n같은법시행령및시행규칙에의한다.<개정2016.12.30.>\n제35조(청렴서약) 학교의장은공사·물품·용역의계약에있어서투명성및공정성을높이기\n위하여입찰자나계약상대자로하여금입찰·낙찰, 계약체결또는그계약의이행과정(준공·납품\n이후를포함한다)에서직접·간접적으로금품, 향응등을주거나받지않을것을약정하고, 이를\n지키지않은경우에는해당입찰·낙찰등을취소하거나계약을해제·해지할수있다는조건\n(이하"청렴서약"이라한다)으로입찰을실시하거나계약을체결하여야한다.<개정2020.6.1.>\n[제목개정2020.6.1.]\n제36조(입찰·낙찰의취소및계약의해제·해지)\n①학교의장은계약상대자가제35조에따른청렴서약을지키지않은경우해당입찰·낙찰을\n취소하거나계약을해제·해지할수있다.<개정2020.6.1.>\n②제1항에따라입찰·낙찰을취소하거나계약을해제또는해지하는경우에는계약상대자에게\n그사유를통지하여야한다.\n제37조(청렴서약위반업자공개) 학교의장은청렴서약을위반한업자의정보를별지제9호서식의\n청렴서약위반업자확인서에따라해당학교와세종특별자치시교육청홈페이지및제55조에\n따른지정정보처리장치에지체없이공개하여야한다.<개정2018.11.20., 2020.6.1.>\n[제목개정2020.6.1.]\n제38조(수의계약내역의공개)\n①학교의장은수의계약을체결한경우「지방자치단체를당사자로하는계약에관한법률\n시행령」(이하“시행령”이라한다) 제31조에따라계약체결일기준으로다음달10일까지월별\n수의계약내역을교육청홈페이지에공개하여야한다. 다만, 시행령제30조제2항에따라지정\n정보처리장치를이용하여2인이상견적을제출받아수의계약을체결하는경우에는예외로\n한다.<개정2016.12.30., 2020.6.1., 2024.7.12.>\n②제1항에따른수의계약내역을공개하고자하는경우에는제35조에따른청렴서약체결\n여부를포함하여야한다.<개정2020.6.1.>\n제39조(지출의원칙)\n①출납원은학교의장으로부터지출원인행위관계서류를송부받거나채권자로부터지급의\n청구가있는때에는지출원인행위나청구가정당한지를조사한후지출하여야한다.\n②출납원은「민법」에따라학교의채무와학교외의자의학교에대한채무를상계한때에는\n학교가지출할금액에서상계한금액을공제한잔액을지출하여야한다.\n③출납원은과오지급된지출금을반납할때에는처음지출된해당세출과목에반납할수있다.\n다만, 출납원의중대한과실에의한경우나출납폐쇄기한이경과한후에는그러하지않는다.\n제40조(지급의방법) 출납원의지급행위는금융기관의예금계좌, 체신관서의우편대체계좌에\n입금하는방법이나전산망을통한자금이체의방법에의한다. 다만, 지급액이10만원미만인\n경우와제43조에따른개산급의경우에는그러하지아니할수있다.\n제41조(증빙서류)\n①학교의장및출납원(이하"회계관계공무원"이라\n한다)이세출예산을집행할때에는다음\n각호의증빙서류를구비하여야한다.<개정2018.11.20.>\n1. 계좌입금에관한증빙서류등채권자의영수증서(경비의성질상받을수없는경우에는1차\n수령인의영수증서)\n2. 별지제11호서식의지출결의서(교육감이경비의성질상달리정한경우에는그서식)\n3. 계약에관한증빙서류\n②회계관계공무원은제1항의증빙서류를월별이나분기별로구분하여편철하고, 표지에는\n총건수, 총매수와총금액을기재하여야한다.
2026학년도 학교회계 예산편성 및 집행지침	306	제42조(선금급) 다음각호의경비는선금급으로할수있다.	- 306 -\n③제1항제1호의영수증서의도장날인은지출액이30만원이하인경우에는서명으로대신할수있다.\n제42조(선금급) 다음각호의경비는선금급으로할수있다.\n1. 운임및사례금\n2. 관보및정기간행물의대가\n3. 그밖에미리지급하지아니하면학교운영이나교육활동에지장을초래할우려가있는경비\n제43조(개산급)\n①다음각호의경비는개산급으로할수있다.<개정2020.6.1.>\n1. 여비와업무추진비(직책급업무수행경비로한정한다.)\n2. 수학여행비·수련활동비등성질상개산하여지급하지아니하면학교운영이나교육활동에\n지장을초래할우려가있는경비\n②개산급을받은자는해당업무가종료한후5일이내에정산서를작성하여증빙서와함께\n출납원에게제출하여야한다. 다만, 제1항제1호의경비에과부족이없는때에는정산서를제출\n하지아니할수있다.\n제6장회계관계직원\n제44조(회계관계직원의정의) 이규칙에서"회계관계직원"이라함은학교의회계사무를집행하는\n자로서다음각호에해당하는자를말한다.<개정2013.2.28., 2018.11.20.>\n1. 회계관계공무원\n2. 제1호에규정된자가집행하는회계사무에준하는사무를처리하는자\n제45조(출납원)\n①출납원은「유아교육법」제20조제2항및「초·중등교육법」제19조제2항에따라행정직원중\n최상급자(이하"행정실장"이라한다)로하되, 해당학교에행정실장이없는경우에는소속\n공무원중학교의장이임명하는자로한다.<개정2013.2.28.>\n②출납원은법령이정하는바에따라현금이나물품을출납·보관하여야한다.\n제46조(임시출납원의임명) 학교의장은출납원이장기휴가나장기출장\n등으로장기간회계업무를\n처리하지못하는사유가발생하거나수학여행·현장학습등의업무수행을위하여필요한경우\n에는출납원의사무를대리하여처리하는임시출납원을임명할수있다.\n제47조(회계관계직원의변상책임)\n①회계관계직원이그직무를수행할때고의나중대한과실로학교에손해를끼친때에는\n변상의책임을진다.<개정2020.6.1.>\n②출납원은그보관에속하는현금을망실하거나훼손한경우에선량한관리자의주의를\n태만하지않았다는증명을하지못한때에는변상의책임을진다.\n제48조(회계관계직원의재정보증)\n①학교회계관계직원은재정보증이없이는그직무를담당할수없다.\n②제1항에따른재정보증의한도는「지방회계법시행령」에따른다.<개정2018.11.20.>\n제7장\n세입세출외현금및장부·서식등\n제49조(세입세출외현금의관리)\n①세입세출외현금은다음구분에따라정리하여출납원이관리한다.<개정2016.12.30.>\n1. 보증금\n2. 보관금\n3. 잡종금\n②세입세출외현금의이자는다른법령에특별한규정이있는경우를\n제외하고는학교회계의\n세입에편입하여야한다.\n제50조(금융기관의이용)\n①학교의장은금융기관이나체신관서를지정하여출납원명의로거래계좌를개설하고학교\n회계의소관현금과유가증권의출납과보관그밖의업무를취급하게하여야한다.
2026학년도 학교회계 예산편성 및 집행지침	307	제51조(재산및물품의귀속및관리) 학교회계에서취득한재산및물품은교육감에귀속하고,	- 307 -\n②학교의장은학교운영에지장이없는범위에서이자수입의증대를위하여학교회계의유휴자금을\n지정금융기관이나다른금융기관, 체신관서에이자율이높은예금으로별도관리할수있다.\n제51조(재산및물품의귀속및관리) 학교회계에서취득한재산및물품은교육감에귀속하고,\n학교의장은법령과조례또는규칙이정하는바에따라관리하여야한다.\n제52조(장부의비치와관리) 회계관계공무원은다음각호의장부를작성·관리하여야한다.<개정2018.11.20.>\n1. 학교의장: 별지제7호서식의징수부\n2. 출납원: 별지제12호서식의현금출납부및별지제13호서식의지출부\n제53조(장부등의보존기간) 제52조의장부와관련증빙서류의보존기간은5년으로한다.\n제54조(그밖의서식) 교육감은이규칙에서정한서식외에학교회계의운영을위하여필요한\n경우에는따로서식을정할수있다.\n제55조(지정정보처리장치에의한회계의처리및관리)\n①학교회계는교육감이지정하는정보처리장치로그업무를처리하여야한다.\n②제1항에따라출력한자료는학교의장의확인을받아보관해야하며, 동자료가입력된\n전산자료저장매체는관련장부및서식의보존기한까지유지·관리하여야한다.\n③지정정보처리장치에의해자료를보존·관리할때에는멸실·분실·도난·유출·변조또는훼손\n되지않도록필요한안전장치를하여야한다.\n제56조(직인의비치및등록)\n①회계관계공무원은회계사무를처리할때사용하는직인(이하"직인"이라한다)을비치\n하여야한다.\n②직인은관할청에등록하지아니하면사용하지못한다.\n③회계관계공무원중학교의장의직인은「세종특별자치시교육감및그소속기관공인조례」에\n따르고, 출납원의직인의자체·규격및인영내용은별표1에의한다.\n<개정2018.11.20.,2022.1.20.>\n제57조(예산·결산의공개및자료의제출)\n①학교의장은교육감이정하는바에따라학교운영위원회의심의를거쳐확정된세입·세출\n예산서및결산서를학부모및교직원에게공개하여야한다.\n②교육감은지도·감독을위하여필요한경우학교의장에게예산과결산에관한자료의제출을\n요구할수있다.<개정2020.6.1.>\n제58조(준용) 이규칙에규정되지않은사항은「세종특별자치시교육비특별회계재무회계규칙」을\n준용한다.<개정2018.11.20.>\n부칙\n<제294호,2024.7.12>\n이규칙은공포한날부터시행한다.
2026학년도 학교회계 예산편성 및 집행지침	308	- 308 -	- 308 -\n[별표]\n출납원의 직인 인영내용․규격 및 자체(제56조제3항 관련)\n인영내용\n○○학교회계출납원\n규  격\n1.8센티미터의 정방형\n자  체\n한글\n[별지 제1호 서식]\n예 비 비 사 용 명 세 서\n(단위 : 원)\n과      목\n총사업비\n(예산현액)\n예비비\n지  출\n결정액\n예비비\n사용액\n예비비\n사  용\n잔  액\n지출\n결정일\n예비비 \n사용내역\n비고\n정책단위세부\n항\n목\n원\n가\n목\n[별지 제2호 서식]\n세 출 예 산 이(전) 용 명 세 서\n (단위 : 원)\n과   목\n이(전)용액\n이(전)용사유\n정책\n단위\n세부\n항목\n원가목\n증\n감\n[별지 제3호 서식]\n계   속   비   조   서\n                                                      (단위 : 천원)\n사업명\n구\n분\n총\n액\n전전회계연도이전\n전회계연도\n해    당\n회계연도\n○○\n회계연도\n○○\n회계연도\n예산액집행액집행\n잔액예산액집행액집행 \n잔액\n계획액\n계획액\n계획액\n당초\n수정\n계\n(주)전회계연도란까지는 \n예산액․집행액․집행잔액을 \n기입하고 \n해당 \n회계연도란부터는 \n계획액만을 기입함.
2026학년도 학교회계 예산편성 및 집행지침	309	과   목	- 309 -\n[별지 제4호 서식]\n명 시 이 월 비 명 세 서\n(단위 : 천원)\n과   목 \n예산현액\n①\n지출액\n②\n지출잔액\n③\n이월액\n④\n불용액\n①-②-④\n사  유\n정\n책\n단\n위\n세\n부\n항\n목\n원\n가\n목\n[별지 제5호 서식]\n사 고 이 월 비 명 세 서\n (단위 : 천원)\n과   목 \n예산\n현액①\n지출원인\n행위액②\n지출액\n③\n지출잔액\n(④=②-\n③)\n이월액\n⑤\n불용액\n①-③-⑤\n사 유\n정\n책\n단\n위\n세\n부\n항\n목\n원\n가\n목\n[별지제6호서식]\n계속비이월명세서\n(단위 : 천원)\n과   목 \n사업기간\n총사업비\n예산\n현액\n①\n지출액\n②\n이월액\n③\n불용액\n①-②-③\n사 유\n정\n책\n단\n위\n세\n부\n항\n목\n원\n가\n목\n[별지 제7호 서식]\n징  수  부\n 장    관     항     목\n(단위 : 원)\n 년 월 일\n적   요\n예산액\n징  수\n결정액\n①\n수납액\n②\n불  납\n결손액\n③\n미수납액\n①-②-③
2026학년도 학교회계 예산편성 및 집행지침	310	- 310 -	- 310 -\n[별지 제8호 서식]\n징 수 결 의 서\n  회계연도                학교회계\n증  제     호\n발      의\n장\n고지서발행\n관\n납입기한\n항\n징수부등기\n목\n고지서번호\n일금\n원정\n￦\n납부자 주소 성명(상호)\n적      요\n(산출근거)\n결 재\n협 조\n참 조\n직위\n이름\n승인\n일자\n직위\n이름\n승인\n일자\n직위\n이름\n승인\n일자
2026학년도 학교회계 예산편성 및 집행지침	311	우편번호·주소 :                 (전화번호)              담당자 :	- 311 -\n[별지 제9호 서식]\n기관명\n  우편번호·주소 :                 (전화번호)              담당자 :\n청렴계약 위반업자 확인서\n청\n렴\n계\n약\n위\n반\n업\n자\n상호 또는 법인명칭\n사업자등록번호\n    .    .    .\n법인등록번호\n주소\n대표자\n생년월일\n주소\n영업종목\n(세부품목)\n면허·등록번호등\n제\n재\n내\n용\n제재기간\n.     .     .   ~       .     .     .\n제 재 사 유\n 년    월    일\n  \n                             학교의 장                    (인)\n210㎜×297㎜\n(신문용지 54g/㎡)
2026학년도 학교회계 예산편성 및 집행지침	312	제목	- 312 -\n[별지 제10호 서식]\n지 출 품 의 서\n품의번호\n제목\n품의\n개요\n정책사업\n요구부서\n단위사업\n품의일자\n세부사업\n품의금액\n<예산내역>\n세부항목\n산출식\n품의금액\n집행잔액\n사업잔액\n합계\n<품목내역>\n내용\n규격\n수량\n예상단가\n예상금액\n합계\n위 사항을 20〇〇년 〇월 〇일까지 완료하여 주시기 바랍니다.\n요구자 〇〇〇 (인)\n                                                      〇〇학교장 귀하\n결재\n협조\n직위\n이름\n일자\n직위\n이름\n일자\n(주1) 세부내역 별첨 가능
2026학년도 학교회계 예산편성 및 집행지침	313	- 313 -	- 313 -\n[별지 제11호 서식]\n지 출 결 의 서\n  회계연도    학교회계\n발의일자\n정책사업\n청구일자\n원인행위부등기\n단위사업\n발의일자\n계약일자\n세부사업\n지출부등기\n준공/납품일자\n목\n결의번호\n검수일자\n세목\n지급명령번호\n계약/품의번호\n원가목\n지출구분\n원인행위번호\n지급방법\n물품(재산)\n대장등기\n건   명\n적   요\n채   주\n공급가액\n￦\n 수령인명\n(실거래처)\n부가세액\n￦\n합  계\n￦\n사업자번호\n소득세\n￦\n주민번호\n주민세\n￦\n주소\n기타공제\n￦\n원인행위액\n￦\n예금주\n공제합계\n￦\n기지출액\n￦\n지급계좌\n채주지급액\n￦\n금회지출액\n￦\n오른쪽 금액을 영수함.\n지\n급\n액\n일금     원정\n지출잔액\n￦\n￦\n지출결의 결재정보\n결  재\n협  조\n참  조\n직 위\n이 름\n승인일자\n직 위\n이 름\n승인일자직 위\n이 름\n직 위\n이 름\n원인행위 결재정보\n결  재\n협  조\n참  조\n직 위\n이 름\n승인일자\n직 위\n이 름\n승인일자직 위\n이 름\n직 위\n이 름\n(뒤쪽)
2026학년도 학교회계 예산편성 및 집행지침	314	예산세부항목 명세서	- 314 -\n예산세부항목 명세서\n정책사업\n단위사업\n세부사업\n원인행위금액\n지출결의금액\n목\n세목\n원가통계비목\n합  계\n물 품 (구매, 수선, 임차) 명 세 서\nG2B 코드\n품명\n규격\n수량\n단위\n단가\n금액\n용도(적요)\n공 사 재 산 명 세 서 \n유형\n자산(재산)명\n품 명\n수량\n단위\n단가\n금액\n소재지\n지번\n관련교과\n용도\n재 산 임 차 명 세 서\n품명\n규격\n수량\n단위\n단가\n금액\n임차기간\n소재지\n지번\n용도(적요)\n일 반 수 령 인 명 세 서\n수령인구분\n수령인명\n내용\n지급액\n비고\n확인\n학 생 지 원 명 세 서\n학년/반\n학생\n지급액\n납입금\n차수\n비고\n확인
2026학년도 학교회계 예산편성 및 집행지침	315	- 315 -	- 315 -\n일 반 학 생 명 세 서\n학년/반\n학생\n내용\n지급액\n관련교과\n비고\n보 수 일 용 명 세 서\n수령인명\n소득구분\n강사료\n일용임금\n소득세\n기타\n지급예정액\n원고료\n기타수당\n주민세\n공제금액\n실지급예정액\n용 역 명 세 서\n용역명\n수량\n단위\n단가\n금액\n용도(적요)\n서 비 스 용 역 명 세 서\n서비스용역명\n거래처\n지급예정일자\n지급예정금액\n금액\n용도(적요)\n급 식 명 세 서\n품명\n규격\n수량\n단위\n단가\n금액\n용도(적요)\n여 비 명 세 서\n출장자\n출장구분\n출장지\n출장기간\n교통비\n숙박비\n그외금액\n금회지급액\n출장목적\n일비\n식비\n계좌번호\n보 수 인 건 비 명 세 서\n수령인명\n수당총액\n공제총액\n지급금액\n공 제 명 세 서\n수령인명\n공제구분\n공제내역\n실수령인명\n지급계좌\n공제금액
2026학년도 학교회계 예산편성 및 집행지침	316	- 316 -	- 316 -\n승낙사항 (공사집행)\n1) 규격서 및 도면에 의하여                 착공하고                 까지 준공하여야 한다.\n2) 설계의 변경으로 인하여 계약금액에 증감이 생긴 때에는 명세서상의 단가로 증감하고, 그 단가에 의하기 어려운 \n때에는 설계변경 당시의 단가에 의한다.\n3) 기한내에 공사를 완공하지 못할 때에는 그 지연일수 1일에 대하여 계약금액의 1000분의 (    )에 해당하는 \n지연배상금을 납부하여야 하며, 납부하여야 할 금액은 계약대가에서 상계할 수 있다.\n4) 계약대상자는 그 공사 준공일로부터 (   )년간 그 공사의 공종별 하자에 대하여 담보책임을 진다.\n5) 기타 이 계약서에 명시되지 아니한 사항은 지방자치단체를 당사자로 하는 계약에 관한 법률 등의 규정을 준\n용한다.\n년    월    일\n상호 또는 법인명칭 : \n주민(법인)등록번호 : \n전화번호 : \n주    소 :\n대 표 자 :\n승낙사항 (물품구입 )\n1)                까지 지정한 장소에 납품하여야 하며, 납품된 물품 중 검사에 불합격한 물품이 있을 때에는 지\n정기일까지 교환하여야 한다.\n2) 납품기한내에 완납하지 못할 때에는 그 지연일수 1일에 대하여 납품되지 아니한 물품대가의 1000분의(  )에 해\n당하는 지연배상금을 납부하여야 한다.\n3) 납품기한 또는 교환기간 경과 후 (  )일까지 납품하지 못하는 때 또는 납품된 물품이 규격서·견본 등과 다른 \n때에는 그 계약을 해제할 수 있다.\n4) 제3호에 의하여 계약을 해제한 때에는 손해배상으로서 계약이 해제된 물품대가의 100분의 (  )에 해당하는 \n금액을 납부하여야 한다.\n5) 제2호 및 제4호에 의하여 납부하여야 할 금액은 물품대금과 상계할 수 있다. \n년    월    일\n상호 또는 법인명칭 : \n주민(법인)등록번호 : \n전화번호 : \n주    소 :\n대 표 자 :\n승낙사항 (용역집행)\n1) 계약사항에 의하여                   착공하고                   까지 준공하여야 한다.\n2) 계약의 변경으로 인하여 계약금액에 증감이 생긴 때에는 명세서상의 단가로 증감하고, 그 단가에 의하기 어\n려운 때에는 설계변경 당시의 단가에 의한다.\n3) 기한내에 용역을 준공하지 못할 때에는 그 지연일수 1일에 대하여 계약금액의 1000분의  (   )에 해당하는 \n지연배상금을 납부하여야 하며, 납부하여야 할 금액은 계약대가에서 상계할 수 있다.\n4) 계약대상자는 그 용역 준공일로부터  (   )년간 그 용역의 하자에 대하여 담보책임을 진다.\n5) 기타 이 계약서에 명시되지 아니한 사항은 지방자치단체를 당사자로 하는 계약에 관한 법률 등의 규정을 준\n용한다.\n년    월    일\n상호 또는 법인명칭 : \n주민(법인)등록번호 : \n전화번호 : \n주    소 :\n대 표 자 :\n㈜1. 지방자치단체는당사자로하는계약에관한법률시행령제50조계약서작성의생략대상에\n대해서는같은법시행규칙제48조에의한계약성립의증거가될수있는서류를제출받은\n경우에는승낙사항의날인을생략할수있다\n2. 구입물품(운반물품․공사)명세를확인할수있는서류(별도계약서, 명세서, 견적서등)가있는\n경우에는명세서기록을생략할수있음
2026학년도 학교회계 예산편성 및 집행지침	317	- 317 -	- 317 -\n[별지 제12호 서식]\n현  금  출  납  부\n회계연도\n(단위 : 원)\n년 월  일\n적     요\n채주(납부자)\n수입액\n①\n지출액\n②\n잔  액\n①-②\n[별지 제13호 서식]\n지  출  부\n정책사업        단위사업       세부사업\n(단위 :  원)\n일자제목\n채주\n(납부자)\n세부항목\n원가\n비목\n예산현액원인행위액지출결의액지급액예산잔액결의잔액미지급액지출\n번호
2026학년도 학교회계 예산편성 및 집행지침	318	- 318 -	- 318 -\nⅢ\n각종 서식\n〈 서식 1 〉 ◯◯학교회계 세입․세출예산서\n  1. 예산총칙\n  2. 세입․세출 예산 총괄\n   가. 세입예산명세서\n   나. 세출예산명세서\n   다. 부서사업별 예산 총괄 \n  3. 세입세출예산관리\n   가. 세입예산조서\n   나. 세출예산조서    \n    1) 부서별 세출예산조서\n    2) 사업별 세출예산조서\n    3) 성질별 세출예산조서\n  4. 계속비사업 예산조서\n  5. 명시이월사업 예산조서\n   〈 부록1 〉 학교 현황\n   〈 부록2 〉 학교회계직원 개인별 명단\n   〈 부록3 〉 OO학년도 학교회계직원 퇴직금 적립현황\n   〈 부록4 〉 예산요구서
2026학년도 학교회계 예산편성 및 집행지침	319	가. 과목별세입결산조서	- 319 -\n〈 서식 2 〉 ◯◯학교회계 세입․세출결산보고서\n  1. 세입․세출 결산총괄표\n   가. 세입․세출 결산 총괄표\n   나. 잉여금 처리상황\n   다. 세입․세출 결산내역\n  2. 세입결산서\n  3. 세출결산서   \n  4. 세입결산조서\n   가. 과목별세입결산조서\n   나. 사업별세출결산조서\n  5. 세출결산조서\n   가. 부서별세출결산조서\n   나. 사업별세출결산조서\n   다. 성질별세출결산조서\n  6. 세출예산 이(전)용 명세서\n  7. 예비비사용명세서\n  8. 불용사유별 현황\n  9. 계속비 조서\n  10. 계속비이월 명세서\n  11. 명시이월비 명세서\n  12. 사고이월비 명세서   \n  13. 시설사업적립금 적립 현황
2026학년도 학교회계 예산편성 및 집행지침	320	제1조 20OO학년도 OO학교 세입 ․ 세출예산총액은 세입 ․ 세출 각각 OOO원으로 하며 세입 ․ 세출의	- 320 -\n〈 서식 1 〉\n◯◯학교회계 세입․세출예산서\n1. 예 산 총 칙 (예시)\n  ◦ 예산구분 : \n예산확정일\n예산액\n 제1조 20OO학년도 OO학교 세입 ․ 세출예산총액은 세입 ․ 세출 각각 OOO원으로 하며 세입 ․ 세출의 \n명세는 “세입 ․ 세출예산서”와 같다.\n 제2조 20OO학년도 명시이월사업은 별첨 “명시이월 사업예산조서”와 같다.\n 제3조 20OO학년도 계속비 사업은 별첨 “계속비 사업예산조서”와 같다.\n 제4조 회계연도 중에 국가 또는 지방자치단체로부터 그 용도가 지정되고 소요전액이 교부된 경비 또는 \n학교운영지원비 외에 학교운영위원회 심의를 거쳐 학부모가 부담하는 경비는 추가경정예산의 \n성립 전에 이를 사용할 수 있으며, 이는 동일 회계연도 내의 차기 추가경정예산에 계상하여야 한다. \n ☞ 다만, 목적지정 지원금이 교부된 이후 추가경정예산을 편성하지 못할 경우, 학교운영위원\n회의 심의를 받은 것으로 간주처리 한다. 최종 정리 추경예산에만 기재\n 제5조 다음의 경비에 부족이 생겼을 때에는 세종특별자치시 공립 학교회계규칙 제17조 단서규정에 \n의하여 정책사업간 상호 이용할 수 있다.\n      1. 교원연구비, 관리 및 직책 수당, 겸직수당 \n      2. 학교회계직원인건비\n      3. 각종 공과금\n  ※ 명시이월비나 계속비는 해당사항이 있을 경우에만 기록한다.\n  ※ 예산총칙의 “간주처리 조항”은 성립전 예산집행의 예외조항인 만큼 반드시 학교회계 예산\n총칙에 위의 조항을 포함하여 학교운영위원회의 의결을 받아야만 한다.
2026학년도 학교회계 예산편성 및 집행지침	321	- 321 -	- 321 -\n2. 세입․세출 예산 총괄\n  ◦ 회계연도 : \n  ◦ 예산구분 :\n  ◦ 학 교 명 :\n(단위 : 천원)\n예산구분\n전년예산액\n예산액\n비교증감\n본예산\n최종예산\n본예산\n증감률\n최종예산\n증감률\n세입\n세출\n장\n관\n누계예산액\n구성비\n정책사업\n단위사업\n누계예산액\n구성비\n 가. 세입예산명세서\n  ◦ 예산구분 :\n(단위 : 천원)\n과   목\n예산액\n전년도\n예산액\n비교증감\n산출기초(원)\n비고\n장\n관\n항\n목\n원가통계비목\n세입합계\n 나. 세출예산명세서\n  ◦ 예산구분 :\n(단위 : 천원)\n사업\n예산액\n전년도\n예산액\n비교\n증감\n산출기초(원)\n비고\n정\n책\n단\n위\n세\n부\n세부항목\n원가통계비목\n세출합계
2026학년도 학교회계 예산편성 및 집행지침	322	- 322 -	- 322 -\n 다. 부서사업별예산 총괄\n  ◦ 회계연도 : \n  ◦ 예산구분 :\n  ◦ 학 교 명 :\n(단위 : 원)\n부서단위사업\n수\n세출\n세입\n전년\n본예산\n구성\n비\n금년\n본예산\n구성\n비\n증감증감\n률\n전년\n본예산\n구성\n비\n금년\n본예산\n구성\n비\n증감증감\n률\n합 계\n3. 세입세출예산관리\n 가. 세입예산 조서\n  ◦ 회계연도 : \n  ◦ 예산구분 :\n  ◦ 학 교 명 :\n(단위 : 원)\n장\n관\n항\n목\n원가통계비목\n전년본예\n산\n구성비\n요구액\n구성비\n증감\n증감률\n합 계\n 나. 세출예산조서\n  1) 부서별 세출 예산 조서\n  ◦ 회계연도 : \n  ◦ 예산구분 :\n  ◦ 전년예산 :\n(단위 : 원)\n부서\n세부사업\n전년\n본예산액\n구성비\n본예산\n구성비\n본예산\n비교증감\n증감률\n합 계
2026학년도 학교회계 예산편성 및 집행지침	323	- 323 -	- 323 -\n  2) 사업별 세출 예산 조서\n  ◦ 회계연도 : \n  ◦ 예산구분 :\n  ◦ 전년예산 :\n(단위 : 원)\n정책\n사업\n단위\n사업\n세부\n사업\n전년\n본예산액\n구성비\n금년\n본예산액\n구성비\n본예산\n비교증감\n증감률\n합 계\n  3) 성질별 세출예산조서\n  ◦ 회계연도 : \n  ◦ 예산구분 :\n  ◦ 전년예산 :\n(단위 : 원)\n목그룹\n목\n세목\n전년\n본예산\n액\n구성비\n금년\n본예산액\n구성비\n본예산\n비교증감\n증감률\n합 계
2026학년도 학교회계 예산편성 및 집행지침	324	과목	- 324 -\n4. 계속비사업 예산조서\n  ◦ 회계연도 : \n  ◦ 예산구분 :\n  ◦ 학 교 명 :\n  ◦ 세부사업 : \n  ◦ 사업기간 :        ~  \n  가. 계속비사업 총괄표\n(단위 : 천원)\n과목\n사\n업\n명\n구분사업비\n총액\n전전년도이전\n전년도\n계획액\n정\n책\n사\n업\n단\n위\n사\n업\n세\n부\n사\n업\n예산\n액\n집행\n액\n집행\n잔액\n예산\n액\n집행\n액\n집행\n잔액\n당해\n년도\n◦◦\n년도\n◦◦\n년도합계\n　\n　\n　\n　\n기존\n　\n　\n　\n　\n　\n　\n　\n　\n　\n　\n　\n변경\n　\n　\n　\n　\n　\n　\n　\n　\n　\n　\n　\n증감\n　\n　\n　\n　\n　\n　\n　\n　\n　\n　\n　\n  나. 계속비사업 조서\n(단위 : 천원)\n과목\n사\n업\n명\n사업\n내용\n사업비\n총액\n전전년도이전\n전년도\n계획액\n정\n책\n사\n업\n단\n위\n사\n업\n세\n부\n사\n업\n예산\n액\n집행\n액\n집행\n잔액\n예산\n액\n집행\n액\n집행\n잔액\n당해\n년도\n◦◦\n년도\n◦◦\n년도\n　\n　\n　\n　\n　\n　\n　\n　\n　\n　\n　\n　\n　\n　\n　\n총  계\n　\n　\n　\n　\n　\n　\n　\n　\n　\n　\n5. 명시이월 사업 예산조서\n  ◦ 회계연도 : \n  ◦ 예산구분 :\n  ◦ 학 교 명 :\n(단위 : 천원)\n정책사업\n단위사업\n세부사업\n사업내역\n사업명\n편성과목\n예산액\n이월액\n명시이월 사유
2026학년도 학교회계 예산편성 및 집행지침	325	- 325 -	- 325 -\n<부록 1>\n학교 현황\n1. 학급 및 학생수 현황 (O. O. 현재)\n학년별\n학교명\n1\n2\n3\n..\n계\n비고\n학급수학생수학급수학생수학급수학생수\n..\n학급수학생수\n..\n2. 교직원 현황\n구\n분\n교               원\n일반직 \n등\n학교회계직원\n구육성\n회\n직원\n(호봉제\n)\n학교회계직원(월급제)\n교\n장\n교\n감\n보\n직\n교\n사\n교\n사\n기\n간\n제\n∧\n강\n사\n포\n함\n∨\n계\n일\n반\n직\n기\n능\n직\n계\n사무\n보조\n영\n양\n사\n사\n서\n사서\n보조\n사무\n보조\n교무\n행정\n실무원\n과학\n실험\n실무원\n정원\n현원\n구\n분\n학교회계직원\n합계\n학교회계직원(월급제)\n전산\n실무원조리사조리원급식\n사무\n체육\n코치\n전임\n코치\n특수\n교육\n실무원\n유치원\n학습\n실무원\n통학\n차량\n보조\n...\n...\n소\n계\n정원\n현원\n    ※ 초등학교는 학교회계직원(구 육성회직원) 생략
2026학년도 학교회계 예산편성 및 집행지침	326	- 326 -	- 326 -\n<부록 2>\n학교회계직원 명단\n3. 회계관계직원 세부 내역\n(단위:천원)\n직종\n성명\n근무\n연수\n(최초\n임용\n일자, \n호봉)\n월 임 금  지 급 내 역\n총\n퇴직\n금액\n퇴직\n금\n운 영\n담\n당\n업\n무\n월급\n기준\n액\n정액수당\n복리후생비 및 \n시간외근무수당 \n초과분\n계\n월정\n비월정\n월정\n비월정\n계\n  ◦ 영양사, 과학실험실무원, 조리원 등 포함하여 작성\n  ◦ 정액수당의 비월정임금 : 정근수당 연액을 12로 나눈 금액\n  ◦ 복리후생비 및 시간외근무수당 초과분의 비월정임금 : 시간외근무수당초과분, 명절휴가비, 연가보상비의 \n연액을 12로 나눈 금액\n  ◦ 총퇴직금액 : 당해 학년도 2월말 기준으로 퇴직금 산정방법에 의하여 산출된 퇴직금에서 국민연금 \n퇴직전환금 기납부액을 공제한 금액\n  ◦ 퇴직금 운영 : 일시금(적립후 퇴직시 일시지급), 중간정산(매년 중간정산지급), 연금(근로자퇴직\n급여보장법시행에 따른 연금제 선택)\n  ◦ 담당업무 : 사무실무(급여, 수납), 기능보조(목공, 필경, 방호, 사송, 운전, 청소, 과학실보조, 기타) 등으로 \n세분화하여 기재\n<부록 3>\n◦◦학년도 학교회계직원 퇴직금 적립현황\n(단위 : 천원)\n   구분\n직종별\n기 적 립 현 황\n◦◦학년도 적립현황\n◦◦학년도\n퇴직금 지급\n적립금\n이월액\n(A+B-\nC)\n비\n고\n적립\n인원\n퇴  \n직\n적립\n금\n예금\n이자\n소\n계\n(A)\n적\n립\n인\n원\n퇴직\n금\n예산\n액\n적립액\n(B)\n지급\n인원\n지급액\n(C)\n계
2026학년도 학교회계 예산편성 및 집행지침	327	세부항목	- 327 -\n〈부록 4〉\n◦◦부 예산요구서\n교 감           (인)\n    부 부장           (인)\n세부사업\n명\n세부항목\n명\n원가통계비목\n명\n산출내역\n산출식\n요구금액\n사업담당\n자\n  ※ 금액단위 : 산출기초는 원, 예산요구액 및 조정액은 천원단위로 한다.
2026학년도 학교회계 예산편성 및 집행지침	328	- 328 -	- 328 -\n〈서식 2〉\n◯◯학교회계 세입․세출결산서\n1. 세입․세출 결산총괄표\n 가. 세입․세출 결산 총괄표\n(단위 : 천원)\n예산액\n예산현액\n세입결산액\n세출결산액\n세계잉여금\n비고\n 나. 잉여금 처리상황\n(단위 : 천원)\n세계잉여금\n다음연도 이월사업비\n보조금\n반환\n확정액\n순세계 잉여금\n세입\n결산\n세출\n결산\n차액\n명시\n사고\n계속비\n소계\n결산\n전 \n이입\n결산\n후 \n이월\n소계\n 다. 세입․세출 결산내역\n(단위 : 천원)\n세    입\n세    출\n장\n관\n결산액\n구성비\n정책사업\n결산액\n구성비\n2. 세입결산서(결산현황조회)\n(단위 : 원)\n과    목\n예산액\n예산현액\n결산액\n산출기초\n장\n관\n항\n목\n세입합계
2026학년도 학교회계 예산편성 및 집행지침	329	- 329 -	- 329 -\n3. 세출결산서(결산현황조회)\n (단위 : 원)\n사업\n예산액\n예산현액\n결산액\n산출기초(원)\n정책\n단위\n세부\n세출합계\n4. 세입결산조서\n 가. 과목별세입결산조서\n (단위 : 원)\n장\n관항\n목\n예산액\n이월등 \n증감액\n예산현액\n징수\n결정액\n수납액\n불납\n결손액\n미수납액\n합 계\n 나. 사업별세출결산조서\n (단위 : 원)\n정책사\n업\n단위사\n업\n세부사업\n예산액\n이월등 \n증감액\n예산\n현액\n징수\n결정\n액\n수납액\n불납\n결손액\n미수납\n액\n합 계\n5. 세출결산조서\n 가. 부서별(세출)결산조서\n (단위 : 원)\n부서\n세부사업\n담당자\n예산액\n이월등 \n증감액\n예산현\n액\n지출액\n이월액\n불용액\n합 계
2026학년도 학교회계 예산편성 및 집행지침	330	- 330 -	- 330 -\n  나. 세부사업별(세출)결산조서\n (단위 : 원)\n정책\n사업\n단위\n사업\n세부\n사업\n예산액\n이월등 \n증감액\n예산\n현액\n지출액\n이월액\n불용액\n합 계\n  다. 성질별세출결산조서\n (단위 : 원)\n목그룹\n목\n세목\n예산액\n이월등 \n증감액\n예산현액\n지출액\n이월액\n불용액\n합 계\n6. 세출예산 이(전)용 명세서\n  (단위 : 원)\n과   목\n이(전)용액\n이(전)용액사유\n정책\n단위\n세부\n세부항목\n원가통계비목\n증\n감\n7. 예비비 사용명세서\n (단위 : 원)\n과      목\n총사업비\n(예산현\n액)\n예비\n비\n지  출\n결정\n액\n예비비\n사용액\n예비비\n사  용\n잔  액\n지출\n결정일자\n예비비 \n지출결정\n사유\n비\n고\n정\n책\n단\n위\n세\n부\n항\n목\n원\n가\n목
2026학년도 학교회계 예산편성 및 집행지침	331	- 331 -	- 331 -\n8. 불용 사유별 현황\n  ◦ 회계연도 :\n  ◦ 학 교 명 :\n(단위 : 원)\n세부\n사업\n예산\n현액\n불용\n액\n사유별 미수납액\n불용\n비\n계획변경 \n및 취소\n정원및기준\n호봉미달운영\n예산\n절감\n지급사\n유미발\n생\n집행\n잔액\n기\n타\n계\n9. 계속비 조서\n(단위 : 천원)\n사업명\n구\n분\n총\n액\n전전회계연도이전\n전회계연도\n당  해\n회  계\n연  도\n◦◦\n회계연\n도\n◦◦\n회계연\n도\n예산\n액\n집행액\n집행\n잔액\n예산액\n집행\n액\n집행\n잔액\n계획액\n계획액\n계획액\n당\n초\n수\n정\n계\n주」 전회계연도란까지는 예산액․집행액․집행잔액을 기입하고 당해 회계연도란부터는 \n계획액만을 기입함.\n10. 계속비이월 명세서\n(단위 : 천원)\n과   목 \n총사업비\n사업기간\n예산현액\n①\n원인\n행위액\n지출액\n②\n이월액\n③\n불용액\n①-②-③\n정책\n단위\n세부\n항목\n원가목
2026학년도 학교회계 예산편성 및 집행지침	332	과   목	- 332 -\n11. 명시이월비 명세서\n(단위 : 천원)\n과   목 \n예산현액\n①\n원인\n행위액\n지출액\n②\n다음연도\n이월액③\n불용액\n①-②-\n③\n사  유\n정\n책\n단\n위\n세\n부\n항\n목\n원가\n목\n12. 사고이월비 명세서\n(단위: 천원)\n과   목 \n예산현액\n①\n원인\n행위액\n지출액\n②\n이월액\n③\n불용액\n①-②-\n③\n사  유\n정\n책\n단\n위\n세\n부\n항\n목\n원가\n목\n13. 2019학년도 시설사업적립금 적립 현황\n (단위: 천원)\n 구분\n사업명\n전년도 \n이월금중 \n시설사업\n적립금 \n(A) \n순수\n당해연도\n적립금 \n책정액\n (B) \n2019학년도\n적립현황\n2019학년도\n지출현황\n시설사업\n적립금\n이월액\n(D-E)\n비고\n총 \n예산액\n(C=A+\nB)\n총 \n적립액 \n(D)\n지출\n건수\n총 \n지출액\n(E)\n계
2026학년도 학교회계 예산편성 및 집행지침	333	각 목별 수입내역을 기록	- 333 -\n< 결산서․결산조서 작성요령 >\n1. 세입\n구  분\n내              용\n산출기초\n각 목별 수입내역을 기록\n예 산 액\n추가경정예산을 포함한 최종 세입예산액\n예산현액\n예산액 + 전년도 이월액(명시․사고․계속비이월)\n징수결정액\n법령, 조례, 규칙 등에 의하여 세입의 원인이 되는 사실이 발생하고 이를 징수하기로 결정\n한 금액(징수결정액 = 수납액 + 불납결손액 + 미수납액)\n결산액(수납액)\n징수결정액 중에서 실제로 학교회계에 수납된 금액\n미수납액\n징수결정액 중에서 당해 회계연도 내에 수납되지 않은 금액으로 다음연도 \n이후에 징수해야 할 금액 \n불납결손액\n징수결정액 중에서 결손처분한 금액\n ◦ 결산액은 실제로 당해 회계연도에 수납한 금액을 말한다.\n ◦ 명시․사고이월비, 계속비 이월액은 전 회계연도로부터 사용용도가 지정되어 이월된 경비로서 \n예산액에는 포함되지 않고 예산현액 및 결산액에 포함된다.\n ◦ 미수납액은 다음 회계연도의 징수결정의 이월로 처리된다.\n2. 세출\n구  분\n내              용\n산출기초\n세부사업설명서의 세출각목명세서에 각 원가통계비목별로 집행내역을 알 수 있도록 기록\n예 산 액\n추가경정예산을 포함한 최종 세출예산액\n예산현액\n당해연도에 실제로 지출할 수 있는 금액\n예산현액 = 예산액+예비비 사용액+전년도이월액(명시․사고․계속비)+이․전용 등 증감액\n결산액(지출액)\n예산현액 중에서 실제로 지출된 금액\n이 월 액\n당해연도 예산현액 중에서 다음연도로 이월하는 명시이월액 및 사고이월액의 금액\n불 용 액\n예산현액에서 지출액과 다음연도 이월액을 제외한 잔액\n ◦ 명시․사고이월비, 계속비이월액은 해당 세출과목의 예산현액, 결산액 및 산출기초에 \n모두 포함하여 작성한다.\n ◦ 예비비를 지출하였을 경우에 예산액에서 지출액을 제외한 나머지를 예비비의 \n예산현액으로 기록하고 예비비 지출액 자체는 지출되는 용도의 비목의 예산\n현액에 합산하여 기록한다.\n   예) 예비비를 세출예산에서 1000만원으로 계상하였고 이 중 500만원을 시설비로 지출하였을 경우 예비비의 예산현액은 \n500만원으로 기록하고 시설비의 예산현액란에 본래의 예산액에 500만원을 더하여 기록한다. 지출내역도 역시 \n당해 시설비목의 산출기초란에 기록한다.
2026학년도 학교회계 예산편성 및 집행지침	334	◦ 학교회계 예산편성 기본지침	- 334 -\nⅣ\n각종 지침\n1\n 학교회계전출금 정산 및 반납\n□ 관련근거\n  ◦ 학교회계 예산편성 기본지침\n□ 처리 기준 및 절차\n  ◦ 처리 기준\n     - (정산‧반납 추진)  각 사업부서\n     - (정산‧반납 대상)  단위학교\n     - (정산‧반납 기준) \n       ․ 집행잔액이 10만원 이상인 사업\n        ⇒ 10만원 미만인 경우 미반납(학교운영비로 자체사용)\n       ․ 사업부서 별도 반납 기준 시달 시 사업부서 기준에 따름\n         ※ 외부지원 사업예산은 재원 교부기관의 처리기준에 의함\n     - (정산‧반납 시기) \n       ․ 학교 회계연도 내에 정산 완료\n         ※ 상기 일정을 따르되 세부일정은 사업부서에서 별도 안내에 따름
2026학년도 학교회계 예산편성 및 집행지침	335	- 학교로 전출된 목적 지정 전출금	- 335 -\n  ◦ 적용 대상\n     - 학교로 전출된 목적 지정 전출금\n  ◦ 처리 절차\n1.\n사업부서\n⇨\n학교\n‣ 정산(잔액파악) 후 공문 시행\n⇩\n2.\n학교\n⇨\n사업부서\n‣ 정산서(집행잔액) 제출\n⇩\n3.\n사업부서\n⇨\n학교\n‣ 집행잔액 파악 후 반납계좌 안내\n⇩\n4.\n사업부서\n⇨\n재무행정과\n‣ 징수결의 요구\n(에듀파인-단위업무관리-단위업무메뉴얼-재무관리-\n징수결의요구)\n세목코드\n세목명\n적용\n유무\n세목코드\n세목명\n적용\n유무\n620-01\n인건비지원\n○\n620-09\n운영비재정결함보조\n×\n620-02\n학교운영비\n×\n620-10\n사립학교목적사업비\n○\n620-03\n목적사업비\n○\n620-11\n사립학교시설지원\n○\n620-04\n학교환경개선사업비\n○\n620-13\n사립학교특별교육지원비\n○\n620-06\n학교특별교육지원비\n○\n620-14\n사립맞춤형복지비\n○\n620-07\n공립맞춤형복지비\n○\n620-15\n사립유치원학비지원\n○\n620-08\n인건비 재정결함보조\n○\n620-16\n사립학교기타직인건비지원\n○\n※ 학교회계전출금 중 620-02(학교운영비), 620-09(운영비재정결함보조)는 적용대상에서 제외
2026학년도 학교회계 예산편성 및 집행지침	336	- (학교회계 출납폐쇄기한 이후) 다음연도 예산에 “반환금” 편성 후 반환	- 336 -\n  ◦ 시기별 반납 처리 방법 ※ 학교회계 기준\n     - (학교회계 출납폐쇄기한 이전) 세입에서 “과오납” 반환\n     - (학교회계 출납폐쇄기한 이후) 다음연도 예산에 “반환금” 편성 후 반환\n<반환금 편성 세입세출과목>\n ‣ 세입예산 : [보조금사용잔액] - 기타수입(장) - 전년도이월금(관) - 보조금사용잔액(항) -   \n보조금사용잔액(목) - 보조금사용잔액(원가통계목명)\n ‣ 세출예산 : [반환금] - 학교재무활동(정책사업) - 반환금(단위사업) - 반환금(세부사업) - \n예비비및기타(목) → 반환금(세목) → 반환금(원가통계목명)\n  \n□ 행정 사항\n  ◦ (본청 사업부서)\n     - 사업종료 후 집행현황(집행 잔액) 파악 및 예산 집행 적정성 점검\n     - 집행잔액 발생 시 처리 절차에 따라 정산 ‧ 반납 철저\n     - 학교회계 연도 말(2026.12. ~ 2027.2) 학교 목적사업 교부 지양\n  ◦ (단위학교)\n     - 불필요한 이월액, 불용액이 발생하지 않도록 집행 철저\n     - 다음 회계연도로 반납하기 위한 명시이월 금지\n        ⇒ 종료된 사업의 집행 잔액은 반드시 “반환금”으로 편성
2026학년도 학교회계 예산편성 및 집행지침	337	- 337 -	- 337 -\n2\n학교회계전출금 반환 절차(학교)\n사업별 집행결과 정산\n⇩\n각 사업부서에 정산 보고\n⇩\n  ◦ 회계연도 내 정산 잔액 반환 처리 시\n    - 과오납반환결의 작성 후 반환 \n  ◦ 회계연도 지난 후 사용 잔액 반환 처리 시  \n    - 목적사업비 집행잔액 반환(예정)액 예산편성\n    - 세입예산과목 : “보조금사용잔액”, 세출예산과목 : “반환금”\n      ※ 본예산 또는 추가경정예산에 반영\n⇩\n집행잔액 반환
2026학년도 학교회계 예산편성 및 집행지침	338	- 338 -	- 338 -\n2-1\n  정산 서식\nOO학교 특별교육재정수요지원비 정산 내역<예시>\n(단위 : 천원)\n학교명\n사업명\n교부일시\n집   행   현   황\n계약자\n관련 공문\n교부액\n집행\n방법\n착공일\n(주문일)\n준공일\n(납품일)\n집행액\n잔액\n반환액\n집행내역\n※ 집행내역 구체적으로 작성\n(물량 표시)\n업체명\n대표자\nOO초\n특별교육\n재정\n수요지원\n‘00.0.00.\n10,000\nS2B \n‘00.0.0\n‘00.0.0\n5,000\n100\n100\n도서(100권) 구입 : 5,000천원\n○○\n서적\n이세종\n조직예산과-○○○\n(0000.0.00)\n수의\n‘00.0.0\n‘00.0.0\n4,900\n도서관 리모델링\n·서가 교체(2식): 2,500천원\n·LED조명 교체(10개소) : \n2,400천원\n□□\n상사\n김세종\n합계\n10,000\n9,900\n100\n100
2026학년도 학교회계 예산편성 및 집행지침	339	학교별 목적사업비 정산내역	- 339 -\n2-2\n  학교별 목적사업비 정산내역\n(단위 : 천원)\n부서명\n순\n사업명\n학교명\n지원금액\n선정방식\n(공모 또는 지정)\n지원기준\n비고\n합계
2026학년도 학교회계 예산편성 및 집행지침	340	- 340 -	- 340 -\n3\n 공공기관 상품권 구매 및 사용의 투명성 확보\n  ◦ 상품권 구매 시 단위학교 별 연간 사용수량을 예측하여 구매계획을 수립하고 \n2개 업체 이상의 할인율 비교 등을 거쳐 통합구매하여 자체적인 예산\n절감 방안을 마련\n  ◦ 부적절한 상품권 사용방지를 위한 상품권 구매 및 배부대장 작성을 의무화하여 \n관리 강화\n 상품권 구매 및 사용 집행기준 안내[학교지원과-14388(2014. 7. 1.)]\n◦ 상품권 구매․사용․관리 절차\n수요발생\n⇨\n상품권 구매\n⇨\n상품권 배부\n⇨\n사후관리\n◦내․외부 유공자 포상\n◦각종대회 시상 등\n◦이벤트 경품 등\n◦상품권 구매계획 수립\n -예산서와 연계\n -계획 수립(매년 3월)\n◦집행예산과목 검토\n◦상품권 종류 및 수량 \n결정(할인율, 통합\n구매등)\n◦상품권 배부대장 작성\n◦실수령인 서명\n◦대상자별 상품권 지급\n◦상품권 구매 및 \n사용내역 공개\n◦상품권 배부․사용\n대장 비치 및 관리\n◦상품권 사용내역 점검\n◦ 상품권 구매에 대한 예산 절감\n - 상품권 구매 시 구매처별 견적비교 등 할인율 비교, 연간 사용수량이 예측 가능한 경우 \n통합구매 실시(단, 전통시장 온누리상품권 제외)\n◦ 부적절한 상품권 사용방지를 위한 관리 강화\n - 상품권 구매 및 배부대장 작성 의무화 : 구매목적, 수량, 구매처, 배부일자, 수량, 수령인 \n등을 정확히 기재\n - 상품권 실질 수령여부 명확화를 위한 수령인 자필서명 의무화  \n - 상품권을 물품 등 다른 형태로 교환하여 지급하거나 사회공헌활동 등 사용용도를 특정\n하여 상품권을 지급한 경우 증빙 관리 철저\n◦ 상품권 구매․사용에 대한 점검 강화\n - 정기감사 시 예산의 적절성, 예산절감을 위한 검토절차 이행여부, 상품권의 목적 외․사적사용 \n여부, 상품권 사후관리 실태 등 점검\n - 상품권 구매․사용에 대한 기관별 수시 점검 실시\n - 목적 외 사용, 사적 사용 등 부적정한 상품권 사용 즉시 중단\n - 상품권의 위법․부당 사용에 대한 징계\n◦ 상품권 구매․사용에 대한 사항 공개\n - 상품권 구매일자, 구매용도, 구매수량, 총 구매액 등 상품권 구매․사용에 대한 개략적 \n사항을 누리집에 공개
2026학년도 학교회계 예산편성 및 집행지침	341	- 341 -	- 341 -\n4\n 부가서비스(포인트, 마일리지, 적립금 등) 관리\nⅠ\n 관련 근거\n  ◦ 지방자치단체 회계관리에 관한 훈령\n  ◦ 부가서비스(포인트, 마일리지, 적립금 등) 관리지침(재무과-17768, ’17. 7. 3.)\nⅡ\n 처리 기준 및 절차\n  ◦ (사업담당자) 기관(학교)계정으로 생성된 ID를 확인하여 그에 따른 각종 \n부가서비스를 활용할 수 있는 업체 가급적 이용\n     - 기관(학교)계정 ID 가입 여부 확인 및 미가입시 기관계정 가입 후 구매\n     - 단, 가입이 불가능하나 해당 사이트에서만 판매할 경우 제한적으로 개인ID \n사용\n       ※ 개인 ID 구매 시 사후 구매내역의 재확인이 어렵고 개인정보 유출 우려가 있어 사용 지양\n◦(지출담당자) 부가서비스 사용관리대장 작성 의무화\n     - 발생일자, 예산집행내역, 증감누계액 등을 거래처별로 정확히 기재\n     - 수시로 소액의 부가서비스가 적립되는 경우 일정기간(1개월 미만)을 \n합산하여 1건으로 사용대장을 작성할 수 있음\n     - 부가서비스 사용(관리)내역을 출납원 결재 후 주기적으로 점검·보완\n  ◦ 부가서비스 사용 절차 \n지출품의\n(사업담당자)\n⇨\n원인행위\n(지출담당자)\n⇨\n지출결의\n(지출담당자)\n⇨\n사후관리\n(지출담당자)\n▶기관ID 구입가능\n여부 확인\n▶예산의 범위 내\n물품 등 집행대상,\n금액에 대한 의사결정\n▶적립된 부가서비스\n사용시 지출결의서에 \n부가서비스 사용금액\n및 내역을 구체적으로\n작성한 후 지출 결정\n▶적립금액만큼 할인\n및 차감 받아 물품\n대금 지급\n▶학교회계 재원으로\n활용\n▶사용관리대장 작성 \n및 비치\n▶사용관리대장 자체\n점검 · 보완
2026학년도 학교회계 예산편성 및 집행지침	342	- 342 -	- 342 -\n4-1  부가서비스(포인트 및 마일리지 등) 사용관리대장\n부가서비스(포인트 및 마일리지 등) 사용관리대장\n◦ 거래처 : g마켓\n일자\n적립 및 사용내역\n결제\n금액\n(원)\n증 감(p,원)\n누계\n결 재\n적립액\n사용액\n담당자\n출납원\n7.1.\n 학급운영물품 구입\n100,000\n1,000\n1,000\n7.3.\n 사무용품 구입\n50,000\n500\n500
2026학년도 학교회계 예산편성 및 집행지침	343	- 343 -	- 343 -\n5\n 공적 항공마일리지 관리 및 활용 기준\nⅠ\n 관련 근거\n  ◦ 2025년도 지방자치단체 교육비특별회계 세출예산 집행지침 \n    ※ ‘18. 11. 1. 공무원여비업무 처리기준 개정사항 반영(아래의 별지 서식 포함)\nⅡ\n 활용 방법 및 절차\n구  분\n기   준\n관리범위\n◦ 비용의 지급 주체와는 관계없이 2006.3.1. 이후 *공무여행에 의해 발생한 마일리지\n   * 공무여행에는 국내와 국외를 포함\n관리기간\n◦ 마일리지를 부여받은 날로부터 10년\n신고\n(입력)\n◦ 출장 및 부임의 명을 받은 공무원(이하 “출장자 등”이라 함)은 공무여행 전에 ｢초․중등교육법｣ \n제30조의4(교육정보시스템의 구축․운영 등)에 따라 구축된 교육정보시스템(이하 “｢NEIS｣” 등이라 함)에 \n공적 항공마일리지의 적립, 활용 등 변경사항을 입력하여야 한다.\n ※ 방법: 교육정보시스템(NEIS)→나의 메뉴→복무→항공마일리지관리→등록\n  * 항공마일리지 세부관리방안(학교지원과-17345, ’15.8.21)에 근거한 ｢항공마일리지 신고서｣는 폐지한다.\n(다만, ｢NEIS｣ 시스템을 활용하지 않는 공무원에 대해서는 해당 전자인사관리시스템에 “공적 항공마일리지 \n관리”기능이 탑재될 때까지 유지)\n활용방법\n◦ 일비는 영 별표에 따라 정액으로 지급하되, 공적 항공마일리지를 활용하여 항공운임비를 절약한 \n경우에는 1일당 일비의 50%를 추가 지급한다. 다만, 추가 지급하는 일비의 총액은 공적 \n항공마일리지 사용으로 절약된 항공운임비의 1/2을 초과할 수 없다.\n◦ 항공운임비 절약금액은 해당 보너스항공권과 동일기준(여행일, 좌석등급 등)의 항공권 요금을 말한다. \n다만, 좌석승급 항공권을 이용한 경우에는 해당 ｢좌석승급 항공권과 동일기준의 항공권 요금｣과 \n｢당초 지급된 항공운임비｣의 차액을 말한다.\n◦ 일비의 추가 지급을 위하여 출장자는 항공운임 절약금액을 확인할 수 있는 증거서류(항공사 누리집 \n출력물, 출장동행자의 항공권 영수증 등)를 제출하여야 한다. \n◦ 출장자 등은 항공권 예약 시에 본인의 누적 마일리지를 확인하여‘보너스 항공권 확보’에 우선 \n활용하고, 보너스 항공권 확보가 어려운 경우‘좌석승급(업그레이드)’에 활용한다.\n◦ 보너스 항공권 활용 기준\n1등 정액, 중간(비즈니스)정액 및 2등(이코노미) 정액 지급대상자가 공적 항공마일리지를 \n활용하여 해당 좌석의 보너스항공권을 구매하는 것을 원칙으로 한다.\n다만, 국내선을 이용하는 2등정액 지급대상자가 해당 좌석의 보너스 항공권이 없는 경우 \n중간좌석의 보너스항공권을 구매할 수 있다.\n◦ 항공좌석 승급(업그레이드) 기준\n1등 정액 및 중간(비즈니스)정액 지급대상자가 아래 단계의 좌석에 해당하는 정액을 지급받고,
2026학년도 학교회계 예산편성 및 집행지침	344	- 항공여행 시간이 5시간(편도)이상	- 344 -\n구  분\n기   준\n공적 항공마일리지를 활용하여 1등석이나 중간(비즈니스)석으로 조정하는 것을 원칙으로 한다.\n다만, <국외항공운임 지급기준>에도 불구하고 2등정액 지급 대상자가 다음의 조건에 해당하는 \n공무 출장을 수행하는 경우에 한하여, 공적 항공마일리지를 활용하여 한단계 높은 항공좌석\n(비즈니스)의 보너스 항공권을 확보하거나, 2등 정액을 지급받고 중간석(비즈니스)으로 좌석을 \n조정할 수 있다.\n  - 국제회의, 통상협상 등(단순 현지조사, 세미나 참석 등은 제외)의 대표단의 일원\n  - 항공여행 시간이 5시간(편도)이상\n  - 이코노미 좌석 탑승이 곤란한 질환(척추질환 등) 보유\n   *진단서 등 건강상태 입증자료 제출 필요\n  - 동행하는 1등정액 또는 중간(비즈니스)정액 지급대상자와 떨어져 혼자 이코노미 좌석에 탑승\n  - 3년 이내에 정년퇴직 예정\n◦ 부가서비스 등 이용 기준(담당부서에 이용내역 증거서류 제출필요)\n출장자는 필요한 경우, 초과수하물, 리무진버스, 렌터카, 호텔숙박 등 공무여행과 관련된 부가\n서비스를 이용할 수 있으며, 기관장이 인정한 공익목적으로 공적 항공마일리지 이용할 수 있다.\n◦ 공적 항공마일리지 현금 구매 기준\n  - 마일당 구매가격은 20원으로 하고, 최소 구매단위는 50마일로 한다. 다만, 개인이 보유한 총 \n공적 항공마일리지가 3만 마일 미만인 경우 마일당 구매 가격은 10원으로 한다. 이 때 \n최소 구매단위는 100마일로 한다.\n  - 구매를 희망하는 공무원은 마일리지 담당부서에 공적 항공마일리지 구매 신청서(별지 제8호 \n서식)를 작성하여 제출하여야 한다.\n   * 구매신청 시 공적 항공마일리지 보유현황을 확인 할 수 있는 증빙 첨부(“「NEIS」” 공적 항공마일리지 \n관련 출력물 등)\n  - 마일리지 담당부서는 희망 공무원이 보유한 공적 항공마일리지를 확인 후 구매 확정을 하고 \n공적 항공마일리지 구매 확정서(별지 제9호 서식)를 발급한다.\n  - 구매를 희망하는 공무원은 납입 고지서 납부 후 납부영수증을 마일리지 담당부서에 제출하여야 한다.\n  - 마일리지 담당부서는 납부영수증 확인 후“「NEIS」” 등에서 해당 공적 항공마일리지를 차감한 후 \n사적 항공마일리지로 전환한다.\n  ※ 참고: 공적 항공마일리지 현금 구매절차\n공무원\n(희망자)\n마일리지 \n담당부서\n공무원\n(희망자)\n마일리지\n담당부서\n공무원\n(희망자)\n마일리지 \n담당부서\n공적 항공\n마일리지\n구매 신청\n(별지 제8호 서식)\n⇒\n공적 항공 \n마일리지 \n구매 확정\n(별지 제9호 \n서식 발급)\n⇒\n구매확정서\n(별지 제9호 서식)\n제출 및 \n공적 항공 \n마일리지 \n상당액 징수 \n요청\n⇒\n납입 \n고지서 \n발급\n⇒\n납입 고지서 \n납부 후 \n마일리지 \n담당부서에 \n납부 영수증 \n제출\n⇒\n공적항공\n마일리지 \n사적전환 \n승인(NEIS\n시스템에서 \n해당 구매분 \n차감)\n◦ 공적 항공마일리지 항공사간 등가교환 기준\n  - 교환을 신청하는 공무원은 공적 항공마일리지 교환 신청서(별지 제10호 서식) 및 마일리지 \n증빙자료*를 마일리지 담당부서에 제출하여야 한다.\n    * 교환하고자 하는 항공사의 마일리지 보유현황을 확인 할 수 있는 증빙자료와 공적 항공마일리지 보유\n현황을 확인할 수 있는 증빙 첨부\n  - 교환을 신청하는 공무원은 마일리지 담당부서에 공적 항공 마일리지 교환 가능여부를 확인 받고 \n“「NEIS」”시스템에서 해당 마일리지를 변경 입력하여야 한다.
2026학년도 학교회계 예산편성 및 집행지침	345	- 345 -	- 345 -\n구  분\n기   준\n ※ 참고: 공적 항공마일리지 교환절차\n공무원\n(희망자)\n마일리지\n담당부서\n공무원\n마일리지\n담당부서\n공적 \n항공마일리지 \n교환 신청\n⇒\n공적 \n항공마일리지\n교환 가능여부 \n확인\n⇒\n공적 항공마일리지 \n항공사간 교환\n(NEIS 시스템에서 해당 \n마일리지분 변경 입력)\n⇒\n공적 항공\n마일리지 \n교환점검 및 \n사후관리\n활용절차\n◦ 출장자 등은 항공운임 신청 전에 본인이 보유한 공적 항공마일리지를 활용할 수 있는지의 \n여부를 해당 항공사에 반드시 확인하여야 한다.\n  - 항공운임 신청시 그 확인결과가 기재된 항공운임지급신청서(별지 제5호 서식)을 제출하여야 \n하며, 확인결과 마일리지 사용이 불가능한 경우에는 지정된 증빙자료를 첨부하여야 한다.\n   * 별지 제5호 서식상 지정한 증빙자료 : 항공마일리지를 사용할 수 없는 사유가 기재된 항공사 누리집 \n예약신청 결과 출력물 및 이에 준하는 증빙자료\n  - 부서별 회계담당공무원은 항공운임지급신청서와 관련 증빙자료의 사실관계를 확인하고, \n마일리지를 활용할 수 없는 경우에 항공운임을 지급한다.\n관리방법\n◦ 각 기관 및 부서의 장은 기관별 업무현황 등을 고려하여 항공마일리지 담당자를 지정하여야 함\n  - 본청: 각 관․과별로 담당자 지정\n  - 각급 학교 및 직속기관: 기관별로 담당자 지정\n◦ 기관(부서)의 공적 항공마일리지 담당자는 소속공무원이 보유하고 있는 항공마일리지가 효율적으로 \n관리･활용될 수 있도록 노력하여야 한다. 특히 5년 이내 정년퇴직 예정자 또는 10만마일 \n이상 보유자에 대해서는 별도 관리하고 해당자에게 정기적으로 보유마일리지를 고지하여 \n활용을 독려하여야 한다. \n◦ 기관(부서)의 공적 항공마일리지 담당자는 소속공무원의 개인별 공적 항공마일리지의 현황을 \n매분기 마지막 날을 기준으로 주기적으로 점검하여 보완하여야 한다.\n◦ 파견자에 대해서는 파견받은 기관에서 관리하되, 원 소속기관 복귀시 관련서류를 이첩하도록 한다.\n◦ 부처간 전출입자는 전 소속기관에서 관련서류를 새로이 이동하는 기관에 이첩하도록 한다.\n◦ 다음의 경우에는 종전 근무기관이 관리하였던 해당 공무원의 공적 항공마일리지를 이관 \n받아 관리하여야 한다.(재임용 후 14일이내에“｢NEIS｣” 등에 입력 관리)\n  - 중앙행정기관 및 지방자치단체, 국회 등 헌법기관에서 근무 후 퇴직한 공무원이 퇴직일과 \n같은 날에 공무원으로 재임용되는 경우\n  - 재직 중에 정무직 등에 내정되어 공무원을 퇴직하고 법령상의 임용 절차 등을 거쳐 중앙\n행정기관의 공무원으로 재임용된 경우
2026학년도 학교회계 예산편성 및 집행지침	346	- 346 -	- 346 -\n5-1  「공무원여비업무처리기준」 별지 서식\n<별지 5호 서식>\n항공운임 지급 신청서\n소 속\n직 급\n(직위)\n성 명\n출 장\n(부임)\n일 정\n일  시\n    년    월    일    ~     년    월   일\n출장(부임)지\n항공\n운임\n일자별\n출발지\n도착지\n항공사\n좌석등급\n금액\n합    계\n사적항공\n마일리지\n일자별\n사용 \n사적마일리지\n사용 내역(B)\n사적 마일리지 보상 금액\n보너스\n좌석확보\n좌석승급\n계산식\n금액\n공적항공\n마일리지\n일자별\n보유\n마일리지\n(A)\n사용 내역(B)\n잔여\n마일리지\n(C=A-B)\n보너스좌석(a), 좌석승급(b)을 \n이용하지 못한 사유\n보너스\n좌석확보\n(a)\n좌석\n승급\n(b)\n부가\n서비스\n(c)\n마일리\n지\n부족\n보너스 \n좌석 \n없음\n좌석승\n급\n불가\n기타\n공적 항공마일리지 의무사용에 따라 활용가능 여부를 확인하였으며, ｢공무원여비규정｣ 제12조 및 ｢공무원 보수 등의 \n업무지침｣의 여비업무처리기준에 따라 관계서류를 첨부하여 위와 같이 항공운임 지급을 신청합니다.\n첨 부 : 관련 증빙자료 1부\n 년     월     일\n 신 청 인   성 명              (서명 또는 인)\n소속기관장 귀하\n유의사항\n 1.본 서식은 국내 및 국외여행 항공기 이용 시 적용함\n 2.공적 항공마일리지 의무사용에 따라 활용 가능여부를 반드시 확인하여야 하며, 공적 항공마일리지 활용(보너스좌\n석, 좌석승급에 한함)이 불가능한 경우 하단 증빙자료를 첨부하여야 함\n    ①｢e-사람｣ 시스템 상 공적항공마일리지 보유현황 출력물(마일리지가 부족한 경우에 제출)\n    ②항공마일리지를 사용할 수 없는 사유가 기재된 “항공사 누리집 예약신청 결과 출력물”등(마일리지는 충분한데 \n보너스좌석 확보 또는 좌석승급을 하지 못한 경우에 제출)\n 3.부가서비스는 보너스좌석, 좌석승급 이외에 공적항공마일리지로 이용할 수 있는 초과수하물, 리무진 버스, 렌터카 \n등의 서비스를 의미함\n210mm×297mm[백상지 80g/㎡]
2026학년도 학교회계 예산편성 및 집행지침	347	- 347 -	- 347 -\n<별지 8호 서식>\n공적 항공마일리지 구매 신청서\n소 속\n직 급\n(직위)\n성 명\n구매방법\n [  ] 복지점수 (구매일시 :    년   월 \n 일)\n  [  ] 현금\n공적항공\n마일리지 \n구매내역\n구매 마일리지\n(A)\n보유 마일리지\n(B)\n잔여 마일리지\n(C=B-A)\n구매 단가\n(D)\n복지점수 사용 포인트\n또는 구매금액\n(E=A*D)\n [  ] 10원(총 보유 \n마일리지가 3만 마일 \n미만인 경우)\n [  ] 20원(총 보유 \n마일리지가 3만 마일 \n이상인 경우)\n｢공무원여비규정｣ 제12조 및 ｢공무원 보수 등의 업무지침｣의 여비업무처리기준에 따라 관계서류\n를 첨부하여 위와 같이 공적 항공마일리지 구매를 신청합니다.\n년        월        일\n신 청 인   성 명                     (서명 또는 인)\n첨부서류\n 공적 항공마일리지 구매 증빙자료 1부\n유의사항\n  ※ 본 서식은 개인별 맞춤형 복지점수 또는 현금을 사용하여 본인의 공적 항공마일리지를 구매한 후 사적 항공마일\n리지로 전환할 때 적용함\n    ① 맞춤형 복지점수로 구매 신청 시에는 맞춤형 복지 관리시스템 화면 등 증빙자료를 첨부하여야 함\n    ② 현금 구매 신청 시에는 공적 항공마일리지 보유현황을 확인할 수 있는 증빙자료를 첨부하여야 함\n210mm×297mm[백상지 80g/㎡]
2026학년도 학교회계 예산편성 및 집행지침	348	- 348 -	- 348 -\n<별지 9호 서식>\n공적 항공마일리지 구매 확정서\n소 속\n직 급\n(직위)\n성 명\n공적항공\n마일리지 \n구매내역\n구매 마일리지\n(A)\n보유 마일리지\n(B)\n잔여 마일리지\n(C=B-A)\n구매 단가\n(D)\n구매금액\n(E=A*D)\n [  ] 10원(총 보유 \n마일리지가 3만 마일 \n미만인 경우)\n [  ] 20원(총 보유 \n마일리지가 3만 마일 \n이상인 경우)\n｢공무원여비규정｣ 제12조 및 ｢공무원 보수 등의 업무지침｣의 여비업무처리기준에 따라위와 같\n이 공적 항공마일리지 구매를 확정하오니 납입고지서를 발급하여 주시기 바랍니다.\n년        월        일\n담당자 : 소속               성 명                     (서명 또는 인)\n수입징수관 귀하\n210mm×297mm[백상지 80g/㎡]
2026학년도 학교회계 예산편성 및 집행지침	349	- 349 -	- 349 -\n<별지 10호 서식>\n공적 항공마일리지 교환 신청서\n소 속\n직 급\n(직위)\n성 명\n출  장\n일  정\n출장기간\n년       월       일        ~            년       월       일\n출장국가\n항공\n마일리지\n교환계획\n항공사명\n보유 마일리지\n사유\n교환 희망 사적 \n항공마일리지\n공적 \n항공마일리지\n사적 \n항공마일리지\n [ ] 보너스 좌석 확\n보\n [ ] 좌석승급\n [ ] 부가서비스\n [ \n] \n기타( \n )\n교환희망\n공적항공\n마일리지\n항공사1\n항공사2\n항공사3\n합계\n(D=A+B+C\n)\n항공사\n명\n공적 마일리지\n항공사\n명\n공적 마일리지\n항공사\n명\n공적 마일리지\n총 보유교환희망\n(A)\n총 보유\n교환희\n망\n(B)\n총 \n보유\n교환희망\n(C)\n  ｢공무원여비규정｣ 제12조 및 ｢공무원 보수 등의 업무지침｣의 여비업무처리기준에 따라 관계\n서류를 첨부하여 위와 같이 공적 항공마일리지 항공사간 교환을 신청합니다.\n년        월        일\n       신 청 인   성 명 \n (서명 또는 인)\n첨부서류\n항공마일리지 보유 증빙자료(교환하고자 하는 항공사의 항공마일리지 보유현황 관련 출력\n물 및 e-사람 공적 항공마일리지 관련 출력물) 각 1부\n210mm×297mm[백상지 80g/㎡]
2026학년도 학교회계 예산편성 및 집행지침	350	- 350 -	- 350 -\n6\n 지방교육행정 구매카드 발급 및 사용기준\n ※ 지방자치단체 교육비특별회계 세출예산 집행기준(교육부 예규 제91호, 2024. 8. 1. 시행)\n【 공  통  기  준 】\n[지방교육행정기관 구매카드 종류]\n  ｢여신전문금융업법｣ 제2조제3호 및 제6호에 따른 신용카드･직불카드 \n  ｢전자금융거래법｣ 제2조제13호에 따른 직불전자지급수단(제로페이 등)\n  ｢조세특례제한법｣ 제126조의3에 따른 현금영수증 증빙제도(현금영수증카드)\n▪ 지방교육행정기관 구매카드는 지출원 또는 일상경비출납원(회계관직이 없는 경우 해당\n실‧과 주무담당, 이하 ‘담당공무원’) 책임하에 카드분실‧훼손 등의 사례가 발생하지\n않도록 엄정 관리하여야 한다.\n▪ 지방교육행정기관 구매카드를 사적 용도로 사용하거나 개인카드를 업무상 용도로 \n사용해서는 안 된다.\n▪ ｢지방회계법 시행령｣ 제41조제2항에 따라 직불카드･직불전자지급수단은 일상경비 \n등으로서 교육부장관이 정하는 경비로 교부된 경우에 한하여 사용할 수 있다.\n▪ 지방교육행정기관 구매카드를 결제수단으로 사용한 경우 사용금액을 정확하게 확인\n하여야 하고, K-에듀파인시스템의 사용내역을 확인한 후 사용자의 실명을 반드시\n입력하여 지방교육행정기관 구매카드 사용에 따른 책임을 명확히 구분하여야 한다.\n▪ 회계관계공무원은 지방교육행정기관 구매카드 사용에 따른 회계절차를 위반하는 부당한 \n사용이 발생하지 않도록 관리하여야 한다.\n▪ 부서별로 발급된 지방교육행정기관 구매카드는 지방교육행정기관 구매카드 발급대장에 \n등재(별표 제1호 서식) 및 지출원에게 통보(카드수령일로부터 3일 이내)하여, 지출원이 해당\n기관의 모든 지방교육행정기관 구매카드 발급현황을 관리하도록 한다.\n▪ 담당공무원은 매월 1회 신용카드, 현금영수증 사용내역(홈페이지 검색 등)을 \n분임재무관(실‧과장)까지 보고(결재)하고, 분임재무관은 이를 확인하여야 한다.\n▪ 현금영수증카드에 의한 예산집행은 그 성격에 반하지 않는 한도 내에서 신용\n카드에 관한 사항을 준용한다.
2026학년도 학교회계 예산편성 및 집행지침	351	○일반수용비(210-01세목), 공공요금 및 제세(210-02세목), 피복비(210-03세목), 급량비(210-04세목),	- 351 -\n1. 지방교육행정기관 구매카드 사용대상\n1-1\n 성질별 적용기준\n 1. 운영비(210)\n○일반수용비(210-01세목), 공공요금 및 제세(210-02세목), 피복비(210-03세목), 급량비(210-04세목),\n특근매식비(210-05세목), 임차료(210-07세목), 연료비(210-08세목), 시설장비유지비(210-09세목),\n차량선박비(210-10세목), 재료비(210-11세목), 기타일반수용비(210-15세목) 중 부서운영경비\n 2. 여비(220)\n○외빈초청여비(220-03세목): 기관이 공식적으로 초청하는 유력인사에대한\n항공료, 숙박비, 식비 및 지방시찰여비\n    ※ 연회비, 선물구입비, 환송연 행사경비 등은 업무추진비로 집행\n 3. 업무추진비(230)\n 4. 보전금(310)\n○민간인보상금 중 교육감이 주관하는 각종행사나 시책사업을 추진\n하는 과정에서 민간인이 상해를 입었을 경우 상해 치료비\n○행사실비지원금 중 사업부서에서 직접 집행하는 숙박비 및 매식비\n 5. 민간이전(320)\n∘학생 및 학생단체이전경비(320-11세목) 중 학생치료비
2026학년도 학교회계 예산편성 및 집행지침	352	○시설부대비(420-05세목) 중 공공재산 취득 및 공사 추진 상 시공관리에	- 352 -\n 6. 건설비(420)\n○시설부대비(420-05세목) 중 공공재산 취득 및 공사 추진 상 시공관리에\n필요한물품 구입비, 수수료, 임차료 등 \n 7. 유형자산(430)\n○정수물품 및 일반운영비에서 집행하는 비정수 물품 구입\n○공관 및 관사 운영물 취득비, 자산 취득에 따른 부대경비 등\n○자본 형성적 도서구입비\n 8. 전자상거래\n○ 인터넷 등을 통해 2천만원 이하 물품을 구매하려는 경우 다음의 \n방법을 이용하여 구매할 수 있다. 이 경우 다른 사이버몰 등과 가격을\n충분히 비교검토 후 구매해야 한다.\n- 「전자상거래법」 제12조에 따라 등록된 통신판매업자가 같은 법 \n제10조(사이버몰의 운영)의 규정에 의하여 운영하는 업체 이용\n- 「지방자치단체를 당사자로 하는 계약에 관한 법률 시행령」 제6조의2에\n따른 지정정보처리장치 이용\n○구매절차 \n     ※ 물품 납품을 받고 검사‧검수 수행 후 대금 지급(카드번호를 입력하여 지급하는 경우 포함)이 \n원칙이며, 부득이하게 물품구매요청 과정에서 카드번호를 입력해야 구매할 수 있는 경우에는 \n예외적으로 물품 납품 전에 카드번호를 입력하여 물품구매를 요청할 수 있음\n- (물품구매)\n①예산집행품의 ⇒ ②인터넷 검색 ⇒ ③물품구매요청 ⇒ \n④물품납품 ⇒ ⑤검사ㆍ검수 ⇒ ⑥카드 대금 지출(카드사 대금 청구 이후)\n- (물품제조‧구매) ①예산집행품의→ ②규격서 및 예정금액을 인터넷에 게시→\n③업체별로 인터넷상 견적징구→ ④납품업체선정 및 구매요청→ ⑤납품\n(택배 등)→ ⑥검사‧검수→ ⑦카드대금지출(카드사 대금 청구 이후)
2026학년도 학교회계 예산편성 및 집행지침	353	- 353 -	- 353 -\n1-2\n 직불카드ᆞ직불전자지급수단의 사용범위\n○ 「지방회계법 시행령」제41조제2항에 따른 일상경비 등으로서 교육부장관이\n정하는 직불카드ㆍ직불전자지급수단의 사용 범위는 업무추진비(230),\n특근매식비(210-05) 및 매식비 성격으로 지급되는 경비에 한한다.\n1-3\n 적용예외\n○ ‘1-1 성질별 적용기준’의 규정에서 정한 지방교육행정기관 구매카드 의무\n또는 임의사용 대상 외에도 지방교육행정기관 구매카드를 이용하는 것이\n효율적인 경우에는 지방교육행정기관 구매카드를 사용할 수 있다.\n○ 다만, 다음의 사유에 해당되는 경우에는 지방교육행정기관 구매카드를\n의무적으로 사용하지 아니할 수 있다.\n[의무적 사용대상인 경우 예외]\n▪ 도서벽지․산간오지 등 관서소재 지역으로서 경비를 사용할 지역에 신용카드 \n가맹점이 없는 등의 사유로 인하여 신용카드를 사용할 수 없거나, 대상 업소가 \n신용카드사용 가맹점에 가입되어 있지 않으나 부득이 그 업소를 이용해야 하는 경우\n▪ 을지연습 등 각종훈련, 위생․환경정화구역단속, 관용차량운전원, 긴급재난활동 등 \n현장근무로 인하여 매식비를 부득이 현금으로 지급하는 경우\n▪ 외빈초청 시 차량임차 등에 있어 동 업소가 신용카드 가맹점에 가입되어 있지 \n않거나 단순한 부대경비 등은 현금으로 직접 지급\n ※ 이 경우 간이세금계산서 등 해당관서의 장이 정하는 방법에 따라 실제 집행\n하였음을 입증하는 증빙서류를 첨부 하거나 해당 채주에게 계좌입금 조치\n▪ 단속, 증거수집 등 비밀유지가 필요하여 부득이한 경우\n ※ 이 경우 현금지급 후 사후정산하거나, 개산급으로 지급할 수 있으며, 집행 입증서류\n(단속계획, 영수증, 증거물, 사진 등)를 첨부
2026학년도 학교회계 예산편성 및 집행지침	354	※ 클린카드사용업종은클린카드제도(국민권익위원회‘공무원행동강령업무편람’ 준용)에서정한	- 354 -\n2. 지방교육행정기관 구매카드 발급절차\n2-1\n 발급 및 사용제한\n○｢여신전문금융업법｣제14조에 따라 신용카드 발급이 가능한 금융\n기관에부서별로 ‘클린카드(Clean card)’를 공용카드로 발급한다.\n※ 클린카드사용업종은클린카드제도(국민권익위원회‘공무원행동강령업무편람’ 준용)에서정한\n사항을따름\n- 다만, 일반카드의 불가피한 사용이 있는 경우를 대비하여 시‧도\n교육청 본청의 회계부서는 5개 이내에서 별도 일반카드 발급 가능\n○교육감은 의무적 제한업종 이외에 해당 기관의 특성을 고려하여 \n추가 업종(자율적 제한업종)을 설정할 수 있다.\n[의무적 제한업종]\n▪유흥업종(한국표준산업분류에 따라 접객요원을 두고 술을 판매하는 일반유흥주점, 무도시설을갖\n추고 술을 판매하는 무도유흥주점)\n- 일반유흥주점: 룸살롱, 단란주점, 가라오케, 가요주점, 요정, 비어홀, 바 등 \n- 무도유흥주점: 클럽, 극장식 주점, 나이트클럽, 스탠드바, 카바레 등\n※ 의무적 제한업종이 아닌 ‘기타주점’에서 음주 목적의 부적정 사용 제한(권고)\n▪ 위생업종: 이‧미용실, 피부미용실, 사우나, 안마시술소, 발마사지, 스포츠마사지, 네일아트,\n지압원등 대인서비스\n▪ 레저업종: 골프장, 골프연습장, 스크린골프장, 노래방, 사교춤, 전화방, 비디오방, 당구장,\n헬스클럽, PC방, 스키장\n▪ 사행업종: 카지노, 복권방, 오락실\n▪ 기타업종: 성인용품점, 총포류 판매점\n- 업무와 관련 없는 골프용품, 귀금속 등 사적 사용 가능성이 있는 \n다음의물품구매를 제한한다.\n[구매 제한 물품]\n▪ 금‧은‧보석 등 귀금속류,\n양주 등 고가의 주류, 골프화‧골프 가방‧골프공 등 골프용품\n영양제‧비타민제 등 건강보조식품, 향수‧선글라스 등 고급 화장품 및 액세서리류
2026학년도 학교회계 예산편성 및 집행지침	355	- 355 -	- 355 -\n2-2\n 관리방안\n○지방교육행정기관(이하 ‘학교’ 포함) 구매카드 발급 시에는 발급대장\n(별표 제1호 서식)을작성‧비치하고 카드번호 및 비밀번호에 대하여는\n보안을 유지하여야 한다.\n○지방교육행정기관 구매카드 계좌는 지출원 또는 일상경비출납원의 \n책임 하에기관명의로 개설하고, 지출원 또는 일상경비출납원이 \n없는 실·과는 해당실‧과 주무담당이 개설한다.\n- 지방교육행정기관 구매카드 발급 시 법인공용카드로만 발급받도록하되,\n부득이한 경우에 교육감의 결재를 득한 후 법인개별카드를발급 받는다.\n- 법인개별(지정)카드는 관련 공무원이 국외출장 시 현지에서 공적\n용도로사용하는 경우 외에는 사용할 수 없다.\n※ 이경우지방교육행정기관구매카드서명란에개인명의로서명하여사용\n○지방교육행정기관 구매카드를 신청할 때에는 카드별로 비밀번호를부여\n하고담당공무원이 교체되는 경우에는 비밀번호를 변경하여야 한다.\n○지방교육행정기관 구매카드는 사용부서 단위(실·과 단위)별로 1개\n계좌 개설을 원칙으로 한다.\n○각종 행사 및 업무성격상 동일부서(실·과) 단위에서 부득이하게 \n지방교육행정기관 구매카드를 다수 발급할 필요가 있는 경우에는 \n그 사유를 명확히하여 회계부서의 협조를 받아 해당 부서장의 \n결재를 득한 후 추가 발급하여 사용할 수 있다.\n○지방교육행정기관 구매카드 발급 시 국외에서 사용할 필요가 있는\n경우를제외하고 국내 전용 카드로 신청 및 발급하여야 한다.
2026학년도 학교회계 예산편성 및 집행지침	356	- 356 -	- 356 -\n3. 지방교육행정기관 구매카드 보관․관리\n○지방교육행정기관 구매카드는 지출원 또는 일상경비출납원(회계관직이 없는\n경우 해당 실·과 주무담당) 책임 하에 카드분실·훼손 등의 사례가 발생하지\n않도록 엄정 관리하고, 지방교육행정기관 구매카드의 사적사용 및 \n개인카드의 업무상 사용을 금지한다.\n[사적 사용 방지]\n▪ 심야, 휴일, 관련 근무지와 무관한 지역 등 통상적 업무추진과 관련이 적은 시간과 \n장소에서는 지방교육행정기관 구매카드 사용을 원칙적으로 제한한다.\n - 다만, 심야시간 등에 예외적으로 지방교육행정기관 구매카드를 사용할 때에는 직무 \n관련성을 입증할 수 있는 객관적인 증빙자료(출장명령서 등)를 제출하여야 한다.\n  * 증빙자료 작성시에는 일시, 장소, 목적, 집행대상, 구체적인 업무내용과 사유 등을 포함하여야 한다.\n▪ 현금에 준하는 상품권 또는 고가의 선물이 사적으로 사용되지 않도록 구매 및 \n배부내역을 철저하게 관리하여야 한다.\n ※ 구입 내역, 수령인, 수령 여부 등을 지출결의서 또는 물품 수불부에 기재\n- 지방교육행정기관 구매카드를 개인적인 용도로 사용한 후 이용대금을입금\n하는 행위와 개인카드를 업무용으로 사용한 후 기관의 경비로회계 처리\n하는행위를 원칙적으로 금지한다.\n- 다만, 불가피하게 사용한 경우 사용경위 소명 후 즉시 적합한 카드로\n변경 결제한다.\n○지방교육행정기관 구매카드와 개인카드를 오인하여 잘못 사용한 경우에는\n즉시 해당 카드사(또는 가맹점)에 연락하여 이를 취소한 후 정당한 카드로\n결제하여야한다. 다만, 시간 경과 등으로 취소가 어려운 경우에는 다음과 \n같이 처리하고 그 증빙을 명백히 하여야 한다.\n- 지방교육행정기관 구매카드로 사용하여야 함에도 지방교육행정기관 구매\n카드외의 카드를 사용한 경우: 지방교육행정기관 구매카드 사용금액이 결제된\n이후 지급결의를 하고 결제가 이루어진 계좌로 이체하여 지급하여야 한다.
2026학년도 학교회계 예산편성 및 집행지침	357	○지방교육행정기관 구매카드 사용자는 공공목적으로 사용할 필요가 있는	- 357 -\n- 지방교육행정기관 구매카드 외의 카드를 사용하여야 함에도 지방교육\n행정기관 구매카드를 사용한 경우: 지방교육행정기관 구매카드대금 결제가\n이루어진 즉시 반납결의를 하고 카드 사용자에게 반납고지를 하여야 한다.\n○지방교육행정기관 구매카드를 보관하고 있는 공무원이 교체되거나직제의\n개폐 시 전‧후임공무원은 지방교육행정기관 구매카드 사용내역을 \n상호확인하고, 이 사항을 서면(내부결재 등)으로 인계인수하여 \n사용내역에 따른책임을 명확히 구분하여야 한다.\n○지방교육행정기관 구매카드 사용자는 공공목적으로 사용할 필요가 있는\n경우 반드시 관리책임자와 협의하여 집행품의 한도 내에서 사용하고 사용 후\n매출전표와 함께 관리책임자에게 즉시 반납조치 한다.\n- 다만, 신용카드매출전표를 분실한 경우 또는 기관의 회계운영 사정에\n따라 필요한 경우에는K-에듀파인에서 전자적으로 출력되는 신용카드\n사용매출전표로 증빙자료를 갈음할 수 있다.\n○지방교육행정기관 구매카드 통장에서 이자가 발생하는 경우 지출원 또는\n일상경비출납원(회계관직이 없는 경우 해당 실·과 주무담당)은 ｢지방재정법｣에\n따라 해당 실·과에서 세입부서에 직접 세입조치 한다.\n○카드분실 및 교체 시에는 해당 금융기관 및 해당 카드회사에 신속히 신고한 \n후 재발급받아 사용한다.(카드분실 및 재발급 상황도 지출원에게 즉시 통보)\n○담당공무원은 매월 1회 카드사용내역을 검색하여 분임재무관(실․과장)까지\n보고(결재)하고, 분임재무관은 이를 확인하여야 한다.
2026학년도 학교회계 예산편성 및 집행지침	358	○ 신용카드 사용 시에는 집행품의 금액 한도 내에서 신용카드를 사용하고 비목별	- 358 -\n4. 신용카드 사용절차\n○정기적으로 소액의 예산을 지출하는 경우 1개월 이하의 일정기간을 합산하여 \n1건으로 신용카드를 사용할 수 있다.\n○ 신용카드 사용 시에는 집행품의 금액 한도 내에서 신용카드를 사용하고 비목별\n예산액을 초과하여 사용하지 않도록 관리하여야 한다.\n○ 매 회계연도 경비를 신용카드로 사용할 때에는 회계연도가 끝나는 날까지 예산을\n집행하여야 한다.\n- 다만, 특별한 사유로 인해 출납폐쇄기한까지 카드를 사용한 경우에는 반드시 \n출납폐쇄기한 전에 원인행위까지 완료한 후 다음 회계연도 1월 20일까지 신용\n카드의 사용대금을 지급하도록 한다.\n○ 세출예산 집행 시 무이자 할부 등 현금분할 납부조건을 이용하여 신용카드를 \n사용할 수 있다.\n[신용카드 사용 시 회계처리 절차]\n▪ (품의) 기관에서 필요한 물품 및 재화의 생산 등에 대하여 예산 범위 내에서 \n집행대상, 집행금액 등에 대한 의사결정을 한다.\n▪ (원인행위) 가격 비교 후 지방교육행정기관 구매카드를 사용한 후 지출을 결정한다.\n▪ (지출) 신용카드 결제일이 도래하여 대금청구서 등에 의하여 지급을 결정하고 \n해당 카드의 결제 계좌에 대금을 입금한다.\n○신용카드 사용으로 발생한 카드사용 인센티브(포인트, 마일리지, 적립금 등)는\n사적으로 사용할 수 없으며 해당 기관에서 연 1회 이상 세입 조치하여야 한다.\n- 신용카드 사용에 따른 인센티브를 받기 위해 별도의 인센티브카드\n(포인트카드 등)를 발급받아야 할 경우, 지출원 또는 일상경비출납원\n(회계관직이 없는 경우 해당 실․과 주무담당) 책임 하에 발급하고 인센티브를 \n관리한다.
2026학년도 학교회계 예산편성 및 집행지침	359	- 359 -	- 359 -\n○교육감은 카드사와 이용 약정 체결 시 특별한 사유가 없는 한 신용\n카드사용에 따른 포인트의 최소 적립률을 카드사와 협의하여 정한다.\n○카드사나 금융기관 외에 대형할인점, 문구점 등에서 구매금액에따라\n적립해주는 인센티브로서 세입조치가 불가능한 경우에는 사무용품 \n등의구매나 불우이웃 돕기 등 행정 용도로 사용하여야한다.\n○신용카드 사용 후 매출전표 서명란에는 사용자의 실명을 반드시 기재한다.\n- 다만, K-에듀파인에서 전자적으로 출력되는 신용카드매출전표는 카드\n사용자로입력된 사용자 명이 출력되는 것으로 매출전표 서명을 갈음할\n수 있다.\n○신용카드 이용대금은 카드대금 결제일까지 해당 예산과목에서 실·과별\n카드이용대금 결제계좌로 입금 조치한다.\n○신용카드를 사용하여 현장에서 여러 업체의 가격비교를 한 후에거래처에서\n직접 구매하는 경우 가격이 표시된 상품소개서 및카달로그를 견적서로\n간주한다.\n○｢여신전문금융업법｣에 의한 신용카드가맹점의 경우 물품구매 또는소규모\n용역 제공 등에 대한 계약이행을 완료한 후 구매대금 지급방법으로\n신용카드를 사용할 수 있다.
2026학년도 학교회계 예산편성 및 집행지침	360	- 360 -	- 360 -\n5. 현금영수증카드의 등록 및 관리\n5-1\n 현금영수증카드의 등록\n○교육감은 국세청 현금영수증 누리집에서 사업자 회원으로 가입 후, 부서별로 \n발급되어 사용 중인 기존 신용카드를 현금영수증 발급가능 카드로 \n사용할 수 있도록 카드번호를 등록한다\n※ 국세청누리집에서각급기관의주무과회계담당자가전체카드를일괄등록하도록함.\n○현금영수증카드 사용에 대한 제한업종(클린카드)을 설정 할 수 없으나,\n유흥, 퇴폐, 향락, 사행업종과 같이 공공부문의 업무와관련성이 적은 \n업종에 대하여는 절대 사용할 수 없다.\n5-2\n 현금영수증카드 사용 절차\n[현금영수증카드 사용 시 회계처리 절차]\n▪ (품의) 예산의 범위 내에서 집행대상, 집행금액 등에 대한 의사결정을 한다.\n▪ (집행) 사용자는 집행할 금액에 대하여 품의금액 범위 내에서 거래사업자에게 부서별 신용\n카드의 현금영수증 발급기능을 사용하여 지출증빙용(소득공제용이 아님) 현금영수증 발급을 \n요청하고 발급받아 지체없이 회계담당자에게 증빙서류로 제출하고, 회계담당자는 현금영수증\n카드 사용대장(별표 2호 서식)을 정리한다.\n▪ (원인행위) 회계담당자는 현금영수증을 제출받은 날로부터 5일 이내(지출일을 포함하며, \n법정공휴일 및 토‧일요일은 제외)에 사업자의 계좌번호를 확인하여 지급을 결정한다.\n▪ (지출) 회계담당자는 해당 사업자 계좌에 대금을 입금한다.\n○ 현금영수증으로 결제한 내역은 국세청 홈텍스(http://www.hometax.go.kr/)에서\n확인할 수 있다.
2026학년도 학교회계 예산편성 및 집행지침	361	○세목별 세출예산 집행	- 361 -\n○세목별 세출예산 집행\n- 현금영수증 대금청구서에 의거 지출시 세목별 일괄지출 가능(품의는 건별)\n- 현금영수증 사용 시에는 집행품의 금액범위 한도 내에서 현금영수증을사용\n하고 세목별 예산액을 초과하여 사용하지 않도록하여야 한다.\n○현금영수증에는 사용자의 실명을 반드시 기재하도록 한다.\n○현금영수증을 발급받은 경우에는 지체 없이 회계담당자에게 증빙서류로제출\n하여야 하고 회계담당자는 현금영수증을 제출받은날로부터 5일이내에 지출을\n결정하여 해당 사업자 계좌로 입금한다.\n○｢조세특례제한법｣에 의한 현금영수증가맹점의 경우 물품구매 또는소규모용역에 \n대한 계약이행을 완료한 후 구매대금 지급방법으로 현금영수증카드를 사용\n할 수 있다.\n5-3\n 현금영수증카드 보관․관리\n○ 신용카드를 현금영수증 발급용으로 등록한 경우에는 현금영수증카드 사용\n대장(별표 제2호 서식)을 작성·비치하고 카드번호 및 비밀번호에 대하여는 \n보안을 유지하여 한다.\n○ 담당공무원은 매월 1회 현금영수증 사용내역을 검색하여 분임재무관(실·과장)\n까지 보고(결재)한다.\n○ 현금영수증에 의한 예산집행에 관하여 그 성격에 반하지 않는 한도 내에서 \n신용카드에 관한 사항을 준용한다.
2026학년도 학교회계 예산편성 및 집행지침	362	- 362 -	- 362 -\n6. 직불카드․직불전자지급수단의 사용 및 관리\n6-1\n 사용범위\n○｢지방회계법 시행령｣제41조제2항에 따른 일상경비 등으로서 교육부장관이\n정하는 직불카드ㆍ직불전자지급수단의 사용 범위는 업무추진비(230), 특근\n매식비(210-05) 및 매식비 성격으로 지급되는 경비에 한한다.\n6-2\n 발급 및 관리\n○ 분임재무관은 여러 개의 직불카드 또는 직불전자지급수단을 발급받아 소속 \n관서의 공무원으로 하여금 사용하게 할 수 있다.\n- 이 경우 직불카드 또는 직불전자지급수단을 받아 사용하는 공무원은 분임\n재무관으로 본다.\n○ 분임재무관은 카드사용자가 부서를 이동하는 등의 사유로 사용권한이 폐지된\n경우에는 지체없이 회수(직불전자지급수단의 경우에는 해당 지급수단의 해지를\n말한다)하여야 한다.\n○ 교육감은 카드사와 이용 약정 체결 시 특별한 사유가 없는 한 직불카드 사용에\n따른 포인트의 최소 적립률을 0.2%로 하여야 한다.\n6-3\n 사용 및 지급 절차\n○ 직불카드 또는 직불전자지급수단을 사용하여 지급원인행위를 한 때에는 그 \n시점에 일상경비등 출납원이 지급명령을 한 것으로 본다.
2026학년도 학교회계 예산편성 및 집행지침	363	- 지출원으로부터 교부된 일상경비등의 목별 금액과 지급한도액 이내일 것	- 363 -\n○ 분임재무관은 지급원인행위를 했을 때에는 일상경비등 출납원에게 지급원인\n행위 관계서류를 보내야 한다.\n○ 지급명령이 된 후 일상경비등 출납원은 지급명령의 요건을 모두 갖추었는지\n확인하여야 한다.\n- 지급원인행위 관계서류가 보내졌을 것\n- 지출원으로부터 교부된 일상경비등의 목별 금액과 지급한도액 이내일 것\n- 소속연도의 세출과목과 일치할 것
2026학년도 학교회계 예산편성 및 집행지침	364	- 364 -	- 364 -\n【별표 제1호 서식】\n지방교육행정기관 구매카드 발급대장\n발 급\n일 자\n발 급\n매 수\n금 융 기 관\n카드번호\n(비밀번호)\n보    관\n책 임 자\n(직·성명)\n결      재\n기관명\n통    장\n계좌번호\n담당\n팀장\n과장
2026학년도 학교회계 예산편성 및 집행지침	365	- 365 -	- 365 -\n【별표 제2호 서식】\n현금영수증카드 사용대장\n사 용\n일 시\n사    용    자\n사 용\n내 역\n결      재\n직\n성 명\n사용금액\n담당\n팀장\n과장
2026학년도 학교회계 예산편성 및 집행지침	366	- 366 -	- 366 -\n【별표 제3호 서식】\n도서구입 시 발생한 할인권·마일리지·상품권 관리대장\n발생\n일시\n구입내역\n거래처\n증감(%p, 원)\n누계\n결    재\n수입액\n사용액\n담당자\n팀장\n과장
2026학년도 학교회계 예산편성 및 집행지침	367	- 367 -	- 367 -\n7\n 공공재정환수제도 안내\n□ 공공재정지급금이란?\n□ 부정청구 유형\n□
2026학년도 학교회계 예산편성 및 집행지침	368	- 368 -	- 368 -\n부정이익의 환수\n□ 제재부가금 부과\n국민권익위원회 공공재정환수관리과(☏044-200-7642)
