doc	page	section	body
2026년도 교육공무직원 등 종합관리계획	1	교육공무직원 등 종합관리계획	2026년도\n교육공무직원 등 종합관리계획\n\n\n           2026. 1.\n\n\n         (정책국 노사정책과)
2026년도 교육공무직원 등 종합관리계획	2	차례	차        례\n\n      ·\nⅠ. 개요 ··\n       ··\n        ··\n         ··\n          ··\n           ··\n            ··\n             ··\n              ··\n               ··\n                ··\n                 ··\n                  ··\n                   ··\n                    ··\n                     ··\n                      ··\n                       ··\n                        ··\n                         ··\n                          ··\n                           ··\n                            ··\n                             ··\n                              ··\n                               ··\n                                ··\n                                 ··\n                                  ··\n                                   ··\n                                    ··\n                                     · 1\n\nⅡ. 세부 운영계획\n\n □\n 1 인사관리\n\n           ·\n 1-1. 정원관리 ··\n            ··\n             ··\n              ··\n               ··\n                ··\n                 ··\n                  ··\n                   ··\n                    ··\n                     ··\n                      ··\n                       ··\n                        ··\n                         ··\n                          ··\n                           ··\n                            ··\n                             ··\n                              ··\n                               ··\n                                ··\n                                 ··\n                                  ··\n                                   ··\n                                    ··\n                                     ··\n                                      ··\n                                       ··\n                                        ··\n                                         ··\n                                          ··\n                                           ··\n                                            ··\n                                             ··\n                                              ··\n                                               ··\n                                                ··\n                                                 ·· 3\n\n         ·\n 1-2. 전보 ··\n          ··\n           ··\n            ··\n             ··\n              ··\n               ··\n                ··\n                 ··\n                  ··\n                   ··\n                    ··\n                     ··\n                      ··\n                       ··\n                        ··\n                         ··\n                          ··\n                           ··\n                            ··\n                             ··\n                              ··\n                               ··\n                                ··\n                                 ··\n                                  ··\n                                   ··\n                                    ··\n                                     ··\n                                      ··\n                                       ··\n                                        ··\n                                         ··\n                                          ··\n                                           ··\n                                            ··\n                                             ··\n                                              ··\n                                               ··\n                                                ··\n                                                 ··\n                                                  ··\n                                                   ·· 5\n\n         ·\n 1-3. 휴직 ··\n          ··\n           ··\n            ··\n             ··\n              ··\n               ··\n                ··\n                 ··\n                  ··\n                   ··\n                    ··\n                     ··\n                      ··\n                       ··\n                        ··\n                         ··\n                          ··\n                           ··\n                            ··\n                             ··\n                              ··\n                               ··\n                                ··\n                                 ··\n                                  ··\n                                   ··\n                                    ··\n                                     ··\n                                      ··\n                                       ··\n                                        ··\n                                         ··\n                                          ··\n                                           ··\n                                            ··\n                                             ··\n                                              ··\n                                               ··\n                                                ··\n                                                 ··\n                                                  ··\n                                                   ·· 7\n\n         ·\n 1-4. 평가 ··\n          ··\n           ··\n            ··\n             ··\n              ··\n               ··\n                ··\n                 ··\n                  ··\n                   ··\n                    ··\n                     ··\n                      ··\n                       ··\n                        ··\n                         ··\n                          ··\n                           ··\n                            ··\n                             ··\n                              ··\n                               ··\n                                ··\n                                 ··\n                                  ··\n                                   ··\n                                    ··\n                                     ··\n                                      ··\n                                       ··\n                                        ··\n                                         ··\n                                          ··\n                                           ··\n                                            ··\n                                             ··\n                                              ··\n                                               ··\n                                                ··\n                                                 ··\n                                                  · 10\n\n           ·\n 1-5. 직종전환 ··\n            ··\n             ··\n              ··\n               ··\n                ··\n                 ··\n                  ··\n                   ··\n                    ··\n                     ··\n                      ··\n                       ··\n                        ··\n                         ··\n                          ··\n                           ··\n                            ··\n                             ··\n                              ··\n                               ··\n                                ··\n                                 ··\n                                  ··\n                                   ··\n                                    ··\n                                     ··\n                                      ··\n                                       ··\n                                        ··\n                                         ··\n                                          ··\n                                           ··\n                                            ··\n                                             ··\n                                              ··\n                                               ··\n                                                ·· 13\n\n         ·\n 1-6. 징계 ··\n          ··\n           ··\n            ··\n             ··\n              ··\n               ··\n                ··\n                 ··\n                  ··\n                   ··\n                    ··\n                     ··\n                      ··\n                       ··\n                        ··\n                         ··\n                          ··\n                           ··\n                            ··\n                             ··\n                              ··\n                               ··\n                                ··\n                                 ··\n                                  ··\n                                   ··\n                                    ··\n                                     ··\n                                      ··\n                                       ··\n                                        ··\n                                         ··\n                                          ··\n                                           ··\n                                            ··\n                                             ··\n                                              ··\n                                               ··\n                                                ··\n                                                 ··\n                                                  · 14\n\n              ·\n 1-7. 근로관계 종료 ··\n               ··\n                ··\n                 ··\n                  ··\n                   ··\n                    ··\n                     ··\n                      ··\n                       ··\n                        ··\n                         ··\n                          ··\n                           ··\n                            ··\n                             ··\n                              ··\n                               ··\n                                ··\n                                 ··\n                                  ··\n                                   ··\n                                    ··\n                                     ··\n                                      ··\n                                       ··\n                                        ··\n                                         ··\n                                          ··\n                                           ··\n                                            ··\n                                             ··\n                                              ··\n                                               · 15\n\n                  ·\n 1-8. 나이스 인사기록 정비 ··\n                   ··\n                    ··\n                     ··\n                      ··\n                       ··\n                        ··\n                         ··\n                          ··\n                           ··\n                            ··\n                             ··\n                              ··\n                               ··\n                                ··\n                                 ··\n                                  ··\n                                   ··\n                                    ··\n                                     ··\n                                      ··\n                                       ··\n                                        ··\n                                         ··\n                                          ··\n                                           ··\n                                            ··\n                                             · 17\n\n                    ·\n 1-9. 비정규직 채용 사전심사제 ··\n                     ··\n                      ··\n                       ··\n                        ··\n                         ··\n                          ··\n                           ··\n                            ··\n                             ··\n                              ··\n                               ··\n                                ··\n                                 ··\n                                  ··\n                                   ··\n                                    ··\n                                     ··\n                                      ··\n                                       ··\n                                        ··\n                                         ··\n                                          ··\n                                           · 18\n\n                             ·\n 1-10. 기타(겸업, 신분증, 표창, 교육훈련) ··\n                              ··\n                               ··\n                                ··\n                                 ··\n                                  ··\n                                   ··\n                                    ··\n                                     ··\n                                      ··\n                                       ··\n                                        ··\n                                         ··\n                                          ··\n                                           ··\n                                            ·· 19\n\n □\n 2 채용 및 근로계약\n\n                 ·\n 2-1. 무기계약근로자 채용 ··\n                  ··\n                   ··\n                    ··\n                     ··\n                      ··\n                       ··\n                        ··\n                         ··\n                          ··\n                           ··\n                            ··\n                             ··\n                              ··\n                               ··\n                                ··\n                                 ··\n                                  ··\n                                   ··\n                                    ··\n                                     ··\n                                      ··\n                                       ··\n                                        ··\n                                         ··\n                                          ··\n                                           ··\n                                            ·· 23\n\n                      ·\n 2-2. 기간제근로자(대체인력) 채용 ··\n                       ··\n                        ··\n                         ··\n                          ··\n                           ··\n                            ··\n                             ··\n                              ··\n                               ··\n                                ··\n                                 ··\n                                  ··\n                                   ··\n                                    ··\n                                     ··\n                                      ··\n                                       ··\n                                        ··\n                                         ··\n                                          ··\n                                           ·· 25\n                         ·\n 2-3. (대체인력이아닌)기간제근로자 채용 ··\n                          ··\n                           ··\n                            ··\n                             ··\n                              ··\n                               ··\n                                ··\n                                 ··\n                                  ··\n                                   ··\n                                    ··\n                                     ··\n                                      ··\n                                       ··\n                                        ··\n                                         · 27\n\n           ·\n 2-4. 근로계약 ··\n            ··\n             ··\n              ··\n               ··\n                ··\n                 ··\n                  ··\n                   ··\n                    ··\n                     ··\n                      ··\n                       ··\n                        ··\n                         ··\n                          ··\n                           ··\n                            ··\n                             ··\n                              ··\n                               ··\n                                ··\n                                 ··\n                                  ··\n                                   ··\n                                    ··\n                                     ··\n                                      ··\n                                       ··\n                                        ··\n                                         ··\n                                          ··\n                                           ··\n                                            ··\n                                             ··\n                                              ··\n                                               ··\n                                                ·· 29
2026년도 교육공무직원 등 종합관리계획	3	차례	□\n3 복무\n\n               ·\n     3-1. 근로시간 ··\n                ··\n                 ··\n                  ··\n                   ··\n                    ··\n                     ··\n                      ··\n                       ··\n                        ··\n                         ··\n                          ··\n                           ··\n                            ··\n                             ··\n                              ··\n                               ··\n                                ··\n                                 ··\n                                  ··\n                                   ··\n                                    ··\n                                     ··\n                                      ··\n                                       ··\n                                        ··\n                                         ··\n                                          ··\n                                           ··\n                                            ··\n                                             ··\n                                              ··\n                                               ··\n                                                ··\n                                                 ··\n                                                  ··\n                                                   ··\n                                                    ·· 30\n                   ·\n     3-2. 출장․연수․교육 ··\n                    ··\n                     ··\n                      ··\n                       ··\n                        ··\n                         ··\n                          ··\n                           ··\n                            ··\n                             ··\n                              ··\n                               ··\n                                ··\n                                 ··\n                                  ··\n                                   ··\n                                    ··\n                                     ··\n                                      ··\n                                       ··\n                                        ··\n                                         ··\n                                          ··\n                                           ··\n                                            ··\n                                             ··\n                                              ··\n                                               ··\n                                                ··\n                                                 ··\n                                                  ··\n                                                   ··\n                                                    ·· 32\n             ·\n     3-3. 휴일 ··\n              ··\n               ··\n                ··\n                 ··\n                  ··\n                   ··\n                    ··\n                     ··\n                      ··\n                       ··\n                        ··\n                         ··\n                          ··\n                           ··\n                            ··\n                             ··\n                              ··\n                               ··\n                                ··\n                                 ··\n                                  ··\n                                   ··\n                                    ··\n                                     ··\n                                      ··\n                                       ··\n                                        ··\n                                         ··\n                                          ··\n                                           ··\n                                            ··\n                                             ··\n                                              ··\n                                               ··\n                                                ··\n                                                 ··\n                                                  ··\n                                                   ··\n                                                    ··\n                                                     ··\n                                                      · 34\n             ·\n     3-4. 휴가 ··\n              ··\n               ··\n                ··\n                 ··\n                  ··\n                   ··\n                    ··\n                     ··\n                      ··\n                       ··\n                        ··\n                         ··\n                          ··\n                           ··\n                            ··\n                             ··\n                              ··\n                               ··\n                                ··\n                                 ··\n                                  ··\n                                   ··\n                                    ··\n                                     ··\n                                      ··\n                                       ··\n                                        ··\n                                         ··\n                                          ··\n                                           ··\n                                            ··\n                                             ··\n                                              ··\n                                               ··\n                                                ··\n                                                 ··\n                                                  ··\n                                                   ··\n                                                    ··\n                                                     ··\n                                                      · 36\n                 ·\n     3-5. 모성보호제도 ··\n                  ··\n                   ··\n                    ··\n                     ··\n                      ··\n                       ··\n                        ··\n                         ··\n                          ··\n                           ··\n                            ··\n                             ··\n                              ··\n                               ··\n                                ··\n                                 ··\n                                  ··\n                                   ··\n                                    ··\n                                     ··\n                                      ··\n                                       ··\n                                        ··\n                                         ··\n                                          ··\n                                           ··\n                                            ··\n                                             ··\n                                              ··\n                                               ··\n                                                ··\n                                                 ··\n                                                  ··\n                                                   · 41\n\n    □\n    4 임금\n\n                     ·\n     4-1. 보수체계(지급기준) ··\n                      ··\n                       ··\n                        ··\n                         ··\n                          ··\n                           ··\n                            ··\n                             ··\n                              ··\n                               ··\n                                ··\n                                 ··\n                                  ··\n                                   ··\n                                    ··\n                                     ··\n                                      ··\n                                       ··\n                                        ··\n                                         ··\n                                          ··\n                                           ··\n                                            ··\n                                             ··\n                                              ··\n                                               ··\n                                                ··\n                                                 ··\n                                                  ·· 43\n                     ·\n     4-2. 4대 사회보험 관리 ··\n                      ··\n                       ··\n                        ··\n                         ··\n                          ··\n                           ··\n                            ··\n                             ··\n                              ··\n                               ··\n                                ··\n                                 ··\n                                  ··\n                                   ··\n                                    ··\n                                     ··\n                                      ··\n                                       ··\n                                        ··\n                                         ··\n                                          ··\n                                           ··\n                                            ··\n                                             ··\n                                              ··\n                                               ··\n                                                ··\n                                                 ··\n                                                  ·· 45\n                 ·\n     4-3. 퇴직급여제도 ··\n                  ··\n                   ··\n                    ··\n                     ··\n                      ··\n                       ··\n                        ··\n                         ··\n                          ··\n                           ··\n                            ··\n                             ··\n                              ··\n                               ··\n                                ··\n                                 ··\n                                  ··\n                                   ··\n                                    ··\n                                     ··\n                                      ··\n                                       ··\n                                        ··\n                                         ··\n                                          ··\n                                           ··\n                                            ··\n                                             ··\n                                              ··\n                                               ··\n                                                ··\n                                                 ··\n                                                  ··\n                                                   · 48\n                       ·\n     4-4. 월별 급여 확인사항 등 ··\n                        ··\n                         ··\n                          ··\n                           ··\n                            ··\n                             ··\n                              ··\n                               ··\n                                ··\n                                 ··\n                                  ··\n                                   ··\n                                    ··\n                                     ··\n                                      ··\n                                       ··\n                                        ··\n                                         ··\n                                          ··\n                                           ··\n                                            ··\n                                             ··\n                                              ··\n                                               ··\n                                                ··\n                                                 · 50\n\n◈ 별도 붙임(p53∼p170)\n\n▪ (서식1~3) 표준근로계약서(상시근로자,방중비근무자,단시간근로자) ·························                                                                     53\n\n▪ (서식4~6) 표준근로계약서(대체인력(30일이상)-상시근로자,방중비근무자,단시간근로자) 62\n\n▪ (서식7) 표준근로계약서(대체인력(30일미만)-일용근로자) ·············································                                                     71\n\n▪ (서식8) 휴직원 ······················································································································   74\n\n▪ (서식9) 휴직 서약서 ············································································································          75\n\n▪ (서식10) 복직원 ····················································································································    76\n\n▪ (서식11) 사직원 ····················································································································    77\n\n▪ (서식12) 육아기 근로시간 단축 신청서 ··········································································                                  78\n\n▪ (서식13) 휴직연장원 ············································································································          79\n\n▪ (서식14) 겸업허가 신청서 ··································································································                 80\n\n▪ (참고1) 세종특별자치시교육청 교육공무직원 취업규칙 ··············································                                                        81\n\n▪ (참고2) 세종특별자치시교육청 특수운영직군 종사자 취업규칙 ································ 110\n\n▪ (참고3) 세종특별자치시교육청-전국학교비정규직노동조합 2025년 단체협약 ········ 134
2026년도 교육공무직원 등 종합관리계획	1	Ⅰ 개 요	2026년도 교육공무직원 등 종합관리계획\n\n교육공무직원 인사운영의 기본방향, 기준 및 시기 등을 포함한 종합관리계획을 미리\n안내하여 인사관리의 공정성을 확보하고 합리적인 인사운영을 도모하고자 함\n\nⅠ   개    요\n□ 추진근거\n◦ 「세종특별자치시교육감 소속 교육공무직원의 채용 및 관리 조례」 제 조            4\n\n\n 제4조(관리계획 수립) ① 교육감은 교육공무직원의 안정적인 근로여건 조성과 효율적인 관리를 위\n  하여 매년 각급 교육기관의 교육공무직원의 직종별 정원, 배치기준, 임금 등 근로조건에 대한 종\n  합적인 관리계획을 수립·시행하여야 한다.\n  ② 총괄부서에서는 제1항의 관리계획의 수립·시행에 관한 업무를 총괄한다.\n  ③ 사업부서에서는 제1항의 관리계획에 따라 담당 사업과 관련된 교육공무직원의 정원, 배치기준\n  에 대한 계획을 수립하고 사업 실정에 맞는 구체적인 업무분장, 임금지급 등에 대한 운영계획을\n  수립하여 시행하여야 한다.\n  ④ 사업부서에서 제3항에 따른 계획 수립시 총괄부서 및 예산부서와 사전협의를 거쳐야 하며,\n  협의 없이 정원을 증원 또는 감원하여서는 아니 된다.\n  ⑤ 운영부서에서는 제1항 및 제3항에 따라 교육공무직원의 인사·노무 등을 관리하여야 한다.\n□ 추진목적\n◦ 인사관리의 공정성을 확보하고 신뢰받는 인사행정 구현\n◦ 체계적인 인력관리 및 인력 운영 합리성 제고\n□ 관련근거\n◦ 세종특별자치시교육감 소속 교육공무직원의 채용 및 관리 조례\n◦ 세종특별자치시교육감 소속 교육공무직원의 채용 및 관리 조례 시행규칙\n◦ 세종특별자치시교육감 소속 교육공무직원 전보관리 규정\n◦ 세종특별자치시교육감 소속 교육공무직원 정원 관리 규정\n◦ 세종특별자치시교육감 소속 교육공무직원 공정채용 지침\n                         - 1 -
2026년도 교육공무직원 등 종합관리계획	2	Ⅰ. 개요	◦ 세종특별자치시교육청 교육공무직원 취업규칙\n◦ 세종특별자치시교육청 특수운영직군 종사자 취업규칙\n◦ 세종특별자치시교육청ㅡ전국학교비정규직노동조합 단체협약 이하 단체협약                 (       “   ”)\n\n\n◦ 세종특별자치시교육청ㅡ전국학교비정규직노동조합 임금협약 이하 임금협약                 (       “   ”)\n\n\n□ 대상\n◦ 적용대상 교육공무직원 및 특수운영직군 종사자\n           :\n\n\n◦ 적용제외\n  -   근로자가 아닌 자(자원봉사자, 프로그램 위 수탁운영자 등) ․\n  -   교육감 소속이 아닌 근로자(파견, BTL 소속 근로자 등)\n  -   적용받는 법령이 다른 자(기간제교사, 강사 등)\n  -   부서에서 비정규직 사전심사제 등을 통하여 채용한 교육공무직원,\n      특수운영직군 종사자가 아닌 일시 간헐적 기간제근로자 ․\n      ※ 단, 비정규직사전심사제는 [1-9] 참고, 채용 절차는 [2-2] 참고\n□ 용어 설명\n◦ 교육공무직원 세종특별자치시교육감 소속 근로계약을 체결한\n                   :\n\n\n  ｢세종특별자치시교육감 소속 교육공무직원의 채용 및 관리 조례\n  시행규칙｣ 별표 에 명시되어 있는 직종1\n\n\n◦ 특수운영직군 세종특별자치시교육감 소속 근로계약을 체결한 당직원\n               :                                                    ,\n\n\n  시설관리원, 환경실무사, 기숙사 사감, 주간 경비원\n◦ 총괄부서 세종특별자치시교육청의 소관부서 노사정책과\n           :                               (       )\n\n\n◦ 사업부서 해당 부서의 사업과 관련된 교육공무직원의 정원 배치기준 업무분장\n           :                                   ,           ,        ,\n\n\n  임금지급 등에 관한 구체적인 운영 계획을 수립하고 시행하는 본청의 소관부서\n◦ 운영부서 교육공무직원의 업무와 복무를 지휘하고 관리하는\n           :\n\n\n  본청 담당부서, 직속기관, 공립학교\n\n\n                           - 2 -
2026년도 교육공무직원 등 종합관리계획	3	Ⅱ 세부운영계획	Ⅱ        세부운영계획\n\n□\n1 인사관리\n\n\n1-1. 정원관리\n\n (원칙) 정원에 반영되지 않은 교육공무직원을 채용할 수 없음\n\n\n◦ 목적\n    -   교육공무직원 및 특수운영직군 종사자의 효율적인 인력 운영을\n        위한 정원 책정 및 관리\n\n◦ 근거\n  「세종특별자치시교육감 소속 교육공무직원 채용 및 관리 조례」제 조\n    -                                                          9\n\n\n  「세종특별자치시교육감 소속 교육공무직원 채용 및 관리 조례 시행규칙」제 조\n    -                                                                  3\n\n\n  「세종특별자치시교육감 소속 교육공무직원 정원 관리 규정」\n    -\n\n\n  「세종특별자치시교육청 특수운영직군 종사자 취업규칙」제 조\n    -                                                    17\n\n\n◦ 정원관리 직종 ｢세종특별자치시교육감 소속 교육공무직원 채용 및 관리 조례 시행규칙｣ 별표\n                    (                                              [   1])\n\n\n    순         직 종         사업부서           순        직 종         사업부서\n    1       교무실무사                        20    초등돌봄전담사\n    2       학습상담사        학교정책과           21     교육복지사\n    3    발명교육센터수업보조                      22      영양사\n                                                          교육복지과\n             전문상담사          학교정책과\n    4                                    23      조리사\n         (임상심리사, 사회복지사 포함) 유초등교육과\n    5     특수교육실무사                        24      조리실무사\n    6        사서                          25       간호사       학교안전과\n    7    특수학교돌봄전담사                       26   사무행정실무원(월급제)\n                        유초등교육과                              노사정책과\n    8     도서시스템운영원                       27   사무행정실무원(호봉제)\n    9      언어재활사                         28    자료실운영지원사 평생교육학습관\n    10   수학여행코디네이터                       29     수상안전요원\n                        유초등교육과                             학교지원본부\n    11     취업지원실무사                       30    수영장회원관리원\n                         중등교육과\n\n\n                                 - 3 -
2026년도 교육공무직원 등 종합관리계획	4	1-1. 정원관리	순               직 종        사업부서           순         직 종          사업부서\n 12        국제교육코디네이터\n                                           31     수영장운영관리원       학교지원본부\n 13         학교운동부지도자    중등교육과\n 14       독도전시관 운영실무사                      32   환경실무사(특수운영직군)     학교안전과\n 15         학부모지원컨설턴트   교원인사과              33    당직원(특수운영직군)      운영지원과\n 16         통학차량안전요원                       34   시설관리원(특수운영직군)    학교지원본부\n                        재무행정과\n 17       특수학교차량안전요원                       35   기숙사 사감(특수운영직군)    중등교육과\n 18       방과후학교운영실무원                       36   주간경비원(특수운영직군)     운영지원과\n                        교육복지과\n 19       교육복지프로젝트조정자\n\n◦ 일반원칙\n -    교육공무직원은 정원에 반영되지 않은 경우 채용이 불가능함\n      (   대체인력도 채용 불가능)\n\n -   사업부서에서 정원을 요청할 때에는 사업계획, 업무량, 근로조건,\n     재원확보 등을 종합적으로 검토해야 함\n\n -   직종 신설 및 폐지, 정원기준 변경, 정원 인원 조정 등이 필요할\n     경우 인력관리심의위원회 심의를 받아 조정해야 함\n\n -           ·\n     한시적 기간제 인력 채용 시 기간과 인원을 정하여 인력관리위원회에\n     비정규직 사전심사를 승인 받아야 함                         (세부내역 [1-9] 참고)\n◦ 정원 책정 조정 절차    ·\n\n          사업부서 요청       ▶      총괄부서 심의               ▶         정원 반영\n\n ‣ 직종 신설 및 폐지               ‣ 인력관리심의위원회 심의               ‣ 심의결과에 따라 정원,\n ‣ 정원기준 변경                  ‣ 인력운용의 필요성,                   직종, 기준, 인원 반영\n\n ‣ 정원 인원 조정                   타당성, 적정성 등을                ‣ 관련 규정 개정\n                              검토하여 반영 여부 심의\n\n     ※ 사업부서, 총괄부서의 기능은 채용 시행규칙 제3조에 따름\n▸ 교육공무직원 인력관리심의위원회\n     - (목     적) 교육공무직원의 정원 책정과 관리를 하기 위함\n     - (설치근거) 「세종특별자치시교육감 소속 교육공무직원 정원 관리 규정」 제3조\n     - (구  성) 위원장 포함 9명의 당연직 위원으로 구성\n     - (심의사항) 정원 관리, 각종 신설 및 변경·통합, 그 밖에 교육감이 심의·요구하는 사항\n\n\n                                   - 4 -
2026년도 교육공무직원 등 종합관리계획	5	1-2. 전보	1-2. 전보\n\n◦ 목적\n -   인력의 효율적 운영 및 순환 전보를 위한 정기전보 운영\n◦ 근거\n -「세종특별자치시교육감 소속 교육공무직원 채용 및 관리 조례」제 조                  8\n\n\n -「세종특별자치시교육감 소속 교육공무직원 채용 및 관리 조례 시행규칙」제 조                 9\n\n\n -「세종특별자치시교육감 소속 교육공무직원 전보관리 규정」\n -「세종특별자치시교육청 특수운영직군 종사자 취업규칙」제 조                  20\n\n\n◦ 전보대상 및 전보시기\n                          대 상                           시 기\n 교육공무직원(무기계약근로자) 중\n  ① 같은 기관(부서)에서 5년 이상 계속 근무한 근로자                         매년\n  ② 1년 이상 근무한 근로자 중 전보 희망자                              3월, 9월\n  ※ 시설관리원(특수운영직군)의 경우 과원 및 희망자에 한해 전보내신서 제출 가능\n\n\n -   전보제외 대상자: 운영부서장 채용권한 위임 직종\n ▸ 「세종특별자치시교육감 소속 교육공무직원 채용 및 관리 조례 시행규칙」 [별표2] 운영\n   부서에서 채용하는 교육공무직원의 직종\n ▸ 특수운영직군 종사자 중 환경실무사, 당직원, 기숙사 사감, 주간경비원\n ※ 단, 기관 운영에 따른 과원, 결원 등이 발생한 경우 사업부서와 협의 후 전보 가능\n\n\n◦ 전보방법\n -   전보점수제에 따라 근로자 근무희망지를 고려하여 전보\n ▸ 전보점수제 시행\n     - (목적) 교육공무직원 인사운영의 공정성 및 신뢰성 확보를 위한 전보기준 마련\n     - (대상) 「세종특별자치시교육감 소속 교육공무직원 채용 및 관리 조례 시행규칙」\n           [별표1] 31개 직종 중 전보가능기관이 2개 이상인 12개 직종*\n     - (내용) 경력, 우대, 직종특성으로 구분하여 산정, 일부 직종은 직종특성 미반영,\n           기피근무기관 해소를 위한 직종특성 가점 반영\n     * 교무실무사, 사서, 영양사, 사무행정실무원(월급제, 호봉제), 초등돌봄전담사, 간호사, 조리사,\n       조리실무사, 특수교육실무사, 교육복지사, 전문상담사\n\n\n                             - 5 -
2026년도 교육공무직원 등 종합관리계획	6	1-2. 전보	-   전보점수제를 미반영하는 직종의 경우 다음 사항을 종합적으로\n     고려하여 전보\n     ▸ 근무희망기관(부서 포함) 또는 생활근거지, 과원학교(기관) 근무자\n     ▸ 근무경력, 자격 및 능력, 근무성적평가 등\n     ▸ 장애가 있는 근로자는 신체조건, 특기,적성 등\n     ※ 3인 이상 자녀(최소 1명 이상이 만12세 이하인 경우에 한함) 근로자 우대\n\n -                             ·\n     자녀상피제 적용 : 전보 시 중 고등학생 자녀 재학중인 기관(학교) 전보 제외\n\n◦ 전보유예\n -   같은 기관(부서) 5년 이상 계속근로자의 정년퇴직, 임신 출산,                       ·\n     기관 운영상 부득이한 사유가 있는 경우 전보유예 신청 가능\n\n                             유예신청기준                          승인방법\n\n ▸정년퇴직 잔여기간이 2년 이하인 근로자(2년 이내)\n ▸임신 중이거나 출산 후 1년 미만인 근로자(1년 이내)          인사고충\n ▸해당 기관에 근무를 희망하는 근로자가 없는 경우(1년 이내)       심사협의회\n ▸운영부서의 장이 기관 운영상 부득이한 사유로 해당 근로자의 동의를 받아 에서 심사\n     전보유예를 신청하는 경우(1년 이내)\n\n\n -   유예 신청 및 승인 절차\n       유예신청서 제출          ▶    인사고충심사협의회         ▶      심사결과 안내\n\n ‣ 전보관리 규정 제5조               ‣ 전보유예 등 고충사항에         ‣ 유예 심사 결과 안내\n   제1항에 해당하는 경우                대해 평가                ‣ 유예 미승인 시\n   전보유예 신청서 제출               ‣ 본청 및 학교 심사자 구성         전보내신서 추가 제출\n\n\n     ※ 유예 심사 결과를 정기 전보에 반영(유예 또는 전보)\n     ▸ 인사고충심사협의회 운영\n       - (목적) 전보유예 등 고충사항에 대한 심사\n       - (구성) 심사자 5~6명\n       - (심사내용) 인사고충 정도에 따른 평가(전보유예 및 전보의 필요성 및 타당성)\n     ※ 고충 심사 결과에 따라 유예 또는 전보\n\n\n                                   - 6 -
2026년도 교육공무직원 등 종합관리계획	7	1-3. 휴직	1-3. 휴직\n\n◦ 휴직 종류별 사유 및 기간\n 구분       근거          휴직기간          경력인정         임금              대상/요건\n\n                                    자녀당\n                     자녀당 3년          최초                 ‣계속근로기간 6개월 이상인 근로자\n                                                 무급\n                    (3회에 한정하여\n 육아 단체협약 제88조                        1년      (단, 최초     ‣만8세 이하 또는 초등학교 2학년\n                     분할사용 가능)\n 휴직 남녀고용평등법 제19조 (특수운영직군 1년, (단, 셋째 1년간 맞춤형             이하의 자녀를 둔 남녀 근로자 및\n                                    이후부터 복지비 지급)\n                     1회 분할 사용 가능)   3년 근속\n                                                        임신한 여성근로자\n                                    포함)\n                                                 무급\n                        요양                              ‣산업재해보상보험법상의 업무상\n 산재                                        (단, 1년 범위내\n    단체협약 제39,40조 요양승인기간 승인                 휴업급여와 임금      부상, 질병으로 요양을 필요로\n 휴직                                         차액 보전,\n                        기간                               하는 근로자\n                                           맞춤형복지비 지급)\n                     1년 범위 내\n                      진단서 상\n                       요양기간                             ‣업무외 부상, 질병으로 14일 이상의\n 질병\n    단체협약 제39,40조    (1회에 한하여 1년의     X           무급      장기요양이 필요한 근로자(진단서\n 휴직                 범위에서 연장 가능)\n                                                         필수)\n                    (분할사용가능, 1회\n                    사용시 14일 이상)\n                    (특수운영직군 3개월)\n                    연간 최대                               ‣계속근로기간 6개월 이상인 근로자\n 가족                   90일\n    단체협약 제39,40조               휴직                       ‣(조)부모,배우자,(손)자녀 또는 배우자의\n 돌봄               (분할사용 가능, 1회                   무급\n    남녀고용평등법 제22조2              기간                        부모의 질병,사고,노령으로 돌보기\n 휴직               사용 시 30일 이상)\n                  (특수운영직군 90일)                          위한 근로자\n\n 병역                                                     ‣병역법에 따라 징집 또는 소집\n    단체협약 제39,40조      복무기간           X           무급\n 휴직                                                      명령을 받은 근로자\n 노조\n        단체협약                        전임                  ‣노동조합의 전임자로 종사하는\n 전임                   전임기간                       무급\n        제9,39,40조                   기간                  근로자\n 휴직\n 공(公)\n                      예비후보\n  의\n                  등록일부터             휴직                  ‣공직선거법에 따른 공직선거에\n직무 단체협약 제9,39,40조                                무급\n                  당선에 따른            기간                   출마 또는 공직에 취임하는 근로자\n수행\n                    임기\n휴직\n배우                2년 이내,\n                                    휴직                  ‣외국에서 근무,유학 또는 연수하는\n자동반 단체협약 제39,40조 1년 범위내                          무급\n                                    기간                   배우자를 동반하는 근로자\n휴직                연장 가능\n ※ 공(公)의 직무수행 휴직 및 배우자 해외동반휴직: 교육공무직원만 해당\n\n\n                                         - 7 -
2026년도 교육공무직원 등 종합관리계획	8	1-3. 휴직	▸ 남녀고용평등과 일ㆍ가정 양립 지원에 관한 법률」에 따라 ① 같은 자녀를 대상으로 부모가\n 모두 육아휴직을 각각 3개월 이상 사용한 경우의 부 또는 모 ② 「한부모가족지원법」\n 제4조 제1호의 부 또는 모 ③ 고용노동부령으로 정하는 장애아동의 부 또는 모에 해당\n 하는 경우 6개월을 추가로 사용할 수 있으며 이 기간은 근속기간에 포함\n(예) 2)에 해당하는 근로자가 육아휴직 3년을 전부 사용했더라도 6개월 추가 사용 가능\n(예) 2)에 해당하는 근로자가 육아휴직을 1년 사용한 경우 6개월을 추가 사용할 수 있으나 최대 육아\n   휴직 기간은 3년을 초과할 수 없음\n※ 해당 증빙 서류를 휴직 신청 시 함께 제출\n\n\n◦ 휴직 종류별 제출 증빙 서류   (    )\n\n                              가족                    노조   배우자\n 육아휴직     산재휴직     질병휴직                병역휴직\n                             돌봄휴직              전임휴직      동반휴직\n‣휴직원     ‣휴직원  ‣휴직원     ‣휴직원     ‣휴직원   ‣휴직원    ‣휴직원\n‣가족관계증명서 ‣근로복지 ‣기간이 명시된 ‣가족관계증명서 ‣입영통지서 ‣노조전임관련 ‣배우자의외국\n 또는 주민등 공단요양 진단서(또는 ‣가족건강상태 또는 소집 문서(공문)         근무,유학,\n 록등본(자녀 결정통지서 소견서)       증빙서류     통지서            연수관계서류\n 여부포함)                                          ‣항공권예약\n                                                 내역\n ※ 휴복직 신청서류 서식: 별도 붙임 참고(서식8~10, p.74~76)\n\n\n◦ 산업재해 발생 시 복무 처리 방법\n          요양 승인 전                          요양 승인 후\n                                       산재휴직원 작성 및 공문 제출\n    유급(무급)병가 또는 질병휴직\n                                      (기한이 지났더라도 휴직원 제출)\n  ※ 근로복지공단 산재 승인 후 기존 복무(병가 및 질병휴직 등)는 상신 취소, 산재승인기간에\n    대해 산재휴직 처리(유급병가 시 기 지급한 임금과 근로복지공단 급여 비교하여 환수)\n\n\n                              - 8 -
2026년도 교육공무직원 등 종합관리계획	9	1-3. 휴직	◦ 휴 복 직원 제출 시 유의사항\n      (    )\n\n\n  -   신분변동예정일 30일 전까지 관련 서류 첨부하여 공문으로 신청\n\n  -   휴직사유가 소멸되었을 때에는 10일 이내 복직원 제출    *\n\n\n      * 휴직사유가 소멸되었음에도 불구하고 10일 이내 복직원 미제출 시 근로\n        계약 해지 근로관계 종료 참고\n               ([1-7   ]           )\n\n\n  -       질병휴직 또는 산재휴직에 해당하는 휴직자는 복직시에 정상적인\n          업무수행이 가능하다는 의사의 진단서(또는 소견서)를 함께 제출\n  -       휴직기간은 휴직의 목적에 맞게 사용하는 것이 원칙, 휴직 중\n      다른 업무에 종사할 수 없음\n  -   휴직 중 부득이한 사유가 발생하여 휴직 기간을 연장하고자 하는 경우\n      에는 기존 휴직 만료 예정일의 30일 전까지 휴직연장원을 제출\n\n\n                           - 9 -
2026년도 교육공무직원 등 종합관리계획	10	1-4. 평가	1-4. 평가\n\n□ 근무성적 평정\n◦ 근거\n -「세종특별자치시교육감 소속 교육공무직원의 채용 및 관리 조례 시행규칙」제10조\n -「세종특별자치시교육청 교육공무직원 취업규칙」제49조\n -「세종특별자치시교육청 특수운영직군 종사자 취업규칙」제18조\n -「세종특별자치시교육청 장애인 일자리사업 근로자 관리지침」제16조\n◦ 평가 기간\n -   본청 및 직속기관, 학교: 매년 2월 말, 8월 말 기준\n\n◦ 대상\n                                         평가자\n       평가대상자\n                     구분            교육청         직속      학교\n\n ․ 교육공무직원            평가자           부서팀장        부서장   교감/행정실장\n ․ 특수운영직군 종사자\n ․ 장애인일자리사업근로자       확인자           부서장         기관장    학교장\n\n\n -   평가 제외자\n\n ▸교육공무직원(취업규칙 제49조 제2항, 채용 및 관리 조례 시행규칙 제10조 제2항)\n  - 근무성적 평가 대상 기간 중 실제 근무한 기간이 3개월 미만인 사람\n  - 1년 미만의 기간제 근로자로 채용된 사람 및 휴직,결원에 따른 대체인력\n  - 1주 동안의 소정근로시간이 15시간 미만의 단시간근로자\n ▸특수운영직군 종사자(취업규칙 제18조 제2항)\n  - 근무성적 평가 대상 기간 중 실제 근무한 기간이 3개월 미만인 사람\n  - 1년 미만의 기간제 근로자로 채용된 사람 및 휴직,결원에 따른 대체인력\n ▸장애인 일자리사업 근로자(장애인 일자리사업 근로자 관리지침 제16조)\n  - 근무성적 평가 대상 기간 중 실제 근무한 기간이 3개월 미만인 사람\n  - 휴직·결원에 따른 대체인력\n\n\n                          - 10 -
2026년도 교육공무직원 등 종합관리계획	11	1-4. 평가	◦ 평가 방법\n -   평가 내용 및 등급\n     ‣ 근무성적 직무수행능력 직무수행태도 평가\n                ,                      ,\n\n\n     ‣ 단계 탁월 우수 보통 미흡 불량\n       5    (       ,        ,     ,            ,     )\n\n\n                평정 등급                                     종합 평정 점수\n\n                        탁월                                86점 이상 100점\n                        우수                                71점 이상 85점\n                        보통                                56점 이상 70점\n                        미흡                                41점 이상 55점\n                        불량                                  40점 이하\n\n\n◦ 평가 절차\n      운영부서의\n      자체평가계획                 평가 실시                  평가 결과 집계      평가 결과 제출\n        수립\n     ‣평가기준,평가대상,    ‣ 근무성적 평정표 작성  ‣근무성적 평가                       총괄부서로 자료\n      평가일정,평가방법 등 ▶ - 피평가자 : 업무추진 ▶ 집계표 작성     ▶                  제출\n      운영에 관한 사항       실적(업무성과) 작성  ‣근무성적 평가 제외\n                         - 평정자 및 확인자 : 평가           대상자 명부 작성\n                           요소별 평가(평정자 50%,\n                           확인자 50%)\n\n\n◦ 행정 사항\n -   근무성적평가 자료는 교육공무직원, 특수운영직군 근로자의 인사\n     관리에 반영될 수 있으므로,\n\n     ‣ 운영부서에서 공정하고 객관적인 기준과 근거에 의해 실시\n     ‣ 관련 자료 제출시 보안(대내, 대외)에 주의\n\n\n                                           - 11 -
2026년도 교육공무직원 등 종합관리계획	12	1-4. 평가	□ 업무적격성 평가\n◦ 목적\n -   신규 채용된 교육공무직원 및 특수운영직군 종사자의 직장 적응\n     기간 부여 및 직무역량 함양을 위함\n\n◦ 근거\n -「세종특별자치시교육청 교육공무직원 취업규칙」제 조                           9\n\n\n -「세종특별자치시교육청 특수운영직군 종사자 취업규칙」제 조                             10\n\n\n◦ 평가 절차\n       운영부서                      총괄부서                  운영부서\n\n ‣ 평가계획 수립                  ‣ 평가 결과 보고            ‣ 평가 기준 미달 근로자에게\n                        ▶                     ▶\n ‣ 평가단 구성 및 평가 실시           ‣ 평가 기준 미달 근로자에         인사위원회 결과 통보\n\n ‣ 평가제출(수습기간* 종료 2주전)         대한 인사위원회 개최\n *수습기간: 최초 근무일로부터 3개월\n\n\n◦ 평가 내용\n       대상                    평가기간                     기준\n                                          60점 이상: 적격\n    신규 채용    최초 최초 근무일부터 3개월\n                                          60점 미만: 재평가\n  교육공무직원 및\n 특수운영직군 종사자 재평가 추가 3개월                    60점 이상: 적격\n                                          60점 미만: 근로관계 해지\n\n※(평가 제외 대상) 9개월 미만 기간제근로자, 결원 대체 근로자\n\n\n                                - 12 -
2026년도 교육공무직원 등 종합관리계획	13	1-5. 직종전환	1-5. 직종전환\n\n◦ 추진 근거 및 배경\n -「세종특별자치시교육감 소속 교육공무직원의 채용 및 관리 조례 시행규칙」제3조\n -   교육공무직원 개인의 직무 능률성과 전문성을 높이고 교육환경\n     변화에 신축적으로 대응할 수 있는 인사 운영\n\n◦ 기본 원칙\n -   정원 변동, 학교통폐합, 사업폐지 등의 경우 대상 직종 중 근로자\n     동의(협의) 또는 채용 절차를 거쳐 제한적으로 직종 전환 허용\n     ※ 총괄부서 및 사업부서와 사전 협의 필요\n -   안정적이고 효율적인 급식 인력 배치를 위하여 조리사의 경우 신규 채용을\n     하지 않고 경력있고 우수한 조리실무사의 직종전환을 통해 선발\n\n◦ 조리실무사 → 조리사 직종전환 실시\n -   전환 시기 : 정기 전보 시(3월1일, 9월1일)\n\n -   응시 요건 : 조리실무사 3년 이상 경력자 중 조리기능사 이상 자격\n     보유자\n     ※ 세종교육청 소속 관내 학교(유치원 포함) 및 기관에서 3년 이상 교육공무\n       직원 조리실무사로 근무한 경력\n -   응시 자격 : 아래 자격증 중 1개 이상 소지자\n\n                        <인정 자격 종류>\n     (기능사) 한식, 중식, 일식, 양식   (산업기사) 한식, 중식, 일식, 양식\n     (기능장) 조리, 제과\n\n\n -   평가 방법 : 근무성적평가, 다면평가, 근무경력평가, 자격평가, 포상,\n     감점을 합산한 평가점수 고득점자 순(세부사항은 별도 시행계획 공문 참고)\n\n\n                            - 13 -
2026년도 교육공무직원 등 종합관리계획	14	1-6. 징계	1-6. 징계\n\n\n(정의) 근로자의 부정이나 부당한 행위에 대하여 부과하는 불이익한 처분\n\n\n◦ 근거\n -「세종특별자치시교육청 교육공무직원 취업규칙」제 조부터 제 조            45         48\n\n\n -「세종특별자치시교육청 특수운영직군 종사자 취업규칙」제 조부터 제 조             51           54\n\n\n◦ 징계절차\n     징계요청     ▶   징계 심의‧의결 ▶ 징계 의결 통보 ▶             징계 집행\n\n ‣ 징계사유 발생        ‣ 교육공무직원        ‣ 교육공무직원    ‣ 징계의결서 받은 날로부터\n   시 사업부서 및         인사위원회 개최        인사위원회       15일 이내 집행\n   운영부서장이         ‣ 징계혐의자           → 총괄부서장   ‣ 징계의결서 및 처분 사유\n   징계의결요구           출석‧진술                       설명서 교부 (총괄부서장\n                                                →징계대상자)\n\n\n -   징계 종류\n     종류                                 내용\n     해고     근로계약 해지\n\n            1개월 이상 3개월 이하의 기간, 신분은 유지하나 직무에 종사하지 못하며,\n     정직\n            임금은 지급하지 아니함\n\n            1개월 이상 3개월 이하의 기간, 1회 감액이 평균임금 1일분의 2분의 1을,\n     감봉\n            감봉 총액은 1임금 지급기 임금 총액의 10분의 1을 초과하지 못함\n\n     견책     과실에 대하여 서면 결과 통보\n\n\n -   징계 기준 :   「세종특별자치시교육청 교육공무직원 취업규칙」 별표          [    1], [ 별표 2]\n\n ▸ 교육공무직원 인사위원회\n     - (목적) 교육공무직원 인사관리에 공정을 기하기 위함\n     - (설치 근거) 「세종특별자치시교육감 소속 교육공무직원의 채용 및 관리 조례 시행규칙」 제11조\n     - (구성) 위원장 포함 5명 이상 7명 이하의 위원으로 구성\n     - (기능) 교육공무직원의 해고, 징계, 그 밖에 인사관리와 관련하여 위원장이 요구하는 사항\n\n\n                               - 14 -
2026년도 교육공무직원 등 종합관리계획	15	1-7. 근로관계 종료	1-7. 근로관계 종료\n\n ◦ 무기계약근로자의 정년\n             구분                                       내용\n             정년                    ‣ 만60세(다만, 환경실무사 및 당직원의 정년은 만65세)\n\n  정년도달일 별         3월~8월            ‣ 당해연도 9월 1일\n  퇴직일(학교)       9월~다음년도 2월 ‣ 다음연도 3월 1일\n  정년도달일 별         1월~6월            ‣ 당해연도 7월 1일\n 퇴직일(본청,직속기관)     7월~12월           ‣ 다음연도 1월 1일\n\n\n ◦ 퇴직일\n            구분                                        퇴직일\n                                   ‣ 사직원에 명시된 퇴직일자 (희망 퇴직일 30일\n 퇴직일을 명시하여 사직원을 제출한                  이전에 사직원 제출)\n            경우                     ‣ 퇴직일은 마지막 근무 일의 다음날*\n                                    * 다음날이 공휴일이어도 마찬가지임\n  퇴직일을 명시하지않고 사직원을\n                                   ‣ 사직원 수리일자\n           제출한 경우\n        사망하였을 경우                   ‣ 사망한 날(단, 당일 출근 후 사망한 경우 그 다음날)\n\n                                   ‣ 휴직기간의 종료 및 휴직사유 소멸일로부터 10일에\n  복직원을 제출하지 아니한 경우\n                                    이르는 다음날\n\n\n ◦ 근로계약의 해지 사유 교육공무직원 취업규칙 (                      조, 특수운영직군 종사자 취업규칙 44,45조)\n                                              52~55\n\n\n  -   당연퇴직\n      ‣ 사망 또는 정년이 되었을 때\n      ‣ 거짓 또는 부정한 방법으로 채용된 사실이 적발되었거나 임용\n       결격사유에 해당하는 경우\n  -   해고\n      ‣ 징계사유로 해고가 결정되었을 때\n      ‣ 직제와 정원의 개편 사업의 종료나 변경 등에 따라 근로자의\n                               ,\n\n       직종 전환 등 교육청의 합리적인 노력에도 불구하고 근로자의\n       거부로 계약의 해지가 불가피 한 때\n\n                                     - 15 -
2026년도 교육공무직원 등 종합관리계획	16	1-7. 근로관계 종료	‣ 해당 직무를 수행할 수 없을 정도의 신체 또는 정신상의 이상이\n        있는 경우\n     ‣ 휴직기간의 만료 또는 휴직사유가 소멸 되었음에도 불구하고\n        복직하지 아니한 경우\n     ‣ 직무를 수행하는 데 필요한 자격증의 효력이 상실되거나 면허가\n        취소되어 담당 직무를 수행할 수 없게 된 때\n     ‣ 그 밖의 근로관계를 유지 할 수 없는 사정이 발생한 경우\n◦ 근로계약 해지 절차\n     근로계약 해지 사유 발생       근로계약 해지 여부 결정         계약해지 서면 통지\n\n     ‣ 근로계약 해지요청       ▶ ‣ 인사위원회 심의        ▶ ‣ 근로계약 해지사유, 날짜 기재\n       (운영부서 → 총괄부서)     ‣ 결과통보              ‣ 계약해지일 30일 이전 통보\n                           (총괄부서 → 운영부서)       (운영부서 → 해고 대상자)\n\n\n◦ 유의사항\n -   해고예고를 하지 않았다고 하여 해고의 효력을 상실하는 것은\n     아니지만, 해고 30일 전 예고를 하지 않은 경우 통상임금 30일분의\n     수당 지급하여야 함\n\n -   교육공무직원 취업규칙 제56조(해고통지)에 따라 퇴직 발령 후 처리\n     결과를 근로자에게 반드시 통보\n\n -   사직원 철회는 퇴직발령 결재 완료 전까지만 가능(발령 이후 철회 불가)\n\n -   기간제 근로자의 경우, 정해진 기간의 도래로 근로관계가 자동적으로\n     종료되므로 별도 해고예고가 필요하지 않으나 근로계약 갱신\n     기대권 등 계속근로 기대법리에 따라 해고의 문제가 제기 될 수\n     있으므로 근로계약이 만료되기전에 계약 갱신 여부를 알려주는\n     것이 바람직함(문자, 서면 등)\n\n\n                             - 16 -
2026년도 교육공무직원 등 종합관리계획	17	1-8. 나이스 인사기록 정비	1-8. 나이스 인사기록 정비\n\n◦ 목적\n -   지능형 나이스 전환 후 인사기록 오류 방지\n\n -   정부 24에서 발급 가능한 재직 증명서, 경력증명서 등 민원 서류의\n     정확성 및 신뢰성 확보\n\n◦ 정비대상\n -   각급기관(학교) 재직(휴직 등) 중인 교육공무직원 등(대체 및 기간제\n     근로자 포함)\n\n -   정비담당자: 각급 기관(학교) 교육공무직원 등 인사담당자\n\n -                                 →\n     접속경로(나이스): 교육공무직등인사 인사기록(교육공무직) 인사                →\n     기록관리    →인사기록(인사권한)\n◦ 인사기록카드 신규 생성\n -   교육공무직원의 개인정보 등 관련 입증자료 징구\n\n     ‣ 사진(파일), 경력증명서(휴직내역 포함) 등\n     ‣ 입력항목별 증빙자료를 근거로 인사기록 정확히 입력\n     ‣ 교육공무직원 본인에게 입력사항 확인\n     ※ 신규 생성 시 기관과 부서를 명확히 입력해야 함\n◦ 세부내용\n     구   분                    정비항목                     비   고\n     기본사항    재직상태, 직종, 현도로명주소, 장애인여부, 최초계약일, 무기계약전환일\n     계약사항     계약구분, 대체근로자여부, 근무유형, 근무형태, 소정근로시간\n     경   력              임용구분 및 기간, 제외기간\n     채용전경력                    인정기간\n     휴   직            경력의 휴직사항과 일치여부 확인\n\n\n                          - 17 -
2026년도 교육공무직원 등 종합관리계획	18	1-9. 비정규직 채용 사전심사제	1-9. 비정규직 채용 사전심사제\n\n◦ 기본원칙\n -상시․지속적인 업무에는 처음 채용부터 정규직 무기계약직 채용이                       (         )\n\n\n     원칙\n\n -   기간제근로자 채용계획서를 제출 후 인력관리심의위원회의 심의를\n     받은 경우에 한하여 기간제근로자를 채용 할 수 있음\n     ※ 단, 2개월 이하 일회성 기간제 근로자는 사전심사 없이 채용 가능\n◦ 적용대상 기간제 및 파견․용역 노동자\n             :\n\n\n <정기실태조사 및 가이드라인 상 기간제, 용역 노동자 정의(2017, 고용노동부)>\n ▸ (기간제) 근로계약 시 일정기간의 근로계약기간을 정하여 근로하는 자\n     ※ 계약기간의 길고 짧음ㆍ명칭 등과 관계없고, 기간의 정함이 있는 단시간 노동자도 포함\n ▸ (용역근로자) 용역업체 소속이면서 공공기관으로부터 수탁받은 업무를 수행하며,\n     용역업체의 지휘·명령을 받는 자\n     ※ 용역계약 시 공공기관에서 인건비를 구체적으로 산정하고 채용하여야 할 노동자 수 등을\n      정하는 경우에만 해당\n\n\n◦ 제외대상       :       휴직(결원) 등 대체인력, 근로자가 아닌 자(각종 강사\n     직종, 기간제 교사 등), 민간위탁 사무에 의한 근로자\n\n◦ 운영 절차\n  기간제근로자                 비정규직 채용\n                                           승인결과 통보              채용\n 채용계획서 제출                 사전심사\n                     ▶                 ▶              ▶\n ‣ 사업부서                  ‣ 인력관리심의위원회       ‣ 노사정책과        ‣ 기간제 근로자 채용절차에\n   → 노사정책과                 개최 및 심의           → 사업부서         맞게 채용(사업부서)\n\n\n◦ 제출 시기 매년       :         7~8월 인력관리심의위원회에 다음연도의 기간제근로자\n\n     채용계획서 및 안건 제출\n\n\n                                       - 18 -
2026년도 교육공무직원 등 종합관리계획	19	1-10. 기타(겸업, 신분증, 표창, 교육훈련)	1-10. 기타(겸업, 신분증, 표창, 교육훈련)\n\n□ 겸업\n◦ 기본원칙 교육공무직원은 직무와 관련된 영리 업무에 종사하지\n              :\n\n     못하며, 소속 기관(학교)장의 허가 없이 다른 직무를 겸할 수 없음\n\n◦ 겸업 불가 유형별 검토 기준\n 겸업 불가 유형                               검토 기준\n\n      직무 관련       ‣ 직무와 관련된 영리 업무는 불가\n\n                  ‣ 직무와 관련되지 않았더라도 근무시간 내 겸업 업무 종사 원칙적으로 금지\n     직무 능률 저해 ‣ 자정 이후 근무하는 심야 업종\n                  ‣ 그 밖에 직무 능률 저해가 있다고 소속 기관장이 판단한 업무\n                  ‣ 공익과 사익의 이해충돌 가능성이 있는 업무\n     공무 부당 영향\n                  ‣ 세종특별자치시교육청과 상반되는 이익을 취득할 우려가 있는 업무\n                  ‣ 유흥‧사행업 등 선량한 풍속을 해치는 업무\n 소속 기관 불명예\n                  ‣ 장애인‧학생‧노인 등 사회적약자 이용 등 사회적 비난을 초래할 우려가 있는 업무\n\n\n◦ 처리방법 직무 외의 영리 업무를 겸업하고자 할때에는 담당업무\n              :\n\n     수행에 지장이 없는 경우에만 [서식 14]의 겸업허가신청서를 작성하여\n     운영부서의 장의 허가를 받아야함\n\n◦ 유의사항\n -   겸업허가를 받은 후 겸업에 관한 규정을 위반한 경우 겸업허가 취소\n\n -   사전에 허가를 받지 않거나 임의로 허가된 사항을 변경하여 다른\n     직무에 종사하는 등 겸직허가 규정을 위반하는 일이 없도록 관리\n\n -   교육공무직원은 세종특별자치시교육감 소속의 1개 직종 기관(학교)               ‧\n     에서만 근무 가능하며, 봉사직의 경우에도 세종특별자치시교육감\n     소속이라면 교육공무직원과 겸업 불가\n     ※ 예외적 허용\n     1) (방중 비근무자) 방학 중 다른 기관(학교)의 동일 유사 직종 근무\n      2) 특수교육실무사: 세종특별자치시교육청-전국학교비정규직연대회의 직종별협약서(2016년\n         체결) 제6조 7항에 해당되는 경우\n                               - 19 -
2026년도 교육공무직원 등 종합관리계획	20	1-10. 기타(겸업, 신분증, 표창, 교육훈련)	□ 교육공무직원 등 신분증 발급\n◦ 관련근거 「세종특별자치시교육감 소속 교육공무직원의 채용 및\n  (       )\n\n  관리 조례 시행규칙」제 조               8\n\n\n◦ 발급대상 무기계약직 교육공무직원 및 특수운영직군 종사자\n     (        )                                                                ,\n\n\n  장애인 일자리 사업 근로자\n\n◦ 신청시기 월 연 회\n  (       )       3,   9   /   2\n\n\n◦ 반납시기 퇴직 또는 해고 즉시\n  (       )\n\n\n◦ 발급비용 및 제출서류\n  구분              내 용              발급비용                   제출서류\n\n 신규발급    신분증 최초 발급                  없음           ① 신분증 발급 기초자료\n                                                 ② 신분증 발급 인사데이터 서식\n                                                  및 개인정보 수집,이용 동의서\n                                    있음\n         분실·훼손으로 인한                              ③ 사진파일\n 재 발 급                         (세부금액은 별도\n         재발급                                      (파일형식 JPG/354×472/150Kbyte이하)\n                               시행계획 공문 참고)\n\n\n□ 교육공무직원 등 표창\n◦ 관련근거 교육공무직원 취업규칙 제 조 특수운영직군 종사자 취업규칙 제 조\n (        )                            44   ,                             50\n\n\n◦ 기본방침 세종교육 발전을 위하여 근면‧성실한 자세로 맡은 바 소\n  (       )\n\n  임을 다하는 우수 직원을 발굴‧표창함으로써 교육공무직원 사기\n  진작 및 자긍심 고취\n\n◦ 표창 분야 및 시기\n                  표창 분야                         표창 시기              훈격\n\n (퇴직) 교육공무직원 및 특수운영직군종사자                    2월 말 / 8월 말         교육감 표창\n\n (우수) 교육공무직원 및 특수운영직군종사자                        12월 말           교육감 표창\n\n\n                                   - 20 -
2026년도 교육공무직원 등 종합관리계획	21	1-10. 기타(겸업, 신분증, 표창, 교육훈련)	◦ 선발기준 및 표창 제외 기준 세부사항은 별도 시행계획 공문 참고\n                              (                         )\n\n\n ▸ 우수 교육공무직원 및 특수운영직군 종사자\n     - 추천 접수 마감일 기준 재직기간(실근무기간)이 3년 이상인 사람 중,\n         ㆍ근무실적이 탁월한 직원\n         ㆍ교육 발전에 크게 공헌한 직원\n         ㆍ대외적으로 교육기관의 명예를 높인 직원\n         ㆍ헌신적인 봉사와 탁월한 직무수행으로 교육,학예의 발전에 기여한 직원\n         ㆍ성실히 직무를 수행하여 타의 모범이 되는 직원\n ▸ 퇴직 교육공무직원 및 특수운영직군 종사자\n     - 퇴직일 기준 장기간(10년 이상) 재직 후 정년 퇴직하는 직원\n ▸ 표창 제외 기준\n     - 휴직,직위해제 중이거나 징계의결 요구 중인 직원\n     - 재직 중 징계처분(불문경고 포함)을 받은 직원, 단 기록이 말소된 직원 예외\n     - 직위해제 후 복직되고 2년이 경과되지 아니한 직원\n     - 사회적 물의가 있거나, 감사결과 비위 등으로 인사조치 된 후 2년이 경과되지\n         아니한 직원\n     - 교육감표창 운영계획 및 기타 상훈관계법령 준용\n\n\n◦ 유의사항\n -   동일한 공적에 대하여 표창을 이중으로 행하는 것 금지\n\n -   추천 대상자는 교육청 누리집에 추천대상자 명부 및 공적개요를\n     5   일 이상 공개하여 검증함\n\n□ 교육공무직원 등 교육훈련 운영\n◦ 관련근거 「세종특별자치시교육감 소속 교육공무직원의 채용 및 관리 조례」제 조\n              :                                     7\n\n\n◦ 기본방침 교육공무직원 기본소양 함양 직무능력 향상 및 학교\n              :                       ,\n\n\n     현장 이해를 통해 질 높은 교육행정 서비스 제공을 위함\n\n\n                             - 21 -
2026년도 교육공무직원 등 종합관리계획	22	1-10. 기타(겸업, 신분증, 표창, 교육훈련)	◦ 사이버연수\n -   주관: 세종특별자치시교육청교육원(http s://sjti.k r)\n\n -   대상: 교육공무직 및 특수운영직군 종사자 전 직종\n\n -   시기: 연중\n\n -   내용: 공통직무(청렴, 학교안전 등), 법정 교육 및 소양 연수 등\n\n◦ 공통연수\n 주관기관(부서)             연수명              연수시기        인원(예정)\n              문화적 감성 함양 과정(1기)          ΄26. 1.      40\n              AI 디지털 교육 과정(1기)          ΄26. 1.      50\n              신규임용예정자 교육 과정(1기)         ΄26. 2.      100\n              몸과 마음을 살리는 과정(1기)         ΄26. 2.      30\n              세종 교육정책의 이해 과정            ΄26. 3.      30\n              AI 디지털 교육 과정(2기)          ΄26. 3.      50\n              문화적 감성 함양 과정(2기)          ΄26. 5.      40\n 세종교육청교육원\n              기초행정 교육 과정(1기)            ΄26. 6.      25\n              기초행정 교육 과정(2기)            ΄26. 6.      25\n              안전 및 재해예방 이해 과정           ΄26. 6.      30\n              몸과 마음을 살리는 과정(2기)         ΄26. 6.      30\n              신규임용예정자 교육 과정(2기)         ΄26. 8.      50\n              문화적 감성 함양 과정(3기)          ΄26. 9.      40\n              문화적 감성 함양 과정(4기)          ΄26. 11.     40\n\n\n◦ 직종별 연수\n     주관기관(부서)                 직종명                  연수시기(예정)*\n    학교안전과                 간호사              ΄26. 7 / ΄26. 12.\n    학교정책과                교무실무사            ΄26. 8. / ΄26. 10.\n    유초등교육과           도서시스템운영원, 사서               ΄26. 6.\n 학교지원본부(시설지원부) 수상안전요원, 수영장운영관리원, 수영장회원관리원       ΄26. 11.\n 학교지원본부(시설지원부)           시설관리원                  ΄26. 10.\n    교육복지과                 영양사             ΄26. 2. / ΄26. 7~8\n    교육복지과              조리사, 조리실무사         ΄26. 1. / ΄26. 7~8\n    학교정책과                전문상담사                  ΄26. 8.\n    노사정책과               사무행정실무원                 ΄26. 5.\n    학교안전과                환경실무사             ΄26. 4. / ΄26. 8.\n    교육복지과               초등돌봄전담사                 ΄26. 5.\n 학교지원본부(행정지원부)  통학차량안전요원, 특수학교통학차량안전요원    ΄26. 4. / ΄26. 10.\n    유초등교육과              특수교육실무사                 ΄26. 12.\n    중등교육과               학교운동부지도자           ΄26. 7 / ΄26. 11.\n  * 2026년 연수시기는 각 부서별 계획에 의해 변경될 수 있음\n                           - 22 -
2026년도 교육공무직원 등 종합관리계획	23	2-1. 무기계약근로자 채용	□\n2 채용 및 근로계약\n\n\n2-1. 무기계약근로자 채용\n\n (정의) 각급 교육기관에서 공개 채용 절차를 거쳐 정년까지 근로관계를 맺는 행위\n (원칙) 공개경쟁 채용\n\n\n◦ 근거\n -「세종특별자치시교육감 소속 교육공무직원의 채용 및 관리 조례」제 조                         5\n\n\n -「세종특별자치시교육감 소속 교육공무직원의 채용 및 관리 조례 시행규칙」제 조                    4\n\n\n -「세종특별자치시교육감 소속 교육공무직원 공정채용 지침」 세종특별자치시            (\n\n\n      교육청 고시 제2024-2호, 2024.4.4.)\n\n◦ 채용 구분\n       구분                               직종\n                 (교육공무직원) 운영부서장 채용권한 위임 직종 제외 모든 직종\n     교육감 채용\n                 (특수운영직군 종사자) 시설관리원\n                 (교육공무직원) 「세종특별자치시교육감 소속 교육공무직원의 채용 및\n      운영부서장\n                          관리 조례 시행규칙」 [별표 2]\n     채용권한 위임\n                 (특수운영직군 종사자) 환경실무사, 당직원, 기숙사 사감, 주간경비원\n\n\n◦ 채용 절차\n * 교육감 채용 절차\n      채용 요청         채용 계획 수립          채용 계획 심의          채용 공고\n ‣ 채용인원 및    ▶ ‣ 채용 규모, 방법,      ▶ ‣ 적정성 심의‧의결 ▶ ‣ 7일 이상 공고\n   업무내용,         절차 등 세부             (교육공무직원인사\n   자격기준 등 요청     시행계획 수립             위원회)\n                                                       ▼\n      1차 시험           체력검정             서류 전형            원서접수\n ‣ 필기시험 실시       ◀ ‣ 대상: 조리실무사, ◀ ‣ 소극적 서류전형 ◀ ‣ 최소 3일 이상\n ※조리실무사, 시설관리원       시설관리원          (적격자 전원 합격)  접수\n  직종 인성평가 실시\n        ▼\n      2차 시험         채용점검위원회           합격자 발표       근로계약 체결\n ‣ 면접, 인성평가 실시 ▶ ‣ 채용 과정 점검      ▶ ‣ 최종합격자 발표    ▶ ‣ 근로계약서 작성\n ※조리실무사, 시설관리원                       및 채용 등록\n  직종 면접만 실시                          공고\n\n\n                             - 23 -
2026년도 교육공무직원 등 종합관리계획	24	2-1. 무기계약근로자 채용	* 채용권한 위임 직종 운영부서장 채용 절차\n\n     채용 계획                                 합격자 발표 및\n             ▶   채용 공고 ▶ 서류 전형 ▶ 면접 전형 ▶\n      수립                                   근로계약 체결\n\n\n◦ 유의사항\n -   정원 범위 내에서 채용\n\n -   「고용상 연령차별금지 및 고령자고용촉진에 관한 법률」에 따른\n      준고령자‧고령자 우선 채용 시 응시연령 제한 금지\n\n     ‣ 응시연령은 세이상부터 정년까지로 설정하여 구직자에게\n                  18\n\n\n       응시 기회를 제공해야함\n     ‣ 준고령자‧고령자 우선 채용 할 경우 가산점 부여 동점자 발생   ,\n\n\n       시 고령자 우선 채용 등의 방안으로 우선 고용 하여야 하며\n       공고에 명시해야함\n     ※ 채용공고 시 다른 연령대의 응시 기회를 제한하는 것은 연령차별행위에\n       해당되므로 응시 연령을 준고령자‧고령자로 제한하지 않도록 주의(국가\n       인권위원회 차별시정위원회 결정 21진정0456300, 2022.8.9.)\n\n\n                          - 24 -
2026년도 교육공무직원 등 종합관리계획	25	2-2. 기간제근로자(대체인력) 채용	2-2. 기간제근로자(대체인력) 채용\n\n◦ 추진배경\n -   교육공무직원 휴·퇴직 증가에 따른 대체인력 채용 및 관리 업무 증가\n -   부서(학교)장 채용에 따른 부서(학교)별 대체인력 운영방식 차이 존재\n\n◦ 대체인력 채용 절차 세부내용은 대체인력 운영계획 공문 참고\n                          (            [               ]         )\n\n\n      채용계획 수립                 공고            서류접수               서류 심사\n\n     ‣ 교육공무직원 결원에     ‣ 계약기간, 담당업무,    ‣ 채용공고문에 명시한      ‣ 서류전형\n       따른 대체인력 채용       응시자격, 헙격자        필수자격증 및 서류 제출     (응시자격 등 확인)\n                    ▶                ▶                 ▶\n       및 퇴직 등 인사절차에     결정 방법 등을 명시한\n       관한 사항 수립         채용공고문을 기관\n                        또는 교육청 누리집에\n                        게시(5일 이상)\n                                                                     ▼\n      근로계약 체결          범죄경력 조회              합격자 통보             면접 심사\n\n     ‣ 근로계약서 작성    ◀ ‣ 최종합격자에게          ◀ ‣ 최종합격자 발표       ◀ ‣ 일정, 응시 인원\n                       범죄 전력 조회                               정하여 전문분야\n                                                              등을 면접 심사\n\n\n     * 대체인력풀을 활용한 채용 절차\n\n      채용 계획                        면접심사                      합격자 발표 및\n                 ▶ 등재자 연락 ▶                 ▶ 범죄경력조회 ▶\n       수립                          (필요시)                     근로계약 체결\n\n\n◦ 대체인력풀 운영\n -   운영주체: 세종시교육청 노사정책과\n -   운영목적\n     ‣ 병가 등으로 인한 결원 발생에 따른 학교 인력 채용의 어려움 해소\n     ‣ 근로자의 휴가 등의 실질적 보장을 위한 대체인력 운영 필요\n -   인력풀 등재 방법\n     ‣ 교육공무직원 대체인력풀 등재 희망자는 인력풀 등재 동의서와\n        개인정보 제공 및 활용 동의서를 첨부하여 교육청 인력풀에 등록\n     ‣ 인력풀 등재 시 첨부 서류 반드시 추가 개인정보보호에 유의         (                          )\n\n\n                                   - 25 -
2026년도 교육공무직원 등 종합관리계획	26	2-2. 기간제근로자(대체인력) 채용	-   인력풀 등재 절차\n\n             근로자                        세종시교육청 노사정책과\n               드\n\n\n             등재요청                        인력풀 승인 및 관리\n                            ▶\n                                  ‣ 대상자 요건 확인 후 인력풀 승인\n‣ 인력풀 등록 후 노사정책과에 승인 요청\n                                  ‣ 신규채용 등으로 인한 인력풀 등재자 목록\n    (필요서류 및 필수 자격증 등록)\n                                    수시 관리\n\n\n                         - 26 -
2026년도 교육공무직원 등 종합관리계획	27	2-3. (대체인력이 아닌)기간제근로자 채용	2-3. (대체인력이 아닌)기간제근로자 채용\n\n ◦ 관련근거\n  -「기간제 및 단시간근로자 보호 등에 관한 법률」\n  -「세종특별자치시교육감 소속 교육공무직원의 채용 및 관리 조례 시행규칙」\n  -「세종특별자치시교육감 소속 교육공무직원 정원 관리 규정」\n  -「세종특별자치시교육감 소속 교육공무직원 공정채용 지침」\n  -   비정규직 근로자 채용 계획 사전심사제(노사정책과-4895(2025.4.25.))\n\n ◦ 기본원칙\n  -   비정규직 근로자 채용 사전심사를 통해 승인 받은 인력만 기간제\n      근로자 채용 가능 (비정규직 근 로자 채용 사전심사 제 세부내용 [1-9\n      비 정 규 직 채용 사전 심사제 ] 참고 )\n\n      ※ 단, 2개월 이하 일회성 기간제 근로자는 사전심사 없이 채용 가능\n ◦ 채용절차\n                                                       합격자 발표 및\n       채용계획 수립         채용 공고               심사\n                                                         근로계약\n\n      ‣ 채용시기, 채용규모,   ‣ 채용공고는 5일       ‣ 서류전형, 면접전형,‣ 채용계획에 명시\n        지원자격, 채용조건      이상 게시            (필요시)필기전형    되어있는 방법으로\n                    ▶              ▶              ▶\n        등을 포함                        ‣ 내부위원만으로 심사     합격자 발표\n                                        진행 가능(단, 계약\n                                        기간 9개월 이상시\n                                        면접전형에서 외부\n                                        위원 1명 이상 필요)\n\n\n ◦ 유의사항\n  -   공개채용을 원칙으로 하고 성별, 신체조건, 용모, 학력, 연령 등에\n      대한 불합리한 제한을 두어서는 안됨\n\n  -   기간제 근로자는 (반복 갱신등을 포함하여 계속근로한 총 기간이) 2년을\n      초과하지 않도록 하여야 함\n\n                              - 27 -
2026년도 교육공무직원 등 종합관리계획	28	2-3. (대체인력이아닌)기간제근로자 채용	‣ 주의 년을 초과하여 기간제근로자로 사용하는 경우에는 기간이\n      (       )   2\n\n\n      정함이 없는 근로계약을 체결한 근로자로 간주\n-   기간제 근로자는 교육공무직원 및 특수운영직군 종사자가 아님\n\n    ‣ 교육공무직원 및 특수운영직군 종사자 취업규칙에 명시되어\n      있는 병가(약정휴일), 공가 등 복무 준용 불가\n    ※ 부서에서 판단하여 병가 등 부여 결정 시, 근로계약서에 해당 내용 명시\n    ‣ 임금 보수 은 세종특별자치시교육청 생활임금 조례에 따른 생활\n          (           )\n\n      임금 단가 적용(노사정책과-11067(2025.10.20.))\n\n\n                          - 28 -
2026년도 교육공무직원 등 종합관리계획	29	2-4. 근로계약	2-4. 근로계약\n\n◦ 근로계약서 체결\n -   근로계약 체결시 주요 근로조건을 서면으로 명시\n\n -   근로계약서, 임금구성 내역서 2부를 간인하여 작성, 근로자와\n     사용자가 한부씩 보관\n     ※ 계약서 위조를 방지하고, 노사 분쟁 시 증거자료로 확인하기 위함\n -   표준 근로계약서 사용(임의변경 불가) [서식 별도 붙임 참고]\n\n     ‣ 유의사항\n     - 근로계약서 필수적 기재사항을 누락하거나, 미작성 또는 작성 하였으나 교부하지\n      않은 경우 500만원 이하의 벌금이 부과됨.\n      ※ 일반근로자: 500만원 이하 벌금(「근로기준법」제17조, 제114조)\n      ※ 기간제근로자: 500만원 이하 과태료(「기간제 및 단시간근로자 보호 등에 관한\n       법률」제17조,제24조)\n     - 근로계약서는 퇴사일 또는 해고일 등 근로계약의 종료일로부터 기산하여 3년간\n      보존하여야 함.(위반 시 500만원 이하의 과태료)\n      ※ 「근로기준법」제42조(계약 서류의 보존), 「근로기준법 시행령」제22조(보존 대상 서류 등)\n\n\n◦ 주요 명시내용\n -   직종에 맞게 직종명, 근무형태, 근무유형, 계약구분을 정확히 기재\n\n -   임금의 구성항목, 계산방법, 지급방법, 소정근로시간, 주휴일 공휴일,         ․\n     연차유급휴가, 근무 장소, 종사업무 등 필수적 사항을 반드시 기재\n\n◦ 행정사항\n -   신규채용(학교 채용 직종 포함) 발령자의 경우 교육공무직원의\n     근로계약서를 즉시 나이스에 등재(개인별 계약사항 탭에 등재)\n\n\n                           - 29 -
2026년도 교육공무직원 등 종합관리계획	30	3-1. 근로시간	□\n3 복무\n\n\n3-1. 근로시간\n\n◦ 근거\n -   근로기준법 등 관계 법령, 단체협약, 취업규칙, 운영 지침 등\n\n◦ 근로시간\n -   1   일 8시간 이내, 1주 40시간 이내\n\n     ‣ 사용자의 지휘·감독 하에 근무를 제공하는 시간\n     ※ 직종별 사업 부서의 장이 정하는 사항으로, 직종별 소정근로시간이 상이할 수 있음\n                      < 근로기준법 상 근로시간 개념 >\n\n         구분                            내용\n\n     법정근로시간 - 근로기준법에서 정하고 있는 기준 근로시간(1일 8시간, 1주 40시간)\n\n     소정근로시간 - 법정근로시간 내에서 근로자의 사용자 간 근로계약으로 정한 시간\n\n                - 소정근로시간을 초과해 이루어지는 근로시간\n         연장근로\n                - 1주 12시간 한도 내에서 연장근로 가능(1주 최대 52시간 위반 금지)\n\n         야간근로   - 22시~익일 06시 사이에 이루어지는 근로시간\n\n     휴일근로시간 - 법정휴일 또는 약정휴일(근로계약, 취업규칙, 단체협약 등)로 정해진 날의 근로\n\n\n -   운영부서의 장이 필요하다고 인정하는 경우, 교육공무직원의 동의를\n     얻어 연장, 야간, 휴일 근로 실시\n     ※ 사전에 연장, 야간, 휴일근로 결재 후 실시\n◦ 휴게시간\n -   (4시간     이상 8시간 미만 근로) 30분 이상 무급 휴게시간 부여\n\n -   (8시간     이상 근로) 1시간 이상 무급 휴게시간 부여\n\n                              - 30 -
2026년도 교육공무직원 등 종합관리계획	31	3-1. 근로시간	◦ 지각·조퇴·외출\n -   지각·조퇴·외출 시간 합산하여 연차유급휴가일수에서 공제\n\n     ‣ 임금 지급 의무 없음 연차유급휴가일수 초과한 시간은 결근 처리\n                  ,\n\n\n◦ 결근\n -   직종별 법정근로시간·소정근로시간에 근로를 제공하지 않은 경우\n\n     ‣ 결근과 무단결근은 구분하며 반복되는 무단결근은 징계 사유 구성\n                        ,\n\n\n     ※ 무단결근은 사용자와 계약종료가 되는 것은 아니므로 계속근로기간에 포함\n◦ 근무 상황 기록·관리\n -   근무상황부(NEIS 근무상황부 및 각종 수기 결재부 등) 각종 근무\n     상황 기록·관리\n\n\n                      - 31 -
2026년도 교육공무직원 등 종합관리계획	32	3-2. 출장·연수·교육	3-2. 출장·연수·교육\n\n◦ 근거\n -「세종특별자치시교육청 교육공무직원 취업규칙」\n -「세종특별자치시교육청 특수운영직군 종사자 취업규칙」\n -「세종특별자치시교육청 전국학교비정규직노동조합 단체협약서」\n                       -\n\n\n◦ 출장\n -   업무와 관련된 공적 업무 수행을 위한 근무지 밖 활동\n     ‣ 체험학습 현장학습 보건증 발급 등의 활동 단체협약 제 조·제 조\n           ,       ,                   (       69       107   )\n\n\n -   근로시간으로 처리, 이동시간은 근로시간에 포함하지 않음\n -   사전에 전자결재(NEIS) 등의 기관장 허가 필요\n\n◦ 연수 및 교육\n -   자기 개발 및 직무 능력 향상을 위한 교육·훈련 참석\n -   교육청이 주관하는 연수일 경우 근로시간 인정(단체협약 제69조 제107조)      ·\n     ※ 이동시간은 연수시간에 미포함\n     ※ 교육청에서 주관하는 연수일지라도 연수의 성격에 따라 근로시간으로\n       미인정될 수 있음\n -   사전에 전자결재(NEIS)등의 기관장 허가 필요\n                  < 출장·연수·교육 처리 방법 >\n\n     시간          임금                 출장여비        방법\n\n 근로시간 내        추가 지급 없음\n                                공무원 여비 지급   실제 출장 필요 시간만\n        업무와 연관성이 있을 경우,           기준 준용          사용\n 근로시간 외\n        연장근로수당 등 지급 가능\n\n ※ 업무의 연관성이 있을 경우 출장 여비 및 임금 병급 지급\n\n\n                           - 32 -
2026년도 교육공무직원 등 종합관리계획	33	3-2. 출장․연수․교육	◦ 조합원 교육\n -   학교회계연도 기준으로 연 24시간 범위(1개월 8시간 이하) 내 사용\n -                     –\n     전자로 복무 신청 시(NEIS) 교육 조합원 교육 복무 상신, 출장여비 지급 불가\n -   교육 수료 여부 확인\n     ‣ 학교 채용 근로자의 경우 복무신청일 교육수료일 동일 여부 확인\n                                 -\n\n\n     ‣ 휴일·방학 중 비 근무자의 방학 중 교육 시 가산 없이 통상임금 기준으로 지급\n\n\n                        - 33 -
2026년도 교육공무직원 등 종합관리계획	34	3-3. 휴일	3-3. 휴일\n\n (휴일) 근로 제공 의무가 없는 날로 소정근로일에서 제외\n\n\n◦ 근거\n -「세종특별자치시교육청 교육공무직원 취업규칙」\n -「세종특별자치시교육청 특수운영직군 종사자 취업규칙」\n -「세종특별자치시교육청 전국학교비정규직노동조합 단체협약서」\n                          -\n\n\n -   기타 근로기준법 등 관계법령\n\n◦ 근로자의 날\n - 관련 「근로자의 날 제정에 관한 법률」 월 일\n     (     )                                    (5   1   )\n\n\n -   근로계약을 체결한 모든 근로자에게 적용되는 휴일\n\n ‣ 적용 제외자 교육공무원법 제 조에 따라 임용된 기간제 교원 개인사\n                  :                 32                           ,\n\n\n         업주(방과후 강사), 그 외 근로계약이 아닌 위촉 등 다른 계약 관계에\n         있는 자원봉사자 등\n\n◦ 공휴일 및 대체 공휴일\n - 관련 「관공서의 공휴일에 관한 규정」 일요일 제외\n     (     )                                (                )\n\n\n -   (방학       중 비근무자) 방학기간 중 공휴일 적용 제외, 신정(1월 1일)과\n     설 연휴 3일 및 광복절에 한해 적용\n\n     ‣ 적용 제외자 주 평균    :        시간 미만 근로자, 감시·단속적 근로자\n                              15\n\n\n◦ 개교기념일 및 재량휴업일\n -   (관련)      취업규칙 및 단체협약\n\n -   정상적 학교 운영 시 근로일로 함\n\n     ‣ 적용 제외자 주 평균    :       15   시간 미만 근로자, 감시·단속적 근로자\n\n\n                                   - 34 -
2026년도 교육공무직원 등 종합관리계획	35	3-3. 휴일	◦ 주휴일\n  -   (관련)      「근로기준법」 및 직종별 협약 등\n  -   사용자가 1주간의 소정근로일을 개근한 근로자에게 1주일에 평균\n      1   회 이상 유급으로 부여하는 법정 휴일\n      ※ 교육공무직원 및 특수운영직군 종사자 주휴일은 일요일로 함\n                     < 주휴일 부여 요건 등 >\n\n  구분                 부여                    미부여\n              1주 이상 근로관계 존속, 1주      1주 소정근로시간 15시간 미만\n                소정근로일 개근한 경우            초단시간 근로한 경우\n            4주 평균(4주 미만의 경우 계약기간\n            평균) 소정근로시간이 15시간 이상인      감시·단속적 근로자인 경우\n  일반                  경우\n           취업규칙 등에서 정한 유급 휴가·휴일 등   한 주 전체 소정근로일에 근로를\n                    사용한 경우              제공하지 않은 경우\n\n            주휴일 이후 근로관계 존속한 경우      주휴일 이전 근로관계 종료된 경우\n 방학 중\n      방학 중 1주 15시간 이상 근무가 예정된\n 비근무자                               방학 중 1주 15시간 이상 근무하지\n        날을 근무할 경우 다음 주 근무가\n 방학 중                                       않은 경우\n        예정되지 않더라도 주휴일 부여\n  근로\n\n※ 취업규칙 등에서 정한 유급 휴가·휴일을 사용하더라도, 1주 전체에 근로가 없을\n  경우 주휴일 미부여\n          휴무일\n◈ 근로시간이 편성되지 않은 날로 소정근로일에서 제외\n\n - 통상근로자 : 월~금 근로할 경우 토요일\n\n - 교대근무자(당직원 등) : 비번일\n - 방학 중 비근무자 방학 기간\n   ※ 방학 중 비근무자 방학 기간(휴무일): 방학 중 비근무자 연차유급휴가일수 산정 시에\n     소정근로일에는 포함됨\n\n\n                           - 35 -
2026년도 교육공무직원 등 종합관리계획	36	3-4. 휴가	3-4. 휴가\n\n (휴가) 근로 제공 의무가 있지만 단체협약·취업규칙 등에 따라 근로 제공 의무 면제\n\n\n◦ 근거\n -「세종특별자치시교육청 교육공무직원 취업규칙」\n -「세종특별자치시교육청 특수운영직군 종사자 취업규칙」\n -「세종특별자치시교육청 전국학교비정규직노동조합 단체협약서」\n                         -\n\n\n -   기타 근로기준법 등 관계법령\n\n◦ 연차유급휴가\n - 관련 「근로기준법」제 조 및 취업규칙 등\n     (    )              60\n\n\n -   전년도 출근율에 따라 발생한 휴가를 부여함으로써 정신적·육체적\n     휴양의 기회 제공\n\n     ‣ 근로자가 사전에 일자를 지정하여 청구하면 기관 학교 운영에          (     )\n\n\n         막대한 지장이 없을 시 기관장(학교장)의 허가로 휴가 부여\n -   연차유급휴가일수\n\n근무형태 부여조건         연차일수           사용시기    미사용시        연차휴가 가산\n\n           1년간\n          출근율       15일\n상시       80% 이상\n근로자        1년간\n                 1개월 개근 시               사용 시기가 끝난  3년 이상 계속\n          출근율                  연차유급휴가\n                     1일                     이후      근로한 경우,\n         80% 미만                 청구권\n                                         연차미사용일수   1년을 초과하는\n           1년간                 발생일로부터\n                                            만큼    매2년에 1일 가산\n          출근율       15일          1년간\n                                         수당으로 지급    (최대 25일)\n방학 중     80% 이상\n비근무자       1년간\n                  출근율 비례\n          출근율\n                (부여일수×출근율)\n         80% 미만\n\n※ 입사 1년 미만 근로자는 1개월 개근 시 1일의 연차 부여\n                              - 36 -
2026년도 교육공무직원 등 종합관리계획	37	3-4. 휴가	근로년수별 연차급휴가일수\n\n근로년수   입사년도   1년    2년    3년    4년        5년     6년     7년    8년    9년    10년\n\n휴가일수   11일    15일   15일   16일   16일       17일    17일    18일   18일   19일   19일\n\n근로년수   11년    12년   13년   14년   15년       16년    17년    18년   19년   20년   21년\n\n휴가일수   20일    20일   21일   21일   22일       22일    23일    23일   24일   24일   25일\n\n※ 기관(학교)의 회계연도에 따라 부여되며, 회계연도 중간에 채용될 경우 채용된 기간에\n  비례하여 연차유급휴가 부여\n ‣ 중간에 채용 될 경우 연차유급휴가 회계연도 기준 적용 근로자 동의서 징구\n                     < 출근일 및 소정근로일 기준 >\n\n   출근일 간주 및 소정근로일 포함                            출근일 및 소정근로일 제외\n\n   업무상 부상·질병 휴직(산재 휴직) 기간                       법정 또는 약정휴일(약정 휴무일)\n\n    출산 전·후 휴가 및 유산·사산 휴가                    사용자의 귀책 사유로 인한 휴업 기간\n\n   예비군 훈련기간, 민방위·동원훈련 기간                           적법한 쟁의행위 기간\n\n       공민권 행사를 위한 휴무일                                 노조 전임 휴직 기간\n\n΄18. 5. 29. 이후 신청한 자녀 1명당 최초 1년의\n                                         ΄18. 5. 28. 까지 신청한 육아휴직 기간\n                육아휴직 기간\n     ΄24. 10. 22. 이후(΄24. 10. 22. 포함) ΄18. 5. 29. 이후 신청한 자녀 1명당 최초 1년\n         육아기·임신기 근로 시간 단축                         이후의 육아휴직 기간\n\n       연차유급휴가, 생리휴가, 병가                                질병 휴직 기간\n\n 특별 휴가(경조사 휴가, 난임 치료 휴가 등)                       가족 돌봄 휴직(휴가) 기간\n\n\n                                 - 37 -
2026년도 교육공무직원 등 종합관리계획	38	3-4. 휴가	◦ 병가\n -   (관련)   취업규칙 및 단체협약\n\n -   병가 일수\n\n           구분                 병가 일수             유급 일수\n\n         교육공무직원               연간 60일             연간 60일\n\n         특수운영직군                            시설관리원, 환경실무사 : 30일\n                              연간 30일\n          종사자                               그 외 : 10일(무급 20일)\n\n\n -   병가 기간이 30일 이상 계속되는 경우 기간 중의 휴무일 및 휴일\n     (   일요일, 공휴일 등) 포함하여 병가 기간 산정\n\n -   연속 7일 또는 누계 10일 초과 시 진단서 또는 이에 갈음하는 서류 첨부\n     ※ 이에 갈음하는 서류 : 소견서, 진료 확인서 등\n -   근로계약 기간이 1년 미만일 시 1년을 기준으로 실 근무기간에 비례하여\n     병가 일수, 유급병가 일수 부여\n\n◦ 공가\n -   (관련)   취업규칙 및 단체협약\n\n -   필요한 기간(시간) 공가 허용 및 해당 기간(시간) 유급 처리\n\n -   공가 사유\n\n     ‣ 병역법 등 관련 법령에 따른 징병 검사·소집·검열·점호 등에 응하거나\n          각종 동원 또는 훈련에 참가하는 경우\n     ‣ 공무에 관하여 국회 법원 노동위원회 검찰 그 밖의 국가기관에 의해 출석을 요청받았을 때\n                  ,   ,          ,     ,\n\n\n     ‣ 공직선거법 및 국민투표법의 규정에 따른 선거 및 투표에\n          참가하는 경우\n     ‣ 천재지변·교통차단 그 밖의 사유로 출근이 불가능한 경우\n                          ,\n\n\n     ‣ 산업안전보건법 또는 국민건강보험법 시행령에 따른 건강검진을 받을 때\n                                 - 38 -
2026년도 교육공무직원 등 종합관리계획	39	3-4. 휴가	‣ 단체교섭 노사협의회 산업안전보건위원회에 위원으로 참석한 때\n              ,         ,\n\n\n     ‣ 혈액관리법에 따른 헌혈에 참가할 때\n     ‣ 결핵예방법에 따른 결핵 검진을 받을 때\n     ‣ 올림픽·전국체전 등 국가 또는 지방 단위의 주요 행사에 참가할 때\n◦ 특별휴가\n -   (관련)   단체협약 및 취업규칙\n -   경조사 휴가, 자녀 관련 휴가 등\n                              < 경조사 휴가 >\n\n구분          대상     일수 필요 서류(예시)                   사용 방법\n\n                                         - 사유 발생한 날 포함하여 전·후 사용\n            본인     5\n                             청첩장 또는   예시) 토요일이 결혼식일 경우 금요일\n결혼                          혼인관계증명서   또는 월요일부터 사용 가능\n            자녀     1           등    - 본인이 결혼할 경우, 사유 발생한 날 포함\n                                      30일 이내 연속 사용 가능\n                                         - 3회 분할 사용     가능,   출산일로부터\n출산          배우자    20 출산(예정)증명서\n                                           120일 이내 사용\n                            가족관계증명서\n입양          본인     20       또는 입양 관계\n                              확인서\n       배우자, 본인 및\n                   5\n       배우자의 부모\n      본인 및 배우자의\n                   3                     - 사유 발생한 날을 포함하여 사용\n       조·외조 부모\n   자녀 및 그 자녀의               가족관계증명서        단, 사유 발생한 날이 휴(무)일일 경우\n사망                 3\n      배우자                   또는 사망진단서       휴(무)일 이후 근로일부터 사용\n      본인 및 배우자의                            예시) 토요일 사망→월요일부터 사용\n                   3\n        형제자매\n       본인 및 배우자의\n                 1\n      형제 자매의 배우자\n\n     ※ 경조사 휴가 : (원칙) 분할 사용 불가\n\n\n                                - 39 -
2026년도 교육공무직원 등 종합관리계획	40	3-4. 휴가	< 자녀 관련 휴가 >\n\n              사유                 일수 필요 서류(예시)        사용 방법\n\n고등학생 이하 자녀를 둔 근로자가 자녀 학교(초·               가정통신문,\n중등교육법 제2조의 학교 및 유아교육법 제2조의                진료확인서,\n                                     2           - 시간 단위 사용 가능\n유치원 및 영유아보육법 제2조 어린이집) 행사에               가족관계증명서\n참여할 경우, 병원 진료, 자녀 돌봄                        등\n\n     본인, 군 입영 자녀 입영일 또는 수료일          1   입영통지서 등 - 당일만 사용 가능\n\n\n◦ 생리휴가\n - 관련 「근로기준법」제 조\n     (   )             73\n\n\n -   여성 근로자가 청구 시 월 1일의 무급휴가 부여\n\n\n                            - 40 -
2026년도 교육공무직원 등 종합관리계획	41	3-5. 모성보호제도	3-5. 모성보호제도\n\n◦ 근거\n -「남녀고용평등과 일·가정 양립 지원에 관한 법률」 등 관련 법령\n -「세종특별자치시교육청 교육공무직원 취업규칙」\n -「세종특별자치시교육청 특수운영직군 종사자 취업규칙」\n -「세종특별자치시교육청 전국학교비정규직노동조합 단체협약서」      -\n\n\n◦ 모성보호 관련 휴가 등\n -   난임 치료 휴가 : 인공수정 또는 체외수정을 위한 난임 치료 시 부여\n     ‣ 연 일 최초 일 유급 단 체외수정 시술의 경우 총 일 유급\n        3    ,             1               (    ,                       2            )\n\n\n -   유·사산 휴가 「근로기준법시행령」 제 조에 따라 부여\n                       :                                 43\n\n\n     ‣ 임신 주수에 따라 일 일 청구 가능        5        ~90\n\n\n -   태아검진시간 「모자보건법」 제 조에 따라 검진에 필요한 시간 부여\n                       :                            10\n\n\n                                  < 주수 별 필요 횟수 >\n                   주수                                           횟수\n            임신 확인 ~ 28주                                       4주마다 1회\n            임신 29주 ~ 36주                                      2주마다 1회\n             임신 37주 이후                                        1주마다 1회\n\n -   임신기 근로시간 단축 : 1일 최대 2시간 단축 허용\n     ‣ 임신  주 이내 또는 32주 이후 여성 근로자 대상으로, 1일 8\n            12\n\n\n      시간 미만 근로자는 1일 근로 시간이 6시간 되도록 허용 가능\n -   출산 전·후 휴가 : 임신 중인 교육공무직원에게 출산 전·후 휴가 부여\n     ‣ 단태아 일 다태아\n            : 90   ,           : 120  일 부여(단, 출산 후 단태아 45일, 다태아 60일 확보)\n -   육아시간\n     ‣ 생후 년 미만의 유아를 가진 여성 근로자 대상으로 일 회\n            1                                                               1    2\n\n       각 30분 이상의 유급 수유시간 허용\n     ‣ 만 세 또는 초등학교 학년 이하의 자녀를 가진 근로자는 개월의\n        8                              2                                    36\n\n\n                                               - 41 -
2026년도 교육공무직원 등 종합관리계획	42	3-5. 모성보호제도	범위에서 1일 최대 2시간의 유급 육아시간 사용 가능\n    ‣ 유급 수유시간을 사용하는 여성 근로자의 경우 육아시간은\n      유급 수유시간을 포함하여 1일 최대 2시간으로 함\n    ‣ 육아시간은 육아휴직 또는 육아기 근로시간 단축 중이 아닌 기간에\n                  ‘                   ’           ‘                                ’\n\n     별도로 부여함\n-                                 「\n    육아기 근로시간 단축 : 남녀고용평등과 일·가정 양립 지원에 관한 법률                                                     」\n    제19조의 2 및 동법 시행령에 따라 부여\n‣ 육아기 근로시간 단축 분할 사용 가능 단 회의 기간 개월 이상 사용                             ,    1              1\n\n\n                                      < 육아기 근로시간 단축 >\n                                                                                       단축 후\n         대상                               단축 기간                           단축시간                 임금\n                                                                                       근로시간\n\n      만 12세 이하 또는             1년+법정육아휴직(1년)\n                                                                               1일\n     초등학교 6학년 이하의             미사용 기간의 2배 가산                                        주 15~35시간   무급\n                                                                             1~5시간\n      자녀가 있는 근로자                  최대 3년\n\n\n    ※ 계속 근로기간 6개월 이상일 경우 신청 가능\n‣ 육아기 근로시간 단축 신청 시작하려는 날의 일 전까지 제출                    :                            30\n\n\n‣ 육아기 근로시간 단축 종료 「남녀고용평등과 일·가정 양립                          :\n\n\n  지원에 관한 법률 시행령」제 조의 의 사유 발생 시 종료                              15            3\n\n\n-가족돌봄휴가 「남녀고용평등과 일·가정 양립 지원에 관한 법률」\n                          :\n\n    제22조의 2 및 동법 시행령에 따라 부여\n    ‣ 가족의 질병 사고 노령 자녀 양육의 사유가 있는 경우 허용\n                      ,       ,           ,\n\n\n    ‣ 연간 무급 일을 일 단위로 사용 가능 가족돌봄휴직기간에 포함\n                  10                                                     ,\n\n\n-   가족돌봄근로시간단축 「남녀고용평등과 일·가정 양립 지원에 관한 법률」\n                                  :\n\n    제22조의 3 및 동법 시행령에 따라 부여\n    ‣ 가족돌봄 본인 건강돌봄\n              ,     세 이상 근로자 본인의 은퇴 준비,       ,       55\n\n     근로자 본인의 학업을 위한 경우 허용\n    ‣ 단축 기간 최대 년으로 일          1                   1            2~5      시간 무급으로 사용\n    ※ 단축 후 근로시간: 주15~30시간\n\n                                              - 42 -
2026년도 교육공무직원 등 종합관리계획	43	4-1. 보수체계 (지급기준)	□\n4 임금\n\n\n4-1. 보수체계 (지급기준)\n\n◦ 근거\n -   교육부 및 전국시도교육청과 전국학교비정규직연대회의간 단체\n     (   임금)협약서\n\n◦ 지급대상\n -   각종수당(처우개선수당) 지급 직종에 해당하며 재직 중인 교육\n     공무직원 및 특수운영직군으로, 주 소정근로시간이 15시간 이\n     상인 자\n     ※ 단, 계약기간 1개월 미만 근로자 제외\n◦ 수당별 지급기준\n                                                  지급       방학 중1)   신분2)\n         구   분             지급금액\n                                                  기준       비근무자     변동\n                 ▸1유형: 2,266,000원\n         기본급                                      매월        일할      일할\n                 ▸2유형: 2,066,000원\n\n                 ▸2018년 이후채용자(상한: 만23년 근속)\n                  - 월40,000원~920,000원\n     근속수당        ▸2017년 이전채용자(상한: 만25년 근속)        매월        월할      일할\n                  - 월40,000원~1,000,000원\n                  ※ 급간 40,000원\n\n     정액급식비       ▸월 150,000원                      매월        일할      일할\n\n     가족수당        ▸공무원 수당 준용                       매월        월할      월할\n\n                                                             전액      전액\n     명절휴가비       ▸연 1,850,000원 (1회: 925,000원)   설, 추석\n                                                            (재직)    (재직)\n                                                  연 2회\n         상여금     ▸연 1,000,000원 (1회: 50만원)                   전액      월할\n                                                (7월,12월)\n\n 행정실무수당          ▸월 50,000원                       매월         -      일할\n\n\n                                 - 43 -
2026년도 교육공무직원 등 종합관리계획	44	4-1. 보수체계(지급기준)	지급   방학 중1)   신분2)\n    구   분              지급금액\n                                         기준   비근무자     변동\n\n  특수업무수당      ▸월 50,000원                 매월     -      일할\n\n  특수지원수당      ▸월 50,000원                 매월    일할      일할\n\n                                              조리사\n  면허가산수당      ▸기본급의 5%                   매월            일할\n                                              일할\n\n  위험근무수당      ▸월 50,000원                 매월    일할      일할\n\n    위생수당      ▸월 30,000원                 매월    일할      일할\n\n ※ 당직원, 환경실무사: 근속수당 제외, 상여금 연 500,000원\n\n1) 방학 중 비근무자의 “방학기간 속한 달”\n2) 신분변동: 휴직, 복직, 퇴직, 무급병가, 출산휴가 60일 이후(쌍생아 75일 이후) 등\n※ 수당별 지급기준은 주 소정근로시간 40시간 기준임\n※ 주 소정근로시간 40시간 미만 근로자는 시간 비례 지급(정액급식비, 가족수당 제외)\n※ 배우자가 교육공무직원ㆍ공무원ㆍ교사이거나 인건비를 국고 또는 지방비에서\n  보조하는 기관에 근무하는 경우, 가족수당을 부부가 중복 지급 받을 수 없음\n\n\n                           - 44 -
2026년도 교육공무직원 등 종합관리계획	45	4-2. 4대 사회보험 관리	4-2. 4대 사회보험 관리\n\n◦ 관련근거\n  ｢국민연금법｣ 제 조 및 제 조\n  -                            88          89\n\n\n  ｢국민건강보험법｣ 제 조 및 제 조\n  -                                   77            78\n\n\n  ｢고용보험 및 산업재해보상보험의 보험료 징수 등에 관한 법률｣제 조의\n  -                                                                                     16            2\n\n\n◦ 대 사회보험 제도\n      4\n\n구분            고용보험              산업재해보상보험                  국민연금                    건강보험\n\n누리집       http://total.comwel.or.kr                  https://edi.nps.or.kr   https://edi.nhis.or.kr\n\n\n                                                     ‣1개월 이상, 월60시간          ‣1개월 이상, 월60시간\n          ‣1개월 이상, 월60시간\n                                                      이상 근로자                  이상 근로자\n           이상 근로자\n                                                       (18세이상 60세미만)         ‣일용근로자 중 1개월\n가입        ‣1개월 60시간 미만인\n                                ‣모든 근로자              ‣일용근로자 중 1개월             이상 근로하면서, 월8일\n대상         단시간 근로자(3개월\n                                                      이상 근로하면서, 월8일           이상 또는 월60시간\n           이상 고용시)\n                                                      이상 또는 월60시간             이상인 자\n          ‣1개월 미만 일용근로자\n                                                      이상인 자                  ‣공무원\n\n\n당연\n                                                     ‣18세 이상 60세\n적용        ‣65세 미만               ‣가입 연령제한 없음                                  ‣가입 연령제한 없음\n                                                      미만 근로자\n연령\n\n\n          ‣1개월 60시간 미만인\n           단시간 근로자(3개월\n           미만 고용시)\n                                                                             ‣1개월 미만 일용근로자\n          ‣65세 이후에 고용된자                              ‣만60세 이상 근로자\n적용                                                                           ‣1개월 60시간 미만인\n           (실업급여는 적용제외,         ‣타연금 가입자             ‣1개월 미만 일용근로자\n제외                                                                            단시간 근로자\n           고용안정·직업능력개발           (공무원 등)             ‣1개월 60시간 미만인\n대상                                                                           ‣의료급여 수급자인\n           사업은 적용)                                    단시간 근로자\n                                                                              근로자\n          ‣타연금가입자(공무원 등)\n          ‣외국인\n           (체류자격에 따라 적용)\n\n\n취득일       ‣인사발령일\n\n\n                                           - 45 -
2026년도 교육공무직원 등 종합관리계획	46	4-2. 4대 사회보험 관리	구분             고용보험             산업재해보상보험              국민연금                   건강보험\n\n상실일        ‣사유 발생일 다음날\n\n\n취득\n           ‣사유 발생일이 속하는 달의 다음달 15\n상실                                                ‣사유 발생일이 속하는          ‣사유발생일로부터\n           일까지(일용근로자는 다음달 15일까지\n신고                                                달의 다음달 15일까지          14일 이내\n           근로내용확인 신고서 제출)\n기한\n\n                                                                        ‣건강: 소득월액×7.19%\n보험료\n                                                                         (본인3.595%, 기관3.595%)\n산정         ‣소득월액×2.65%          ‣소득월액×0.96%       ‣소득월액×9.5%\n                                                                        ‣장기요양:\n(26년        (본인0.9%, 기관1.75%)    (기관에서 전액 부담)      (본인4.75%, 기관4.75%)\n                                                                          건강보험료×13.14%\n기준)\n                                                                          (본인50%, 기관50%)\n\n소득\n           ‣근로소득에서 비과세 소득을 차감한 소득\n범위\n\n취득         ‣인사발령일이 매월1일자인 경우 취득 월부터 부과\n신고         ‣인사발령일이 월 중간인 경우 다음 달부터 부과\n보험료        ‣일용직, 단시간근로자는 근로내용 확인\n부과          신고서 제출\n상실\n신고         ‣고용관계 종료월의 근무일을 기준으로\n                                                  ‣상실사유 발생일이 속하는 달까지 부과\n보험료         일할 계산하여 부과\n부과\n                                                                         ‣휴직자 등 직장가입자\n                                                  ‣사업장가입자 연금\n휴직         ‣근로자 휴직 등 신고                                                   보험료 납입고지\n                                                   보험료 납부예외신청\n                                                                          유예 신청\n                                                                         ‣휴직자 등 직장가입자\n           ‣신고 불필요, 휴직종료일에 자동 복직                  ‣사업장가입자 연금\n                                                                          보험료 납입고지\n            처리                                     보험료 납부재개신고\n복직                                                                        유예 해지 신청\n           ‣휴·복직 신청은 각 기관 사이트(국민건강보험EDI, 국민연금EDI, 고용산재토탈서비스)\n            에서 각각 신청\n\n\n◦ 일용근로자 유의사항\n  -    고용ˑ산재보험 가입 필수\n\n  -    1   개월 이상이고 월 8일 이상 또는 월 60시간 이상인 경우 국민ˑ\n       건강보험 가입\n\n\n                                         - 46 -
2026년도 교육공무직원 등 종합관리계획	47	4-2. 4대 사회보험 관리	◦ 신고기한 준수\n  -   신고 법정기한: 다음달 15일까지 신고\n\n  -   고용보험 과태료 유예기한: 법정기한이 속하는 달의 다음달 15일까지\n\n      ☞ 미신고 또는 지연신고시 고용보험 과태료 부과\n\n ◦ 4대보험 가입대상 사례\n          사 례                건강보험       국민연금   고용보험      산재보험\n\n                                                  X\n· 공무원                               O    X      (임기제:     X\n                                               실업급여 O)\n\n· 1개월 이상, 월 60시간 이상 근로자\n                                    O    O       O        O\n(교육공무직원, 기간제교사, 스포츠강사 등)\n\n· 일용근로자 중 1개월 이상 근로하면서,\n                                    O    O       O        O\n월 8일 이상 또는 월 60시간 이상인 자\n\n· 1개월 미만 일용근로자*\n                                    X    X       O        O\n(교육공무직원 대체인력, 시간강사 등)\n                                                  X\n· 초단시간근로자(주15시간 미만)                 X    X     (3개월 이상    O\n                                                근무시 O)\n\n* 1개월 미만 일용근로자: 근로내용확인 신고서 제출 (고용·산재보험 토탈서비스–민원\n  접수/신고–자격관리–근로내용확인신고)\n\n\n                           - 47 -
2026년도 교육공무직원 등 종합관리계획	48	4-3. 퇴직급여제도	4-3. 퇴직급여제도\n\n ◦ 관련근거\n   ｢근로자퇴직급여 보장법 및 시행령｣\n     -\n\n\n     -   세종특별자치시교육청-전국학교비정규직노동조합 2016년 임금협약서 제9조\n\n ◦ 퇴직급여 대상\n     -   교육공무직원이 퇴직하는 경우 근로자퇴직급여보장법에 의하여 퇴직금 지급\n         다만, 계속근로연수가 1년 미만인 근로자, 4주간을 평균하여 1주간의\n         소정근로시간이 15시간 미만인 근로자의 경우에는 지급하지 않음\n\n ◦ 퇴직급여제도 운영\n  - 최초 가입 시 DB형으로 가능 (임금협약서 제9조)\n  - 각급 학교 및 기관은 퇴직금 관리 대장을 반드시 작성 및 관리(전보에 따른\n         관리대장 이관 철저)하여야 하며, 퇴직금 지급 증빙 서류는 퇴직 후 5년\n         동안 관리\n  - 퇴직금 관리대장은 개인별과 학교 총괄 각각 관리\n                                 퇴직금 관리대장\n                                               최초임용일\n직명                      성명\n                                               DB 기산일\n\n              전년도적립금    퇴직금   적립금    당해연도 적립금     적립금 산출          결   재\n기준       근무\n               (예금이자    지급액   잔 액 총퇴직금      금회적립금 누계액 근거          행정\n일자       연수                                                  담당           교장\n                포함) ①    ②    ③=①-② 예상액 ④   ⑤=④-③ ③+⑤ (비고)        실장\n\n\n◦ 퇴직적립금 운용위원회 운영\n -「근로자퇴직급여보장법」제18조의 2에 의거 퇴직적립금 운용위원회를\n         구성하여 퇴직적립금운용계획 수립\n - 적립금 운용계획서에 따라 적립금 운용 목적 및 방법, 목표수익률, 운용\n         성과등을 평가하고 확정급여형 퇴직연금제도의 안정성과 수익성을 제고함\n\n                                   - 48 -
2026년도 교육공무직원 등 종합관리계획	49	4-3. 퇴직급여제도	◦ 퇴직급여 지급 절차\n     학교                 근로자                근로자                학교\n\n‣ 근로자에게             ‣ 금융기관에             ‣ IRP 계좌 및       ‣ IRP계좌 개설 확인\n                ▶                   ▶                ▶\n  IRP계좌 개설 안내         IRP계좌 개설 신청         퇴직급여 신청서       ‣ 퇴직급여 신청서 확인\n                                          학교에 제출\n                                                         ‣ 퇴직급여 산정서 작성\n                                                               ▼\n\n    근로자                금융기관                교육청                학교\n\n\n                                                         ‣ 교육청으로\n                    ‣ 근로자에게             ‣ 금융기관에\n‣ 퇴직급여 입금 확인 ◀                      ◀               ◀      퇴직급여 지급\n                      퇴직급여 지급             퇴직급여 지급신청\n                                                           신청 공문 발송\n\n\n                                - 49 -
2026년도 교육공무직원 등 종합관리계획	50	4-4. 월별 급여 확인사항 등	4-4. 월별 급여 확인사항 등\n\n◦ 주요 월별 급여 확인 사항\n                              확인내용\n월\n              본청·직속기관                          학교\n                             ① 전년도 연말정산 입력·확인\n                             ② 방학 중 비근무자 방학 중 급여 일할\n     ① 전년도 연말정산 입력·확인          지급 확인\n 1   ② 근속년수 검토 및 책정, 근속수당 확인 ③ 방학 중 비근무자 방학 중 급여 부족에\n     ③ 연차유급휴가미사용수당 확인 및 지급     따른 교직원공제회비 및 대출금 등 미\n                               공제 사항 확인 및 근로자에게 안내\n                             ④ 근속년수 검토 및 책정, 근속수당 확인\n                                     ① 방학 중 비근무자 방학 중 급여 일할\n                                       지급 확인\n 2                -                  ② 방학 중 비근무자 방학 중 급여 부족에\n                                       따른 교직원공제회비 및 대출금 등 미\n                                       공제 사항 확인 및 근로자에게 안내\n\n                                ① 4대보험 보수총액 신고\n     ① 4대보험 보수총액 신고\n                                ② 전년도 연말정산 지급 명세서(~3. 10.)\n 3   ② 전년도 연말정산 지급 명세서(~3. 10.)\n                                ③ 근속년수 검토 및 책정, 근속수당 확인\n     ③ 근속년수 검토 및 책정, 근속수당 확인\n                                ④ 연차유급휴가미사용수당 확인 및 지급\n\n 4           보수총액 신고에 따른 건강·고용·산재보험 정산 내역 반영\n 5                 근속년수 검토 및 책정, 근속수당 확인\n                             ① 상여금 지급(1월~6월)\n                             ② 방중 비근무자 급여 일할 지급 확인\n                             ③ 보수총액 변동에 따른 국민연금 보험료\n     ① 상여금 지급(1월~6월)           변동 내역 반영\n     ② 근속년수 검토 및 책정, 근속수당 확인 ④ 방학 중 비근무자 방학 중 급여 일할\n 7\n     ③ 보수총액 변동에 따른 국민연금 보험료     지급 확인\n       변동 내역 반영              ⑤ 방학 중 비근무자 방학 중 급여 부족에\n                               따른 교직원공제회비 및 대출금 등\n                               미공제 사항 확인 및 근로자에게 안내\n                             ⑥ 근속년수 검토 및 책정, 근속수당 확인\n                                     ① 방학 중 비근무자 급여 일할 지급 확인\n                                     ② 방학 중 비근무자 방학 중 급여 부족에\n 8                -\n                                       따른 교직원공제회비 및 대출금 등 미\n                                       공제 사항 확인 및 근로자에게 안내\n 9                    근속년수 검토 및 책정, 근속수당 확인\n11                    근속년수 검토 및 책정, 근속수당 확인\n12                        상여금 지급(7월~12월)\n\n※ 명절휴가비 : 명절이 있는 달 지급 원칙\n                            - 50 -
2026년도 교육공무직원 등 종합관리계획	51	4-4. 월별 급여 확인사항 등	◦ 가족수당 중복 지급 확인 점검\n -   이중 수급 등 가족수당 중복 지급 및 부정 수령과 관련한 점검 실시\n\n -   가족수당 점검 기간 내 1회 이상 지급한 자를 대상으로 분기별 2회 점검\n\n     ‣ 상반기 월       (6       )   :   1~6   월, 하반기(12월) : 7~12월 점검\n\n◦ 임금대장 작성 및 명세서 교부\n -「근로기준법」제 조 및 동법 시행령 제 조 제 조의 에 따라 48                     27   ,   27   2\n\n\n     임금대장 작성 및 명세서 교부\n\n -   임금대장 작성 및 보관\n\n     ‣ 성명 생년월일 등 근로자 특정할 수 있는 정보 고용 연월일\n               ,                                                     ,           ,\n\n\n         종사 업무, 임금 계산 기초 사항, 임금 내역별 금액을 근로자\n         별로 작성하여 보관\n     ‣ 퇴직 후 년간 보관 의무가 있으나 임금 체불 등의 공소시효가\n                        3                              ,\n\n\n         5   년이므로 최소 5년 이상 보관 권고\n -   임금명세서 교부\n\n     ‣ 근로자 임금 지급 시 임금의 구성항목 구성항목별 금액 지급                    ,                 ,\n\n\n         방법 등이 명시된 임금 명세서 서면으로 교부\n     ‣   NEIS      로 작업 된 급여 명세서를 확인 할 수 있는 환경이 구축\n         되어 있다면                 「전자문서 및 전자거래 기본법」에 따라 전자문서\n         교부 가능\n\n\n                                              - 51 -
2026년도 교육공무직원 등 종합관리계획	52	4-4. 월별 급여 확인사항 등	별도 붙임\n\n▪ (서식1) 표준근로계약서(상시근로자) ····························································· 53\n▪ (서식2) 표준근로계약서(방학 중 비근무자) ·················································· 56\n▪ (서식3) 표준근로계약서(단시간근로자) ························································· 59\n▪ (서식 4) 표준근로계약서 (대체인력 (30 일이상 )- 상시근로자 ) ··············· 62\n▪ (서식 5) 표준근로계약서 (대체인력 (30 일이상 )- 방학 중 비근무자 ) ··· 65\n▪ (서식 6) 표준근로계약서 (대체인력 (30 일이상 )- 단시간근로자 ) ··········· 68\n▪ (서식7) 표준근로계약서(대체인력(30일미만)-일용근로자) ··············· 71\n▪ (서식8) 휴직원 ································································································ 74\n▪ (서식9) 휴직 서약서 ······················································································ 75\n▪ (서식10) 복직원 ····························································································· 76\n▪ (서식11) 사직원 ····························································································· 77\n▪ (서식12) 육아기 근로시간 단축 신청서 ··················································· 78\n▪ (서식13) 휴직연장원 ····················································································· 79\n▪ (서식14) 겸업허가 신청서 ··········································································· 80\n▪ (참고1) 세종특별자치시교육청 교육공무직원 취업규칙 ························ 81\n▪ (참고2) 세종특별자치시교육청 특수운영직군 종사자 취업규칙 ········· 110\n▪ (참고 3) 세종특별자치시교육청-전국학교비정규직노동조합 2025년 단체협약 ···· 134\n\n\n                                                     - 52 -
2026년도 교육공무직원 등 종합관리계획	53	< 서식 1 > 표준근로계약서(상시근로자, 주40시간 기준)	< 서식 1 > 표준근로계약서(상시근로자, 주40시간 기준)\n\n\n                       표준근로계약서\n\n1. 계약당사자\n\n          기관명      세종특별자치시교육청           대표자   세종특별자치시교육감\n사용자\n          주소               세종특별자치시 한누리대로 2154\n          성명                           생년월일\n근로자       주소\n          연락처\n\n   당사자는 다음과 같이 근로계약을 체결하고 이를 성실히 이행할 것을 약정한다.\n\n\n2. 직종 및 계약구분\n가) 직 종 명 :\n - 근무형태 : 상시근로자\n - 근무유형 : 전일제\n나) 계약구분 : 무기계약직\n\n\n3. 근로계약기간\n 가) 근로계약기간은        년   월   일부터 정년퇴직하는 날까지로 한다.\n 나) 사용자는 근로자의 업무수행능력, 업무적격성 등을 판단하기 위하여 근로개시일부터\n   3개월의 수습기간을 둔다.\n 다) 사용자는 “나)” 항의 수습기간 동안 근무실적 및 근무태도 등을 평가하여 근로자가 업\n   무수행에 부적합하다고 판단되는 경우 근로계약을 해지할 수 있다.\n\n\n4. 근무장소 및 업무내용\n 가) 근무장소 : 교육감(학교장)이 지정하는 장소\n  (단, 전보, 재배치 등의 사유 발생 시 근무 장소 변경 가능)\n 나) 업무내용 : 직종 관련 업무 및 사용부서장의 업무분장·지시에 따른 업무\n\n\n5. 근로일, 근로시간 및 휴게시간\n 가) 근로일은 월요일부터 금요일로 한다. (주5일)\n\n  □\n  ∨ 월요일    □\n           ∨ 화요일   □\n                   ∨ 수요일    □\n                            ∨ 목요일     □\n                                      ∨ 금요일   □ 토요일   □ 일요일\n\n\n                             - 53 -
2026년도 교육공무직원 등 종합관리계획	54	▪ (서식1~3) 표준근로계약서(상시근로자,방중비근무자,단시간근로자)	나) 근로시간 및 휴게시간\n   - 1주 소정근로시간은 40시간으로 하고, 시업 및 종업시각과 휴게시간은 아래와 같이 한다.\n\n           구분                  학교               본청 및 직속기관\n        시업 및 종업시각          08:30~16:30             09:00~18:00\n           휴게시간        12:00~12:30(30분, 유급)   12:00~13:00(1시간, 무급)\n\n\n 다) 기관(학교)장은 업무상 필요에 따라 근로자의 의견을 들어 근로일, 근로시간 및 휴게\n    시간을 조정할 수 있다.\n\n\n6. 휴일·휴가\n  가) 주휴일은 매주 일요일로 하며 기관(학교)사정에 따라 달리 운영할 수 있다.\n  나) 그 밖에 휴일·휴가는 노동관계법령, 단체협약·취업규칙이 정한 바에 따른다.\n\n\n7. 임금\n 가) 지급형태 : 월급제\n 나) 임금의 구성항목 및 계산방법\n  - 임금은 기본급과 제수당으로 구성하며, 구성항목 및 계산방법의 구체적인 사항은 임금\n    협약 등 관련 지침에 따르며, 임금협약의 체결 및 지침 변경 등에 따라 변동될 수 있다.\n 다) 지급방법\n  - 임금은 매월 1일부터 말일까지 근로한 기간의 임금에서 각종 법령에 의한 제세공과금을\n   원천징수한 후 “근로자”의 예금계좌에 매월 17일 지급한다.\n    (단, 지급일이 토요일 또는 공휴일인 경우 그 전일에 지급한다.)\n\n\n8. 기타\n 가) 전보, 재배치 등 이후의 근로시간 및 복무에 관한 사항은 전보된 각급 교육기관의 운영\n    상황에 따라 변경한 것으로 본다.\n 나) 이 계약서에서 정하지 아니한 사항은 취업규칙·단체협약 및 근로기준법 등 노동관계\n    법령에서 정하는 바에 따른다.\n\n\n9. 의무사항 준수\n\n                              서 약 서\n        근로계약에 따라 다음 사항을 준수할 것을 엄숙히 서약합니다. ( □ 동의      □ 미동의      )\n1. 맡은바 직무를 충실히 수행하고, 신의에 따라 성실하게 근무한다.\n2. 근무 중 알게 된 모든 기밀사항은 계약기간중은 물론, 계약만료 후에도 외부에 일체 누설하지 않는다.\n3. 근무기간동안 사용자의 제규정 및 관계 법령을 준수하고 사용부서의 장의 업무상 지시에 따른다.\n4. 출퇴근 시간 및 근무기관의 제반 근무수칙을 엄수한다.\n5. 근무기관의 명예와 신용을 손상하거나 업무관련 자료를 유출하는 일이 없도록 한다.\n\n\n                                - 54 -
2026년도 교육공무직원 등 종합관리계획	55	▪ (서식1~3) 표준근로계약서(상시근로자,방중비근무자,단시간근로자)	10. 개인정보 수집 및 이용동의\n                      개인정보 수집 및 이용 동의서\n                    1. 개인 식별의 목적\n                    2. 근로계약 체결 및 고용유지, 각종 제증명 발급 등 근로자 인사복무 기록관리, 인사·\n                     급여관리(인사이동, 급여지급 등) 및 4대보험 가입, 연말정산, 외부교육, 결격사유\n  개인정보의 수집 이용 목적     조회, 범죄경력조회의 목적\n                    3. 개인정보의 제3자 제공\n                      - 개인정보를 제공받는 자 : 국세청(관할 지방세무서), 관공서(교육부, 고용노동부, 국민연\n                      금공단, 국민건강보험공단, 근로복지공단 세종경찰서 등), 각종 인사관리 관련 위탁(교육)기관\n\n                    1. 개인식별정보(성명, 증명사진)\n                    2. 고유식별정보(주민등록번호)\n                    3. 연락정보(주소, 전화번호, 휴대전화번호, 전자우편주소)\n  수집하는 개인정보 항목      4. 경력사항(근무처, 근무기간, 직종, 업무)\n                    5. 병역사항(복무기간, 병과)\n                    6. 가족사항(가족관계, 성명, 생년월일)\n                    7. 기타사항(자격, 면허, 장애여부, 장애유형, 장애구분, 장애인등급)\n\n                    위에 기재한 수집 이용의 목적을 모두 달성할 때까지 보유 이용 후, 법령에 따라 해당\n  개인정보의 보유 및 이용기간\n                    개인 정보를 보존해야 하는 의무가 존재하지 않게 된 것이 확인된 때에 파기\n  동의거부에 따른 불이익      인사·급여제도 등 운영 시 정보부재로 인한 불이익\n    위 내용을 충분히 숙지하고 개인정보의 수집 및 이용에 대해( □ 동의                  □ 미동의 )\n\n\n11. 별도 세부 계약내용(특이사항 등)\n\n\n사용자는 근로자와 본 근로계약을 체결함과 동시에 근로계약서 2부를 작성하여 1부를 근로자에게 교부한다.\n\n\n                               년     월 일\n\n\n            사용자                                       근로자\n\n    세종특별자치시교육감               (직인)                             (서명 또는 인)\n\n\n                                   - 55 -
2026년도 교육공무직원 등 종합관리계획	56	< 서식 2 > 표준근로계약서(방학 중 비근무자, 주40시간 기준)	< 서식 2 > 표준근로계약서(방학 중 비근무자, 주40시간 기준)\n\n\n                       표준근로계약서\n1. 계약당사자\n\n          기관명      세종특별자치시교육청           대표자   세종특별자치시교육감\n사용자\n          주소               세종특별자치시 한누리대로 2154\n          성명                           생년월일\n근로자       주소\n          연락처\n\n   당사자는 다음과 같이 근로계약을 체결하고 이를 성실히 이행할 것을 약정한다.\n\n\n2. 직종 및 계약구분\n가) 직 종 명 :\n - 근무형태 : 방학중비근무자\n - 근무유형 : 전일제\n나) 계약구분 : 무기계약직\n\n\n3. 근로계약기간\n 가) 근로계약기간은        년   월   일부터 정년퇴직하는 날까지로 한다.\n 나) 사용자는 근로자의 업무수행능력, 업무적격성 등을 판단하기 위하여 근로개시일부터\n   3개월의 수습기간을 둔다.\n 다) 사용자는 “나)” 항의 수습기간 동안 근무실적 및 근무태도 등을 평가하여 근로자가 업\n   무수행에 부적합하다고 판단되는 경우 근로계약을 해지할 수 있다.\n\n\n4. 근무장소 및 업무내용\n 가) 근무장소 : 교육감(학교장)이 지정하는 장소\n  (단, 전보, 재배치 등의 사유 발생 시 근무 장소 변경 가능)\n 나) 업무내용 : 직종 관련 업무 및 사용부서장의 업무분장·지시에 따른 업무\n\n\n5. 근로일, 근로시간 및 휴게시간\n 가) 근로일은 월요일부터 금요일로 한다. (주5일)\n  □\n  ∨ 월요일    □\n           ∨ 화요일   □\n                   ∨ 수요일    □\n                            ∨ 목요일     □\n                                      ∨ 금요일   □ 토요일   □ 일요일\n\n  (방학 중 비근무자의 근로일은 학사일정에 따라 학기중으로 한다.)\n\n\n                             - 56 -
2026년도 교육공무직원 등 종합관리계획	57	▪ (서식1~3) 표준근로계약서(상시근로자,방중비근무자,단시간근로자)	나) 근로시간 및 휴게시간\n   - 1주 소정근로시간은 40시간으로 하고, 시업 및 종업시각과 휴게시간은 아래와 같이 한다.\n\n           구분                  학교               본청 및 직속기관\n        시업 및 종업시각          08:30~16:30             09:00~18:00\n           휴게시간        12:00~12:30(30분, 유급)   12:00~13:00(1시간, 무급)\n\n\n 다) 기관(학교)장은 업무상 필요에 따라 근로자의 의견을 들어 근로일, 근로시간 및 휴게\n    시간을 조정할 수 있다.\n\n\n6. 휴일·휴가\n  가) 주휴일은 매주 일요일로 하며 기관(학교)사정에 따라 달리 운영할 수 있다.\n  나) 그 밖에 휴일·휴가는 노동관계법령, 단체협약·취업규칙이 정한 바에 따른다.\n\n\n7. 임금\n 가) 지급형태 : 월급제\n 나) 임금의 구성항목 및 계산방법\n  - 임금은 기본급과 제수당으로 구성하며, 구성항목 및 계산방법의 구체적인 사항은 임금\n    협약 등 관련 지침에 따르며, 임금협약의 체결 및 지침 변경 등에 따라 변동될 수 있다.\n 다) 지급방법\n  - 임금은 매월 1일부터 말일까지 근로한 기간의 임금에서 각종 법령에 의한 제세공과금을\n   원천징수한 후 “근로자”의 예금계좌에 매월 17일 지급한다.\n    (단, 지급일이 토요일 또는 공휴일인 경우 그 전일에 지급한다.)\n\n\n8. 기타\n 가) 전보, 재배치 등 이후의 근로시간 및 복무에 관한 사항은 전보된 각급 교육기관의 운영\n    상황에 따라 변경한 것으로 본다.\n 나) 이 계약서에서 정하지 아니한 사항은 취업규칙·단체협약 및 근로기준법 등 노동관계\n    법령에서 정하는 바에 따른다.\n\n\n9. 의무사항 준수\n\n                              서 약 서\n        근로계약에 따라 다음 사항을 준수할 것을 엄숙히 서약합니다. ( □ 동의      □ 미동의      )\n1. 맡은바 직무를 충실히 수행하고, 신의에 따라 성실하게 근무한다.\n2. 근무 중 알게 된 모든 기밀사항은 계약기간중은 물론, 계약만료 후에도 외부에 일체 누설하지 않는다.\n3. 근무기간동안 사용자의 제규정 및 관계 법령을 준수하고 사용부서의 장의 업무상 지시에 따른다.\n4. 출퇴근 시간 및 근무기관의 제반 근무수칙을 엄수한다.\n5. 근무기관의 명예와 신용을 손상하거나 업무관련 자료를 유출하는 일이 없도록 한다.\n\n\n                                - 57 -
2026년도 교육공무직원 등 종합관리계획	58	▪ (서식1~3) 표준근로계약서(상시근로자,방중비근무자,단시간근로자)	10. 개인정보 수집 및 이용동의\n                      개인정보 수집 및 이용 동의서\n                    1. 개인 식별의 목적\n                    2. 근로계약 체결 및 고용유지, 각종 제증명 발급 등 근로자 인사복무 기록관리, 인사·\n                     급여관리(인사이동, 급여지급 등) 및 4대보험 가입, 연말정산, 외부교육, 결격사유\n  개인정보의 수집 이용 목적     조회, 범죄경력조회의 목적\n                    3. 개인정보의 제3자 제공\n                      - 개인정보를 제공받는 자 : 국세청(관할 지방세무서), 관공서(교육부, 고용노동부, 국민연\n                      금공단, 국민건강보험공단, 근로복지공단 세종경찰서 등), 각종 인사관리 관련 위탁(교육)기관\n\n                    1. 개인식별정보(성명, 증명사진)\n                    2. 고유식별정보(주민등록번호)\n                    3. 연락정보(주소, 전화번호, 휴대전화번호, 전자우편주소)\n  수집하는 개인정보 항목      4. 경력사항(근무처, 근무기간, 직종, 업무)\n                    5. 병역사항(복무기간, 병과)\n                    6. 가족사항(가족관계, 성명, 생년월일)\n                    7. 기타사항(자격, 면허, 장애여부, 장애유형, 장애구분, 장애인등급)\n\n                    위에 기재한 수집 이용의 목적을 모두 달성할 때까지 보유 이용 후, 법령에 따라 해당\n  개인정보의 보유 및 이용기간\n                    개인 정보를 보존해야 하는 의무가 존재하지 않게 된 것이 확인된 때에 파기\n  동의거부에 따른 불이익      인사·급여제도 등 운영 시 정보부재로 인한 불이익\n    위 내용을 충분히 숙지하고 개인정보의 수집 및 이용에 대해( □ 동의                  □ 미동의 )\n\n\n11. 별도 세부 계약내용(특이사항 등)\n\n\n사용자는 근로자와 본 근로계약을 체결함과 동시에 근로계약서 2부를 작성하여 1부를 근로자에게 교부한다.\n\n\n                               년     월 일\n\n\n            사용자                                       근로자\n\n    세종특별자치시교육감               (직인)                             (서명 또는 인)\n\n\n                                   - 58 -
2026년도 교육공무직원 등 종합관리계획	59	< 서식 3 > 표준근로계약서(단시간근로자)	< 서식 3 > 표준근로계약서(단시간근로자)\n\n\n                             표준근로계약서\n\n1. 계약당사자\n\n          기관명           세종특별자치시교육청                     대표자       세종특별자치시교육감\n사용자\n          주소                       세종특별자치시 한누리대로 2154\n          성명                                        생년월일\n근로자       주소\n          연락처\n\n   당사자는 다음과 같이 근로계약을 체결하고 이를 성실히 이행할 것을 약정한다.\n\n\n2. 직종 및 계약구분\n가) 직 종 명 :\n - 근무형태 : 단시간근무자\n - 근무유형 : 시간제\n나) 계약구분 : 무기계약직\n\n\n3. 근로계약기간\n 가) 근로계약기간은             년 월 일부터 정년퇴직하는 날까지로 한다.\n 나) 사용자는 근로자의 업무수행능력, 업무적격성 등을 판단하기 위하여 근로개시일부터\n   3개월의 수습기간을 둔다.\n 다) 사용자는 “나)” 항의 수습기간 동안 근무실적 및 근무태도 등을 평가하여 근로자가 업\n   무수행에 부적합하다고 판단되는 경우 근로계약을 해지할 수 있다.\n\n\n4. 근무장소 및 업무내용\n 가) 근무장소 : 교육감(학교장)이 지정하는 장소\n  (단, 전보, 재배치 등의 사유 발생 시 근무 장소 변경 가능)\n 나) 업무내용 : 직종 관련 업무 및 사용부서장의 업무분장·지시에 따른 업무\n\n\n5. 근로일, 근로시간 및 휴게시간\n 가) 근로일은 월요일부터 금요일로 한다. (주 5일)\n   근로일       □\n             ∨ 월요일      □\n                        ∨ 화요일     □\n                                  ∨ 수요일     □\n                                            ∨ 목요일      □\n                                                       ∨ 금요일     □ 토요일    □ 일요일\n   근로시간         (6)시간     (6)시간     (6)시간      (6)시간     (6)시간     ()시간     ()시간\n\n\n                                      - 59 -
2026년도 교육공무직원 등 종합관리계획	60	▪ (서식1~3) 표준근로계약서(상시근로자,방중비근무자,단시간근로자)	나) 근로시간 및 휴게시간\n  - 1주 소정근로시간은 30시간으로 하고, 시업 및 종업시각과 휴게시간은 아래와 같이 한다.\n           구분               학교               본청 및 직속기관\n        시업 및 종업시각       10:30~16:30            09:00~15:30\n          휴게시간      12:00~12:30(30분, 유급)   12:00~12:30(30분, 무급)\n\n  ※ 근로시간 및 휴게시간은 기관(학교)에 따라 다를 수 있으므로, 각 기관(학교)의 상황에\n    맞게 수정하여 사용\n 다) 기관(학교)장은 업무상 필요에 따라 근로자의 의견을 들어 근로일, 근로시간 및 휴게\n    시간을 조정할 수 있다.\n\n\n6. 휴일·휴가\n   가) 주휴일은 매주 일요일로 하며 기관(학교)사정에 따라 달리 운영할 수 있다.\n  나) 그 밖에 휴일·휴가는 노동관계법령, 단체협약·취업규칙이 정한 바에 따른다.\n\n\n7. 임금\n  가) 지급형태 : 월급제\n 나) 임금의 구성항목 및 계산방법\n  - 임금은 기본급과 제수당으로 구성하며, 구성항목 및 계산방법의 구체적인 사항은 임금\n    협약 등 관련 지침에 따르며, 임금협약의 체결 및 지침 변경 등에 따라 변동될 수 있다.\n 다) 지급방법\n  - 임금은 매월 1일부터 말일까지 근로한 기간의 임금에서 각종 법령에 의한 제세공과금을\n   원천징수한 후 “근로자”의 예금계좌에 매월 17일 지급한다.\n    (단, 지급일이 토요일 또는 공휴일인 경우 그 전일에 지급한다.)\n\n8. 기타\n 가) 전보, 재배치 등 이후의 근로시간 및 복무에 관한 사항은 전보된 각급 교육기관의 운영\n    상황에 따라 변경한 것으로 본다.\n 나) 이 계약서에서 정하지 아니한 사항은 취업규칙·단체협약 및 근로기준법 등 노동관계\n    법령에서 정하는 바에 따른다.\n\n\n9. 의무사항 준수\n\n                           서 약 서\n     근로계약에 따라 다음 사항을 준수할 것을 엄숙히 서약합니다. ( □ 동의      □ 미동의     )\n1. 맡은바 직무를 충실히 수행하고, 신의에 따라 성실하게 근무한다.\n2. 근무 중 알게 된 모든 기밀사항은 계약기간중은 물론, 계약만료 후에도 외부에 일체 누설하지 않는다.\n3. 근무기간동안 사용자의 제규정 및 관계 법령을 준수하고 사용부서의 장의 업무상 지시에 따른다.\n4. 출퇴근 시간 및 근무기관의 제반 근무수칙을 엄수한다.\n5. 근무기관의 명예와 신용을 손상하거나 업무관련 자료를 유출하는 일이 없도록 한다.\n\n\n                             - 60 -
2026년도 교육공무직원 등 종합관리계획	61	▪ (서식1~3) 표준근로계약서(상시근로자,방중비근무자,단시간근로자)	10. 개인정보 수집 및 이용동의\n\n                      개인정보 수집 및 이용 동의서\n                    1. 개인 식별의 목적\n                    2. 인사·급여관리(인사이동, 급여지급 등) 및 4대보험 가입, 연말정산, 외부교육의 목적\n  개인정보의 수집 이용 목적    3. 개인정보의 제3자 제공\n                      - 개인정보를 제공받는 자 : 국세청(관할 지방세무서), 관공서(교육부, 고용노동부,\n                      국민연금공단, 국민건강보험공단, 근로복지공단 등), 각종 인사관리 관련 위탁(교육)기관\n                    1. 개인식별정보(성명, 증명사진)\n                    2. 고유식별정보(주민등록번호, 외국인등록번호)\n                    3. 연락정보(주소, 전화번호, 휴대전화번호, 전자우편주소)\n                    4. 학력사항(재학기간, 학교명, 학과, 학위)\n  수집하는 개인정보 항목\n                    5. 경력사항(근무처, 근무기간, 직종, 업무)\n                    6. 병역사항(복무기간, 병과)\n                    7. 가족사항(가족관계, 성명, 생년월일)\n                    8. 기타사항(자격, 면허, 장애여부, 장애유형, 장애구분, 장애인등급)\n                    위에 기재한 수집 이용의 목적을 모두 달성할 때까지 보유 이용 후, 법령에 따라 해당\n  개인정보의 보유 및 이용기간\n                    개인 정보를 보존해야 하는 의무가 존재하지 않게 된 것이 확인된 때에 파기\n  동의거부에 따른 불이익      인사·급여제도 운영 시 정보부재로 인한 불이익\n    위 내용을 충분히 숙지하고 개인정보의 수집 및 이용에 대해( □ 동의               □ 미동의 )\n\n\n11. 별도 세부 계약내용(특이사항 등)\n\n\n사용자는 근로자와 본 근로계약을 체결함과 동시에 근로계약서 2부를 작성하여 1부를 근로자에게 교부한다.\n\n\n                               년     월 일\n\n\n            사용자                                     근로자\n\n    세종특별자치시교육감               (직인)                          (서명 또는 인)\n\n\n                                   - 61 -
2026년도 교육공무직원 등 종합관리계획	62	< 서식 4 > 표준근로계약서(대체근로자(30일 이상), 상시근로자)	< 서식 4 > 표준근로계약서(대체근로자(30일 이상), 상시근로자)\n\n\n                   근로계약서(대체근로자)\n1. 계약당사자\n\n          기관명        도담중학교              대표자           홍순덕\n사용자\n          주소               세종특별자치시 보람로 80(도담동)\n          성명                           생년월일\n근로자       주소\n          연락처\n\n   당사자는 다음과 같이 근로계약을 체결하고 이를 성실히 이행할 것을 약정한다.\n\n2. 직종 및 계약구분\n 가) 직 종 명 :\n - 근무형태 : 상시근로자\n                                                               행정실    2026/02/02 13:16\n - 근무유형 : 전일제\n나) 계약구분 : 계약직(대체근로    – 원직자: , 사유: 육아휴직)                        *반드시 기재할 것\n\n\n3. 근로계약기간\n 근로계약기간은 2026년 3월 1일부터 2026년 5월 31일까지로 한다. 다만, 계약기간\n 중 휴직자 복직 또는 결원 충원 시 중도에 계약을 해지할 수 있다.\n  ※ 계약기간 만료 시 근로관계 자동 종료됨\n\n\n4. 근무장소 및 업무내용\n  가) 근무장소 : “도담중학교(학교장이 지정하는 장소)”\n 나) 업무내용 : 직종 관련 업무 및 “학교장 ”의 업무분장·지시에 따른 업무\n\n5. 근로일, 근로시간 및 휴게시간\n 가) 근로일은 월요일부터 금요일로 한다. (주5일)\n\n  □\n  ∨ 월요일    □\n           ∨ 화요일   □\n                   ∨ 수요일    □\n                            ∨ 목요일     □\n                                      ∨ 금요일   □ 토요일    □ 일요일\n\n 나) 근로시간 및 휴게시간\n  - 1주 소정근로시간은 40시간으로 하고, 시업 및 종업시각과 휴게시간은 아래와 같이 한다.\n\n\n                             - 62 -
2026년도 교육공무직원 등 종합관리계획	63	▪ (서식4~6) 표준근로계약서(대체인력(30일이상)-상시근로자,방중비근무자,단시간근로자)	구분                 학교               본청 및 직속기관\n        시업 및 종업시각         08:30~16:30             09:00~18:00\n           휴게시간       12:00~12:30(30분, 유급)   12:00~13:00(1시간, 무급)\n\n 다) 학교장은 업무상 필요에 따라 근로자의 의견을 들어 근로일, 근로시간 및 휴게시간을\n    조정할 수 있다.\n\n\n6. 휴일·휴가\n  가) 주휴일은 매주 일요일로 하며 학교사정에 따라 달리 운영할 수 있다.\n  나) 그 밖에 휴일·휴가는 노동관계법령, 단체협약·취업규칙이 정한 바에 따른다.\n\n\n7. 임금\n 가) 지급형태 : 월급제\n 나) 임금의 구성항목 및 계산방법\n  - 임금은 기본급과 제수당으로 구성하며, 구성항목, 자급방식의 구체적인 사항은 임금\n   협약 등 관련 지침에 따르며, 임금협약의 체결 및 지침 변경 등에 따라 변동될 수 있다.\n 다) 지급방법\n  - 임금은 매월 1일부터 말일까지 근로한 기간의 임금에서 각종 법령에 의한 제세공과금을\n   원천징수한 후 “근로자”의 예금계좌에 매월 17일 지급한다.\n   (단, 지급일이 토요일 또는 공휴일인 경우 그 전일에 지급한다.)\n\n\n8. 기타\n   이 계약서에서 정하지 아니한 사항은 취업규칙·단체협약 및 근로기준법 등 노동관계법령\n   에서 정하는 바에 따른다.\n\n\n9. 의무사항 준수\n\n                             서 약 서\n\n         근로계약에 따라 다음 사항을 준수할 것을 엄숙히 서약합니다. ( □\n                                             ∨ 동의여부         )\n\n\n1. 맡은바 직무를 충실히 수행하고, 신의에 따라 성실하게 근무한다.\n2. 근무 중 알게 된 모든 기밀사항은 계약기간중은 물론, 계약만료 후에도 외부에 일체 누설하지 않는다.\n3. 근무기간동안 사용자의 제규정 및 관계 법령을 준수하고 사용부서의 장의 업무상 지시에 따른다.\n4. 출퇴근 시간 및 근무기관의 제반 근무수칙을 엄수한다.\n5. 근무기관의 명예와 신용을 손상하거나 업무관련 자료를 유출하는 일이 없도록 한다.\n\n\n                               - 63 -
2026년도 교육공무직원 등 종합관리계획	64	▪ (서식4~6) 표준근로계약서(대체인력(30일이상)-상시근로자,방중비근무자,단시간근로자)	10. 개인정보 수집 및 이용동의\n\n                      개인정보 수집 및 이용 동의서\n                    1. 개인 식별의 목적\n                    2. 인사·급여관리(인사이동, 급여지급 등) 및 4대보험 가입, 연말정산, 외부교육의 목적\n  개인정보의 수집 이용 목적    3. 개인정보의 제3자 제공\n                      - 개인정보를 제공받는 자 : 국세청(관할 지방세무서), 관공서(교육부, 고용노동부,\n                      국민연금공단, 국민건강보험공단, 근로복지공단 등), 각종 인사관리 관련 위탁(교육)기관\n                    1. 개인식별정보(성명, 증명사진)\n                    2. 고유식별정보(주민등록번호, 외국인등록번호)\n                    3. 연락정보(주소, 전화번호, 휴대전화번호, 전자우편주소)\n                    4. 학력사항(재학기간, 학교명, 학과, 학위)\n  수집하는 개인정보 항목\n                    5. 경력사항(근무처, 근무기간, 직종, 업무)\n                    6. 병역사항(복무기간, 병과)\n                    7. 가족사항(가족관계, 성명, 생년월일)\n                    8. 기타사항(자격, 면허, 장애여부, 장애유형, 장애구분, 장애인등급)\n                    위에 기재한 수집 이용의 목적을 모두 달성할 때까지 보유 이용 후, 법령에 따라 해당\n  개인정보의 보유 및 이용기간\n                    개인 정보를 보존해야 하는 의무가 존재하지 않게 된 것이 확인된 때에 파기\n  동의거부에 따른 불이익      인사·급여제도 운영 시 정보부재로 인한 불이익\n       위 내용을 충분히 숙지하고 개인정보의 수집 및 이용에 대해( □\n                                         ∨ 동의여부 )                        행정실     2026/02/02 13:33\n\n                                                                         11. 별도 세부 계약내용(특이\n                                                                         사항 등)\n사용자는 근로자와 본 근로계약을 체결함과 동시에 근로계약서 2부를 작성하여 1부를 근로자에게 교\n부한다.\n\n\n                          20    년        월   일\n\n\n              사용자                                   근로자\n\n 도담중학교장                 (직인)                               (서명 또는 인)\n\n\n                                    - 64 -
2026년도 교육공무직원 등 종합관리계획	65	< 서식 5 > 표준근로계약서(대체근로자(30일 이상), 방학 중 비근무자)	< 서식 5 > 표준근로계약서(대체근로자(30일 이상), 방학 중 비근무자)\n\n\n                   근로계약서(대체근로자)\n1. 계약당사자\n\n          기관명                            대표자\n 사용자\n          주소\n          성명                            생년월일\n 근로자      주소\n          연락처\n\n   당사자는 다음과 같이 근로계약을 체결하고 이를 성실히 이행할 것을 약정한다.\n\n2. 직종 및 계약구분\n 가) 직 종 명 :\n - 근무형태 : 방학중비근무자\n - 근무유형 : 전일제\n나) 계약구분 : 계약직(대체근로    – 원직자: OOO, 사유: OOO) *반드시 기재할 것\n3. 근로계약기간\n  근로계약기간은     년 월 일부터       년 월 일까지로 한다. 다만, 계약기간\n  중 휴직자 복직 또는 결원 충원 시 중도에 계약을 해지할 수 있다.\n  ※ 계약기간 만료 시 근로관계 자동 종료됨\n\n\n4. 근무장소 및 업무내용\n  가) 근무장소 : “사용자가 지정하는 장소”\n 나) 업무내용 : 직종 관련 업무 및 “사용부서장”의 업무분장·지시에 따른 업무\n\n5. 근로일, 근로시간 및 휴게시간\n 가) 근로일은 월요일부터 금요일로 한다. (주5일)\n\n  □\n  ∨ 월요일    □\n           ∨ 화요일   □\n                   ∨ 수요일     □\n                             ∨ 목요일     □\n                                       ∨ 금요일   □ 토요일   □ 일요일\n\n  (방학 중 비근무자의 근로일은 학사일정에 따라 학기중으로 한다.)\n나) 근로시간 및 휴게시간\n   - 1주 소정근로시간은 40시간으로 하고, 시업 및 종업시각과 휴게시간은 아래와 같이 한다.\n\n\n                              - 65 -
2026년도 교육공무직원 등 종합관리계획	66	▪ (서식4~6) 표준근로계약서(대체인력(30일이상)-상시근로자,방중비근무자,단시간근로자)	구분                 학교               본청 및 직속기관\n        시업 및 종업시각         08:30~16:30             09:00~18:00\n           휴게시간       12:00~12:30(30분, 유급)   12:00~13:00(1시간, 무급)\n\n 다) 기관(학교)장은 업무상 필요에 따라 근로자의 의견을 들어 근로일, 근로시간 및 휴게\n    시간을 조정할 수 있다.\n\n\n6. 휴일·휴가\n  가) 주휴일은 매주 일요일로 하며 기관(학교)사정에 따라 달리 운영할 수 있다.\n  나) 그 밖에 휴일·휴가는 노동관계법령, 단체협약·취업규칙이 정한 바에 따른다.\n\n\n7. 임금\n 가) 지급형태 : 월급제\n 나) 임금의 구성항목 및 계산방법\n  - 임금은 기본급과 제수당으로 구성하며, 구성항목, 자급방식의 구체적인 사항은 임금\n   협약 등 관련 지침에 따르며, 임금협약의 체결 및 지침 변경 등에 따라 변동될 수 있다.\n 다) 지급방법\n  - 임금은 매월 1일부터 말일까지 근로한 기간의 임금에서 각종 법령에 의한 제세공과금을\n   원천징수한 후 “근로자”의 예금계좌에 매월 17일 지급한다.\n   (단, 지급일이 토요일 또는 공휴일인 경우 그 전일에 지급한다.)\n\n\n8. 기타\n   이 계약서에서 정하지 아니한 사항은 취업규칙·단체협약 및 근로기준법 등 노동관계법령\n   에서 정하는 바에 따른다.\n\n\n9. 의무사항 준수\n\n                             서 약 서\n\n         근로계약에 따라 다음 사항을 준수할 것을 엄숙히 서약합니다. ( □\n                                             ∨ 동의여부         )\n\n\n1. 맡은바 직무를 충실히 수행하고, 신의에 따라 성실하게 근무한다.\n2. 근무 중 알게 된 모든 기밀사항은 계약기간중은 물론, 계약만료 후에도 외부에 일체 누설하지 않는다.\n3. 근무기간동안 사용자의 제규정 및 관계 법령을 준수하고 사용부서의 장의 업무상 지시에 따른다.\n4. 출퇴근 시간 및 근무기관의 제반 근무수칙을 엄수한다.\n5. 근무기관의 명예와 신용을 손상하거나 업무관련 자료를 유출하는 일이 없도록 한다.\n\n\n                               - 66 -
2026년도 교육공무직원 등 종합관리계획	67	▪ (서식4~6) 표준근로계약서(대체인력(30일이상)-상시근로자,방중비근무자,단시간근로자)	10. 개인정보 수집 및 이용동의\n\n                      개인정보 수집 및 이용 동의서\n                    1. 개인 식별의 목적\n                    2. 인사·급여관리(인사이동, 급여지급 등) 및 4대보험 가입, 연말정산, 외부교육의 목적\n  개인정보의 수집 이용 목적    3. 개인정보의 제3자 제공\n                      - 개인정보를 제공받는 자 : 국세청(관할 지방세무서), 관공서(교육부, 고용노동부,\n                      국민연금공단, 국민건강보험공단, 근로복지공단 등), 각종 인사관리 관련 위탁(교육)기관\n                    1. 개인식별정보(성명, 증명사진)\n                    2. 고유식별정보(주민등록번호, 외국인등록번호)\n                    3. 연락정보(주소, 전화번호, 휴대전화번호, 전자우편주소)\n                    4. 학력사항(재학기간, 학교명, 학과, 학위)\n  수집하는 개인정보 항목\n                    5. 경력사항(근무처, 근무기간, 직종, 업무)\n                    6. 병역사항(복무기간, 병과)\n                    7. 가족사항(가족관계, 성명, 생년월일)\n                    8. 기타사항(자격, 면허, 장애여부, 장애유형, 장애구분, 장애인등급)\n                    위에 기재한 수집 이용의 목적을 모두 달성할 때까지 보유 이용 후, 법령에 따라 해당\n  개인정보의 보유 및 이용기간\n                    개인 정보를 보존해야 하는 의무가 존재하지 않게 된 것이 확인된 때에 파기\n  동의거부에 따른 불이익      인사·급여제도 운영 시 정보부재로 인한 불이익\n    위 내용을 충분히 숙지하고 개인정보의 수집 및 이용에 대해( □\n                                      ∨ 동의여부 )\n\n\n11. 별도 세부 계약내용(특이사항 등)\n\n\n사용자는 근로자와 본 근로계약을 체결함과 동시에 근로계약서 2부를 작성하여 1부를 근로자에게\n교부한다.\n\n\n                          20    년        월   일\n\n\n            사용자                                     근로자\n\n                               (직인)                        (서명 또는 인)\n\n\n                                    - 67 -
2026년도 교육공무직원 등 종합관리계획	68	< 서식 6 > 표준근로계약서(대체근로자(30일 이상), 단시간근로자)	< 서식 6 > 표준근로계약서(대체근로자(30일 이상), 단시간근로자)\n\n\n                   근로계약서(대체근로자)\n1. 계약당사자\n\n          기관명                            대표자\n 사용자\n          주소\n          성명                            생년월일\n 근로자      주소\n          연락처\n\n   당사자는 다음과 같이 근로계약을 체결하고 이를 성실히 이행할 것을 약정한다.\n\n2. 직종 및 계약구분\n 가) 직 종 명 :\n - 근무형태 : 단시간근무자\n - 근무유형 : 시간제\n나) 계약구분 : 계약직(대체근로    – 원직자: OOO, 사유: OOO) *반드시 기재할 것\n3. 근로계약기간\n  근로계약기간은     년 월 일부터       년 월 일까지로 한다. 다만, 계약기간\n  중 휴직자 복직 또는 결원 충원 시 중도에 계약을 해지할 수 있다.\n  ※ 계약기간 만료 시 근로관계 자동 종료됨\n\n\n4. 근무장소 및 업무내용\n  가) 근무장소 : “사용자가 지정하는 장소”\n 나) 업무내용 : 직종 관련 업무 및 “사용부서장”의 업무분장·지시에 따른 업무\n\n5. 근로일, 근로시간 및 휴게시간\n 가) 근로일은 월요일부터 금요일로 한다. (주5일)\n\n  □\n  ∨ 월요일    □\n           ∨ 화요일   □\n                   ∨ 수요일     □\n                             ∨ 목요일     □\n                                       ∨ 금요일   □ 토요일   □ 일요일\n\n 나) 근로시간 및 휴게시간\n  - 1주 소정근로시간은 30시간으로 하고, 시업 및 종업시각과 휴게시간은 아래와 같이 한다.\n\n\n                              - 68 -
2026년도 교육공무직원 등 종합관리계획	69	▪ (서식4~6) 표준근로계약서(대체인력(30일이상)-상시근로자,방중비근무자,단시간근로자)	구분                 학교               본청 및 직속기관\n        시업 및 종업시각         10:30~16:30            09:00~15:30\n           휴게시간       12:00~12:30(30분, 유급)   12:00~12:30(30분, 무급)\n\n  ※ 근로시간 및 휴게시간은 기관(학교)에 따라 다를 수 있으므로, 각 기관(학교)의 상황에\n    맞게 수정하여 사용\n  다) 기관(학교)장은 업무상 필요에 따라 근로자의 의견을 들어 근로일, 근로시간 및 휴게\n    시간을 조정할 수 있다.\n\n\n6. 휴일·휴가\n  가) 주휴일은 매주 일요일로 하며 기관(학교)사정에 따라 달리 운영할 수 있다.\n  나) 그 밖에 휴일·휴가는 노동관계법령, 단체협약·취업규칙이 정한 바에 따른다.\n\n\n7. 임금\n 가) 지급형태 : 월급제\n 나) 임금의 구성항목 및 계산방법\n  - 임금은 기본급과 제수당으로 구성하며, 구성항목, 자급방식의 구체적인 사항은 임금\n   협약 등 관련 지침에 따르며, 임금협약의 체결 및 지침 변경 등에 따라 변동될 수 있다.\n 다) 지급방법\n  - 임금은 매월 1일부터 말일까지 근로한 기간의 임금에서 각종 법령에 의한 제세공과금을\n   원천징수한 후 “근로자”의 예금계좌에 매월 17일 지급한다.\n   (단, 지급일이 토요일 또는 공휴일인 경우 그 전일에 지급한다.)\n\n\n8. 기타\n   이 계약서에서 정하지 아니한 사항은 취업규칙·단체협약 및 근로기준법 등 노동관계법령\n   에서 정하는 바에 따른다.\n\n\n9. 의무사항 준수\n\n                             서 약 서\n\n         근로계약에 따라 다음 사항을 준수할 것을 엄숙히 서약합니다. ( □\n                                             ∨ 동의여부        )\n\n\n1. 맡은바 직무를 충실히 수행하고, 신의에 따라 성실하게 근무한다.\n2. 근무 중 알게 된 모든 기밀사항은 계약기간중은 물론, 계약만료 후에도 외부에 일체 누설하지 않는다.\n3. 근무기간동안 사용자의 제규정 및 관계 법령을 준수하고 사용부서의 장의 업무상 지시에 따른다.\n4. 출퇴근 시간 및 근무기관의 제반 근무수칙을 엄수한다.\n5. 근무기관의 명예와 신용을 손상하거나 업무관련 자료를 유출하는 일이 없도록 한다.\n\n\n                               - 69 -
2026년도 교육공무직원 등 종합관리계획	70	▪ (서식4~6) 표준근로계약서(대체인력(30일이상)-상시근로자,방중비근무자,단시간근로자)	10. 개인정보 수집 및 이용동의\n\n                      개인정보 수집 및 이용 동의서\n                    1. 개인 식별의 목적\n                    2. 인사·급여관리(인사이동, 급여지급 등) 및 4대보험 가입, 연말정산, 외부교육의 목적\n  개인정보의 수집 이용 목적    3. 개인정보의 제3자 제공\n                      - 개인정보를 제공받는 자 : 국세청(관할 지방세무서), 관공서(교육부, 고용노동부,\n                      국민연금공단, 국민건강보험공단, 근로복지공단 등), 각종 인사관리 관련 위탁(교육)기관\n                    1. 개인식별정보(성명, 증명사진)\n                    2. 고유식별정보(주민등록번호, 외국인등록번호)\n                    3. 연락정보(주소, 전화번호, 휴대전화번호, 전자우편주소)\n                    4. 학력사항(재학기간, 학교명, 학과, 학위)\n  수집하는 개인정보 항목\n                    5. 경력사항(근무처, 근무기간, 직종, 업무)\n                    6. 병역사항(복무기간, 병과)\n                    7. 가족사항(가족관계, 성명, 생년월일)\n                    8. 기타사항(자격, 면허, 장애여부, 장애유형, 장애구분, 장애인등급)\n                    위에 기재한 수집 이용의 목적을 모두 달성할 때까지 보유 이용 후, 법령에 따라 해당\n  개인정보의 보유 및 이용기간\n                    개인 정보를 보존해야 하는 의무가 존재하지 않게 된 것이 확인된 때에 파기\n  동의거부에 따른 불이익      인사·급여제도 운영 시 정보부재로 인한 불이익\n       위 내용을 충분히 숙지하고 개인정보의 수집 및 이용에 대해( □\n                                         ∨ 동의여부 )\n\n\n11. 별도 세부 계약내용(특이사항 등)\n\n\n사용자는 근로자와 본 근로계약을 체결함과 동시에 근로계약서 2부를 작성하여 1부를 근로자에게 교\n부한다.\n\n\n                          20    년        월   일\n\n\n              사용자                                   근로자\n\n                               (직인)                        (서명 또는 인)\n\n\n                                    - 70 -
2026년도 교육공무직원 등 종합관리계획	71	< 서식 7> 표준근로계약서(대체근로자(30일 미만), 일용근로자)	< 서식 7> 표준근로계약서(대체근로자(30일 미만), 일용근로자)\n\n\n                   근로계약서(대체근로자)\n1. 계약당사자\n\n          기관명                                       대표자\n사용자\n          주소\n          성명                                       생년월일\n근로자       주소\n          연락처\n\n   당사자는 다음과 같이 근로계약을 체결하고 이를 성실히 이행할 것을 약정한다.\n\n\n2. 직종 및 계약구분\n가) 직 종 명 :\n - 근무형태 : 일용근로자\n - 근무유형 : 전일제 또는 시간제\n나) 계약구분 : 계약직(대체근로          – 원직자: OOO, 사유: OOO)              *반드시 기재할 것\n\n3. 근로계약기간\n 근로계약기간은           년    월      일부터            년    월    일까지로 한다. 다만, 계약기간\n 중 휴직자 복직 또는 결원 충원 시 중도에 계약을 해지할 수 있다.\n ※ 계약기간 만료 시 근로관계 자동 종료됨\n\n\n4. 근무장소 및 업무내용\n 가) 근무장소 : “사용자가 지정하는 장소”\n 나) 업무내용 : 직종 관련 업무 및 “사용부서장”의 업무분장·지시에 따른 업무\n\n5. 근로일, 근로시간 및 휴게시간\n  가) 근로일은    요일부터              요일로 한다. (주              일)\n\n  □ 월요일    □ 화요일       □ 수요일     □ 목요일            □ 금요일       □ 토요일      □ 일요일\n\n 나) 근로시간 및 휴게시간\n  - 1일 소정근로시간은          시간으로 하고, 시업 및 종업시각과 휴게시간은 아래와 같이 한다.\n           구분                     학교                          본청 및 직속기관\n    시업 및 종업시각                  08:30~16:30                       09:00~18:00\n          휴게시간           12:00~12:30(30분, 유급)               12:00~13:00(1시간, 무급)\n\n\n                                     - 71 -
2026년도 교육공무직원 등 종합관리계획	72	▪ (서식7) 표준근로계약서(대체인력(30일미만)-일용근로자)	※ 근로시간 및 휴게시간은 기관(학교)에 따라 다를 수 있으므로, 각 기관(학교)의 상황에\n    맞게 수정하여 사용\n 다) 기관(학교)장은 업무상 필요에 따라 근로자의 의견을 들어 근로일, 근로시간 및 휴게\n    시간을 조정할 수 있다.\n\n6. 휴일·휴가\n  가) 주휴일은 매주 일요일로 하며 기관(학교)사정에 따라 달리 운영할 수 있다.\n  나) 그 밖에 휴일·휴가는 근로기준법 등 노동관계법령에서 정하는 바에 따른다.\n\n\n7. 임금\n 가) 지급형태 : 시급제\n 나) 임금의 구성항목 및 계산방법\n  - 임금은 2026년 생활임금 12,136원을 준용하여 지급한다.\n 다) 지급방법\n  - 임금은 근로한 기간의 임금에서 각종 법령에 의한 제세공과금을 원천징수한 후 “근로\n   자”의 예금계좌에 계약기간 종료일 익일에 지급한다.\n   (단, 부득이한 사유가 있는 경우 계약기간 종료일 7일 이내에 지급하며, 지급일이 토요일\n   또는 공휴일인 경우 그 전일에 지급한다.)\n\n\n8. 기타\n   이 계약서에서 정하지 아니한 사항은 근로기준법 등 노동관계법령에서 정하는 바에 따른\n   다.\n\n\n9. 의무사항 준수\n\n                           서 약 서\n\n        근로계약에 따라 다음 사항을 준수할 것을 엄숙히 서약합니다. ( □\n                                            ∨ 동의여부   )\n\n\n1. 맡은바 직무를 충실히 수행하고, 신의에 따라 성실하게 근무한다.\n2. 근무 중 알게 된 모든 기밀사항은 계약기간중은 물론, 계약만료 후에도 외부에 일체 누설하지 않는다.\n3. 근무기간동안 사용자의 제규정 및 관계 법령을 준수하고 사용부서의 장의 업무상 지시에 따른다.\n4. 출퇴근 시간 및 근무기관의 제반 근무수칙을 엄수한다.\n5. 근무기관의 명예와 신용을 손상하거나 업무관련 자료를 유출하는 일이 없도록 한다.\n\n\n                            - 72 -
2026년도 교육공무직원 등 종합관리계획	73	▪ (서식7) 표준근로계약서(대체인력(30일미만)-일용근로자)	10. 개인정보 수집 및 이용동의\n\n                      개인정보 수집 및 이용 동의서\n                    1. 개인 식별의 목적\n                    2. 인사·급여관리(인사이동, 급여지급 등) 및 4대보험 가입, 연말정산, 외부교육의 목적\n  개인정보의 수집 이용 목적    3. 개인정보의 제3자 제공\n                      - 개인정보를 제공받는 자 : 국세청(관할 지방세무서), 관공서(교육부, 고용노동부,\n                      국민연금공단, 국민건강보험공단, 근로복지공단 등), 각종 인사관리 관련 위탁(교육)기관\n                    1. 개인식별정보(성명, 증명사진)\n                    2. 고유식별정보(주민등록번호, 외국인등록번호)\n                    3. 연락정보(주소, 전화번호, 휴대전화번호, 전자우편주소)\n                    4. 학력사항(재학기간, 학교명, 학과, 학위)\n  수집하는 개인정보 항목\n                    5. 경력사항(근무처, 근무기간, 직종, 업무)\n                    6. 병역사항(복무기간, 병과)\n                    7. 가족사항(가족관계, 성명, 생년월일)\n                    8. 기타사항(자격, 면허, 장애여부, 장애유형, 장애구분, 장애인등급)\n                    위에 기재한 수집 이용의 목적을 모두 달성할 때까지 보유 이용 후, 법령에 따라 해당\n  개인정보의 보유 및 이용기간\n                    개인 정보를 보존해야 하는 의무가 존재하지 않게 된 것이 확인된 때에 파기\n  동의거부에 따른 불이익      인사·급여제도 운영 시 정보부재로 인한 불이익\n       위 내용을 충분히 숙지하고 개인정보의 수집 및 이용에 대해( □\n                                         ∨ 동의여부 )\n\n\n11. 별도 세부 계약내용(특이사항 등)\n\n\n사용자는 근로자와 본 근로계약을 체결함과 동시에 근로계약서 2부를 작성하여 1부를 근로자에게 교\n부한다.\n\n\n                          20    년        월   일\n\n\n              사용자                                   근로자\n\n                               (직인)                        (서명 또는 인)\n\n\n                                    - 73 -
2026년도 교육공무직원 등 종합관리계획	77	< 서식 8 > 휴직원	< 서식 8 > 휴직원\n\n\n                      휴       직       원\n\n소속 : 도담중학교\n직종 :                                            학 교 장\n성명 :                                            경   유\n생년월일 : 1984. 3. 14.\n최초채용일 :\n휴직사유 : 육아휴직(첫째            )\n\n\n 상기 본인은 세종특별자치시교육청 교육공무직원 단체협약서 제88조 제1항에\n의하여 2026년 3월 1일부터 2026년 5월 31일까지 휴직하고자 하오니 허락\n하여 주시기 바랍니다.\n\n\n붙임 1. 휴직서약서 1부.\n    2. 가족관계증명서 1부.\n\n\n                      2026년       월       일\n\n\n                                  신청인     홍일표   (서명/자필)\n\n\n               세종특별자치시교육감 귀하
2026년도 교육공무직원 등 종합관리계획	78	< 서식 8 > 휴직원	< 서식 8 > 휴직원\n\n\n                      휴       직       원\n\n소속 : 도담중학교\n직종 : 시설관리원                                      학 교 장\n성명 : 홍일표                                        경   유\n생년월일 : 1984. 3. 14.\n최초채용일 :\n휴직사유 : 육아휴직(첫째            )\n\n\n 상기 본인은 세종특별자치시교육청 특수운영직군 종사자 취업규칙 제22조에\n의하여 2026년 3월 1일부터 2026년 5월 31일까지 휴직하고자 하오니 허락하여\n주시기 바랍니다.\n\n\n붙임 1. 휴직서약서 1부.\n    2. 가족관계증명서 1부.\n\n\n                      2026년       월       일\n\n\n                                  신청인     홍일표   (서명/자필)\n\n\n               세종특별자치시교육감 귀하
2026년도 교육공무직원 등 종합관리계획	79	< 서식 9 > 휴직 서약서	< 서식 9 > 휴직 서약서\n\n\n                    휴직 서약서\n\n□소      속 : 도담중학교\n□직      종 : 시설관리원\n□성      명 : 홍일표\n□ 생 년 월 일 : 1984. 3. 14.\n 본인은 휴직함에 있어 다음 사항을 준수할 것을 서약합니다.\n\n 1. 특수운영직군 종사로서의 품위를 유지하겠습니다.\n 2. 매 개월마다 휴직사유의 계속여부를 기관(학교)장에게 신고하겠습니다.\n 3. 휴직기간이 만료되거나 휴직사유가 소멸된 경우에는 즉시 복직하겠\n    으며, 30일 이내에 복직하지 않을 경우에는 관계규정에 의거 어떠\n    한 처벌이나 불이익도 감수하겠습니다.\n 4. 복직 시에는 원 소속으로 복직되지 않아도 이의를 제기하지 않겠습니다.\n\n\n                     2026.   .   .\n\n                             서약자     홍일표   서명\n\n\n             세종특별자치시교육감 귀하
2026년도 교육공무직원 등 종합관리계획	80	< 서식 10 > 복직원	< 서식 10 > 복직원\n\n\n                       복   직       원\n                                         학 교 장\n 소속 : 도담중학교                              경   유\n 직종 : 시설관리원\n 성명 : 홍일표\n 생년월일 : 1984. 3. 14.\n 최초채용일 : 2025. 3. 1.\n 휴직사유 : 육아휴직(첫째                )\n\n\n 상기 본인은 세종특별자치시교육청 특수운영직군 종사자 취업규칙 제22\n조에 의하여 휴직하였던 바, 휴직사유가 소멸(기간이 만료)되어 2026년\n6월 1일자로 복직하고자 하오니 허락하여 주시기 바랍니다.\n\n\n                       2026년   월   일\n\n\n                                   신청인   (서명/자필)\n\n\n                세종특별자치시교육감 귀하
2026년도 교육공무직원 등 종합관리계획	78	< 서식 11 > 사직원	< 서식 11 > 사직원\n\n\n                        사     직            원\n\n 소속 :\n                                                         학 교 장\n 직종 :                                                    경   유\n 성명 :\n 생년월일 :\n 사직사유 :\n\n\n   상기 본인은                    의 사유로 20 년             월   일자로 사직\n하고자 하오니 허락하여 주시기 바랍니다. 사직 후 직무상 취득한 비밀을\n엄수할 것을 서약합니다.\n\n\n                          20 년         월   일\n\n\n                                           신청인          (서명/자필)\n\n\n□ 사직원 처리결과 통보 방법\n  통보방법      희망여부(O표시)                          비고\n   대면\n  문자(SMS)               희망시 휴대폰번호 기재\n\n   우편                   희망시 주소 기재\n\n   이메일                  희망시 이메일주소 기재\n\n\n                세종특별자치시교육감 귀하\n\n\n                              - 78 -
2026년도 교육공무직원 등 종합관리계획	79	< 서식 12 > 육아기 근로시간 단축 신청서	< 서식 12 > 육아기 근로시간 단축 신청서\n\n\n             육아기 근로시간 단축 신청서\n\n 소속 :\n                                                                학 교 장\n 직종 :                                                           경   유\n 성명 :\n 생년월일 :\n\n■ 신청내용\n         대상 자녀           성명                         생년월일           000000\n\n   개시예정일 및 종료예정일              2000년 00월 00일 ~ 2000년 00월 00일(0일간)\n\n   근무개시시각 및 종료시각                       00시 00분 ~ 00시 00분(0시간)\n\n    단축 후 주당 근로시간                                00시간\n\n         증빙자료                   자녀 자격 요건을 증빙할 수 있는 서류\n\n\n   「남녀고용평등과 일·가정 양립에 관한 법률」제19조의2에 의거,\n            위와 같이 육아기 근로시간 단축을 신청합니다.\n\n                    20    년        월        일\n\n\n                                 신청인         ○ ○ ○ (서명 또는 날인)\n                   ○○○기관(학교)장 귀하\n※ 유의사항: 단축시간 분의 급여는 고용보험공단에 근로자 본인이 직접 신청\n\n\n                              - 79 -
2026년도 교육공무직원 등 종합관리계획	80	< 서식 13 > 휴직 연장원	< 서식 13 > 휴직 연장원\n\n\n                   휴 직 연 장 원\n\n소속 :\n직종 :                                       학 교 장\n성명 :                                       경   유\n생년월일 :\n최초채용일 :\n연장사유 : 육아휴직(첫째      ○○○) 연장\n\n 상기 본인은 세종특별자치시교육청 교육공무직원 단체협약서 제             ○조\n제   ○항 제 ○ 호에 의하여 20 년 월 일 부터 20 년 월 일 까지 휴직\n을 연장하고자 하오니 허락하여 주시기 바랍니다.\n\n\n붙임 휴직 사유와 관련된 증빙자료 반드시 첨부(가족관계증명서 등)\n\n\n                      20 년       월   일\n\n\n                                     신청인   (서명/자필)\n\n\n            세종특별자치시교육감 귀하\n\n\n                        - 80 -
2026년도 교육공무직원 등 종합관리계획	81	< 서식 14 > 겸업허가 신청서	< 서식 14 > 겸업허가 신청서\n\n\n                         겸업허가 신청서\n\n1.   직   종   명 :\n\n2.   성       명   :\n\n\n3.   생 년 월 일     :\n\n\n4.   자 택 주 소     :\n\n\n5.   겸 업 사 유     :\n\n\n6.   겸업신청기간 :            년       월        일   부터\n                         년       월        일   까지\n\n\n 위 본인은 ◯◯◯◯ 소속 교육공무직원으로서 「세종특별자치시교육감 소속 교육공무직원의\n\n 채용 및 관리 조례 시행규칙」 제7조에 따라 겸업허가를 신청합니다.\n\n\n                                                       년   월   일\n\n\n                     신       청   인 :               서명 또는 날인)\n                                                   (\n\n\n※ 겸업사유 증빙서류 첨부\n\n\n         기관장 귀하\n\n\n                                     - 81 -
2026년도 교육공무직원 등 종합관리계획	82	< 참고 1 > 세종특별자치시교육청 교육공무직원 취업규칙	< 참고 1 > 세종특별자치시교육청 교육공무직원 취업규칙\n\n\n        세종특별자치시교육청 교육공무직원 취업규칙\n                                     2014.12.31. 제정\n                                     2020. 1. 1. 개정\n                                     2020. 7. 1. 개정\n                                     2021. 5. 1. 개정\n                                     2022.10.31. 개정\n                                     2025.11. 4. 개정\n\n\n                제 1 장 총       칙\n\n\n제1조(목적) 이 규칙은 「세종특별자치시교육감 소속 교육공무직원의 채용 및\n 관리 조례」제6조에 따라 세종특별자치시교육감 소속 교육공무직원의 근로조건\n 및 복무 등에 관한 사항을 정함을 목적으로 한다.\n\n\n제2조(정의) 이 규칙에서 사용하는 용어의 뜻은 다음과 같다.\n 1. “각급기관”이란 「지방교육행정기관의 행정기구와 정원기준 등에 관한 규정」\n  및「세종특별자치시교육청 행정기구 설치 조례」에 따른 본청·직속기관과\n  「세종특별자치시 시립학교 설치 조례」에 따라 세종특별자치시교육감(이하\n  “교육감”이라 한다)이 설치․경영하는 학교(유치원을 포함하되 이하 “공립\n  학교”라 한다)를 말한다.\n 2. “총괄부서”란 교육공무직원의 정원 및 인사․노무 등의 업무를 총괄하여\n  담당하는 세종특별자치시교육청(이하 “본청”이라 한다)의 소관부서를 말\n  한다.\n 3. “사업부서”란 해당 부서의 사업과 관련된 교육공무직원의 정원, 배치기준,\n  업무분장, 임금지급 등에 관한 구체적인 운영 계획을 수립하고 시행하는\n  본청의 소관부서와 직속기관을 말한다.\n 4. “운영부서”란 교육공무직원의 업무와 복무를 지휘하고 관리하는 본청담당\n  부서·직속기관과 공립학교를 말한다.\n 5. “상시전일근무자”라 함은 1일 8시간, 주5일 방학 중에도 근로하는 교육공무\n  직원을 말한다.\n 6. “방학 중 비근무자”라 함은 방학 중에 근로하지 않는 교육공무직원을 말한다.\n\n                     - 82 -
2026년도 교육공무직원 등 종합관리계획	83	▪ (참고1) 세종특별자치시교육청 교육공무직원 취업규칙	제3조(적용범위) ① 교육공무직원의 근로조건에 관하여는 법령 및 단체협약, 근로\n 계약, 운영지침 등에 별도로 정함이 있는 경우를 제외하고는 이 규칙이 정하는\n 바에 의한다.\n ② 본 규칙은 「세종특별자치시교육감 소속 교육공무직원의 채용 및 관리 조례\n 시행규칙」 별표 1의 직종에 적용된다. 단, 수습·기간제·단시간 근로자 등에\n 게는 이 규칙의 적용이 일부 배제될 수 있다.\n\n\n                 제 2 장 채 용 등\n\n제4조(채용) ① 교육공무직원을 채용할 때에는 서류심사·시험·면접 등 해당\n 직종에 적합한 선발 방법 및 기준 등을 정하며, 근로자가 되고자 하는 자는\n 이에 따라야 한다.\n ② 교육공무직원을 채용함에 있어, 남녀의 성(性)을 이유로 차별적 대우를 하지\n 못하고, 국적·신앙 또는 사회적 신분을 이유로 근로조건에 대한 차별적 처우를\n 하지 못한다.\n\n\n제5조(채용 시 구비서류) 근로자 채용 시 갖추어야 할 구비서류는 다음 각 호와\n 같다. 다만, 행정정보공동이용이 가능한 서류는 행정정보공동이용시스템을 통\n 해 담당 공무원이 직접 확인할 수 있다.\n 1. 응시원서 1부.\n 2. 자격증 및 면허증 사본 1부.(해당자에 한함)\n 3. 개인정보 수집 및 이용 동의서 1부.\n 4. 채용결격사유 부존재 확인서 1부.\n 5. 최종 학력증명서 및 경력증명서 각 1부.(해당자에 한함)\n 6. 그 밖에 필요하다고 인정되는 서류\n\n\n제6조(채용제한) 다음 각 호에 해당하는 자는 근로자로 채용될 수 없으며, 채용\n 이후에도 밝혀진 경우에는 채용을 취소한다.\n 1. 「지방공무원법」의 결격사유에 해당하는 자\n 2. 「부패방지 및 국민권익위원회의 설치와 운영에 관한 법률」의 비위면직자\n  등의 취업제한 및 국민권익위원회 예규 「비위면직자등의 취업제한사무 운\n  영지침」에 저촉되는 비위면직자\n\n\n                      - 83 -
2026년도 교육공무직원 등 종합관리계획	84	▪ (참고1) 세종특별자치시교육청 교육공무직원 취업규칙	3.「아동·청소년의 성보호에 관한 법률」에 따라 취업이 제한되는 자\n 4. 공인된 의료기관에서 채용 신체검사 결과 취업이 부적당하다고 판정된 자\n 5.「아동복지법」에 따라 취업이 제한되는 아동학대 관련 범죄전력자\n 6. 징계에 의하여 해고 처분을 받은 날로부터 5년이 지나지 아니한 자\n 7. 그 밖에 업무수행이 불가능하다고 판단되는 자\n\n\n제7조(근로계약) ① 교육감은 교육공무직원과 법적 기준에 적합한 근로계약을 체결\n 하고 교육공무직원에게 근로계약서 1부를 교부한다. 단, 교육감이 정하는 바에\n 따라 운영부서의 장에게 위임할 수 있다.\n ② 근로계약기간 중 계약의 내용을 변경하여야 하는 사정이 있는 때에는 교육공무\n 직원과 합의하여 근로계약의 내용을 변경할 수 있다.\n\n\n제8조(계약기간 및 정년) ① 근로계약기간은 근로계약서에 정한 정년 또는 기간\n 으로 한다.\n ② 교육공무직원의 정년은 만 60세로 하며, 만 60세가 도달한 달이 3월~8월이면\n 8월 말일에, 9월~다음 해 2월이면 2월 말일에 각각 당연 퇴직한다. 단, 본청과\n 직속기관에서 근로하는 교육공무직원의 경우 만 60세가 도달하는 달이 1월~6월\n 사이에 있는 경우 6월 말일에, 7월~12월 사이에 있는 경우 12월 말일에 각각\n 당연 퇴직한다.\n\n\n제9조(수습기간) ① 교육공무직원을 신규 채용한 경우에는 3개월의 수습기간을 두고\n 2회 이하의 평가를 실시한다. 다만, 업무의 성격이나 교육공무직원의 경력 등을\n 감안하여 수습기간을 단축하거나 두지 아니할 수 있다.\n ② 수습기간 중의 교육공무직원에 대해 업무에 적합성 및 완성도, 기관에\n 적응성, 근무태도, 인성 등에 대한 평가를 통해, 잔여 근로계약기간과 무관하게\n 근로계약을 해지할 수 있다. 세부 사항은 별도 계획에 의한다.\n ③ 수습기간은 근속기간에 산입한다.\n\n\n제10조(전보) ① 조직의 효율적인 관리, 교육공무직원의 고충해소 및 업무능력\n 향상 등을 위해 교육공무직원을 전보할 수 있다.\n ② 경영상의 이유 등으로 근로자의 직무가 없어지는 경우, 기관은 업무에\n 지장을 초래하지 않는 범위 내에서 재배치·전보 등을 통하여 고용유지를 위한\n 노력을 하여야 한다.\n ③ 전보 등에 관하여는 총괄부서가 정하는 별도 지침에 따른다.\n\n                     - 84 -
2026년도 교육공무직원 등 종합관리계획	85	▪ (참고1) 세종특별자치시교육청 교육공무직원 취업규칙	제11조(인사기록의 작성 등) 교육공무직원의 인적사항 및 임용·포상·징계사항\n 등을 기재한 인사기록카드를 작성·보관하며, 교육행정정보시스템(NEIS)에 그\n 사항을 입력·유지 관리할 수 있다.\n\n\n제12조(증명서 등 발급) 교육공무직원이 재직증명서 및 경력증명서의 발급을 요\n청하는 경우에 제11조의 인사기록에 따라 증명서를 발급하여야 한다.\n\n\n                  제 3 장 인사위원회\n\n\n제13조(인사위원회의 설치) 교육공무직원의 인사에 관한 중요사항을 심의하거나\n 의결하기 위하여 세종특별자치시교육청 교육공무직원 인사위원회(이하 “인사\n 위원회”라 한다)를 둔다.\n\n\n제14조(인사위원회) 인사위원회 위원 구성 및 심의·의결 사항은 교육감이 정한다.\n\n\n제15조(인사위원회 운영) ① 위원장은 인사위원회에서 결정된 사항을 교육감에게\n 통지하여야 한다.\n ② 인사위원회 운영에 필요한 사항은 인사위원회 의결을 거쳐 위원장이 정한다.\n\n\n제16조(인사위원회의 기능) 인사위원회는 다음 각 호의 사항을 심의·의결한다.\n 1. 교육공무직원의 해고에 관한 사항\n 2. 교육공무직원의 징계에 관한 사항\n 3. 그 밖에 교육공무직원의 인사관리와 관련하여 위원장이 요구하는 사항\n\n\n제17조(인사위원회의 특례) 제16조의 규정에도 불구하고 다음 각 호의 사항은\n 인사위원회의 심의를 거치지 아니할 수 있다.\n 1. 교육공무직원의 휴직, 복직, 당연퇴직, 의원면직 및 업무의 변경\n 2. 법령 등에 의하여 확정·결정된 때\n 3. 천재지변 및 전시, 그 밖에 불가피한 사유가 있을 때\n\n\n                       - 85 -
2026년도 교육공무직원 등 종합관리계획	86	▪ (참고1) 세종특별자치시교육청 교육공무직원 취업규칙	제 4 장 복무\n\n\n제18조(복무의무) 교육공무직원은 다음 각 호의 사항을 준수하여야 한다.\n 1. 교육공무직원은 맡은 바 직무를 충실히 수행하여야 한다.\n 2. 교육공무직원은 재직 중은 물론 퇴직 후에도 직무상 지득한 비밀을 엄수하고\n  기관기밀을 누설해서는 아니 된다. 단, 「공공기관의 정보공개에 관한 법률」\n  이나 그 밖의 법령에 의하여 공개하는 경우에는 적용되지 아니한다.\n 3. 교육공무직원은 법령 및 직무상 명령을 준수하고 친절·공정하여야 하며\n  질서를 존중하여야 한다.\n 4. 교육공무직원이 고의 또는 중대한 과실로 재산상의 손해를 끼친 때에는 그\n  손해액을 배상하여야 한다.\n 5. 교육공무직원은 교육공무직원으로서 품위를 손상하거나 기관의 명예를 실추\n  시키는 행위를 하여서는 아니 된다.\n\n\n제19조(청렴의무) ① 교육공무직원은 직무와 관련하여 직접 또는 간접을 불문하고\n 사례·증여 또는 향응을 수수(授受)하여서는 아니 된다.\n ② 교육공무직원은 직무상의 관계가 있든 없든 그 소속 상관에게 증여하거나\n 소속 근로자(공무원 포함)로부터 증여를 받아서는 아니 된다.\n\n\n제20조(근로일) ① 교육공무직원의 근로일은 월~금요일을 원칙으로 하며, 업무의\n 필요성에 의하여 당사자 간 합의로 변경할 수 있다.\n ② 방학 중 비근무자의 근로일(월~금요일)은 학사일정에 따라 학기 중으로 한다.\n ③ 근로일이 아니라 하더라도 근로계약 기간 중에 특별히 날짜를 지정하여\n 근로를 요구할 때에는 특별한 사유가 있는 경우를 제외하고는 교육공무직원은\n 이를 따라야 한다.\n\n\n제21조(근로시간) ① 교육공무직원의 근로시간은 휴게시간을 제외하고 1일 8시간,\n1주 40시간을 초과할 수 없다.\n② 교육공무직원의 근로시간은 1일 8시간 범위 내에서 해당 업무 및 기관의 특\n성에 따라 조정할 수 있으며, 운영부서의 장이 필요하다고 인정하는 경우 교육\n공무직원의 동의를 얻어 연장근로를 시킬 수 있다.\n③ 교육공무직원의 휴게시간은 4시간에 30분, 8시간에 1시간의 휴게시간을 근무\n시간 도중에 주어야 한다. 이 경우 휴게시간은 근로시간에 포함되지 않는다.\n\n\n                       - 86 -
2026년도 교육공무직원 등 종합관리계획	87	▪ (참고1) 세종특별자치시교육청 교육공무직원 취업규칙	④ 학교에 근무하는 교육공무직원의 경우 1일 근로시간은 7시간 30분으로 하\n고, 휴게시간 30분(유급)을 근로시간 도중에 부여하며, 휴게시간 30분(유급)은\n근로시간에 포함한다.\n\n\n제22조(휴일) ① 교육공무직원의 유급휴일은 다음 각 호와 같다.\n 1. 주휴일. 단, 주중 결근 시에는 무급\n 2. 「근로자의 날 제정에 관한 법률」에 의한 근로자의 날\n 3. 「관공서의 공휴일에 관한 규정」에 의한 공휴일\n 4. 재량휴업일은 개교기념일을 포함하여 연간 4일 이내\n 5. 기타 노사 합의로 결정한 날\n② 휴일이 중복될 경우에는 하나의 휴일로 처리한다.\n③ 제1항의 유급휴일의 경우, 방학 중 비근무자가 근로하지 않는 기간에는 적\n 용되지 아니한다. 단, 1월 1일(신정)과 설 연휴 3일 및 광복절은 유급휴일로\n 인정한다.\n\n\n제23조(출근․결근) ① 근로자는 업무시간 시작 전까지 출근하여 정상적인 업무수\n 행에 차질이 없도록 하여야 한다.\n ② 교육공무직원이 부득이한 사유로 결근할 때에는 사전에 승인을 받아야 한\n 다. 다만, 사전 승인을 받을 수 없을 경우에는 유선 또는 구두로   승인을 득\n 하고, 사후에 근무상황부에 의하여 승인을 받아야 한다.\n ③ 제2항의 규정에 의한 승인을 받지 않고 결근할 경우 무단결근으로 간주한다.\n\n\n제24조(지각․조퇴 및 외출 등) ① 교육공무직원이 부득이한 사유로 지각․조퇴 또는\n외출하고자 할 때에는 사전에 승인을 받아야 한다. 다만, 사전 승인을 받을 수\n없는 경우에는 유선 또는 구두로 승인을 얻되, 사후에 근무상황부에 의하여 승인을\n얻어야 한다.\n② 제1항의 규정에 의한 승인을 받지 아니하였을 경우에는 무단지각, 무단조퇴,\n 무단외출로 간주한다.\n\n\n제25조(출장) ① 교육공무직원이 업무와 관련하여 출장을 하고자 하는 때에는 사전\n 에 승인을 얻는다.\n ② 기관의 장은 제1항의 출장에 소요되는 비용에 대해 지방공무원 여비 지급 기\n 준을 준용하여 지급한다.\n\n\n                      - 87 -
2026년도 교육공무직원 등 종합관리계획	88	▪ (참고1) 세종특별자치시교육청 교육공무직원 취업규칙	제26조(연차휴가) ① 1년간 8할 이상 근무한 교육공무직원에게는 15일의 유급휴가를\n부여한다. 다만, 근무형태에 따라 다음 각 호와 같이 부여한다.\n 1. 상시전일근무자 : 근로기준법에 따름\n 2. 방학 중 비근무자 : 상시전일근무자의 소정근무일에 비례하여 부여(단, 상시전일\n  근무자의 소정근로일 8할 이상 근무 시 전호의 부여기준에 따름)\n 3. 단시간 근로자 : 통상근로자의 근로시간에 비례하여 부여\n ② 계속하여 근로한 기간이 1년 미만인 교육공무직원 또는 1년간 8할미만 출근한 교육\n 공무직원에 대하여는 1월간 개근 시 1일의 유급휴가를 부여한다. 단, 방학 중 비근무자는\n 방학기간 해당 월 중 15일 이상 유급일수가 포함되어 있는 경우에 부여한다.\n ③ 연차유급휴가(출근율) 산정대상기간은 운영부서의 회계연도에 따르며, 회계연도\n 중간에 채용된 교육공무직원은 채용된 기간에 비례하여 연차유급휴가를 부여한다.\n ④ ①~③ 이외의 연차 유급휴가에 관한 사항은 근로기준법을 따른다.\n ⑤ 지참, 조퇴, 외출시간 등은 합산하여 연차유급휴가 일수에서 공제하며, 이\n 규정이 정한 휴가일수를 초과한 휴가는 결근으로 본다.\n\n\n제27조(병가) ① 교육공무직원이 다음 각 호의 어느 하나에 해당할 경우에는 연간\n60일의 범위 안에서 병가를 허가할 수 있다. 단, 연속하여 30일이상일 경우 해당\n기간 중 휴일은 포함한다.\n 1. 질병 또는 부상으로 인하여 직무를 수행할 수 없을 때\n 2. 전염병으로 인하여 그 근로자의 출근이 다른 사람의 건강에 영향을 끼칠 우려가 있\n  을 때\n ② 연간 60일 이내의 병가는 유급으로 하며, 병가일이 연속7일 또는 누계10일을\n 초과한 경우에는 의사의 진단서(혹은 진료확인서)를 첨부하여야 한다.\n ③ 근로계약기간이 1년 미만인 근로자에 대하여 제1항을 적용할 때에는 1년\n 을 기준으로 근무한 기간에 비례하여 부여한다.\n ④ 질병이나 부상으로 인한 지각, 조퇴 및 외출은 누계 8시간을 병가 1일로\n 계산한다.\n\n\n제28조(공가) 교육공무직원이 다음 각 호의 어느 하나에 해당하는 경우에는 이에\n직접 필요한 기간(시간)의 공가를 허가하여야 하며 유급으로 한다.\n 1. 「병역법」,「예비군법」및「민방위기본법」, 기타 다른 법령에 의한 징병검사ㆍ\n   소집ㆍ검열ㆍ점호 등에 응하거나 동원 또는 훈련에 참가할 때\n 2. 공무에 관하여 국회, 법원, 검찰, 노동위원회, 노동부 등 국가(공공)기관에\n   의해 출석을 요청받았을 때\n\n                          - 88 -
2026년도 교육공무직원 등 종합관리계획	89	▪ (참고1) 세종특별자치시교육청 교육공무직원 취업규칙	3. 「공직선거법」 및 「국민투표법」의 규정에 따른 선거 및 투표에 참가하는 경우\n 4. 「산업안전보건법」및「국민건강보험법 시행령」에 따른 건강검진을 받을 때\n 및 급식종사자가 폐암 예방 건강검진을 받는 경우(단, 사업부서 시행계획에 따\n른 검진에 한함)\n 5. 천재지변·교통차단 및 그 밖의 사유로 출근이 불가능할 경우\n 6. 단체교섭, 노사협의회, 산업안전보건위원회에 위원으로 참석한 때\n 7. 「혈액관리법」에 따른 헌혈에 참가할 때\n 8. 「결핵예방법」에 따른 결핵 검진을 받을 때\n 9. 올림픽 ‧ 전국체전 등 국가 또는 지방 단위의 주요 행사에 참가할 때\n\n\n제29조(특별휴가) ① 교육공무직원이 다음 각 호의 어느 하나에 해당하는 경우\n특별휴가를 부여하여야 하며, 휴가기간은 유급으로 한다.\n 1. 본인의 결혼: 5일\n 2. 자녀의 결혼: 1일\n 3. 배우자의 출산: 20일\n 4. 자녀 입양: 20일(입양특례법 적용)\n 5. 배우자의 사망, 본인 및 배우자의 부모 사망: 5일\n 6. 본인 및 배우자의 조부모·외조부모 사망: 3일\n 7. 자녀 및 그 자녀의 배우자 사망: 3일\n 8. 본인 및 배우자의 형제자매 사망: 3일\n 9. 본인 및 배우자의 형제자매의 배우자 사망: 1일\n 10. 본인 및 배우자의 직계존비속의 가족돌봄: 연간 10일(무급)\n 11. 고등학생 이하 자녀를 둔 교육공무직원이 자녀의 병원진료, 자녀돌봄, 학교\n 행사 등의 참여 시: 자녀돌봄휴가 연간 2일(유급). 단, 자녀돌봄휴가는 가족돌\n 봄휴가 내 사용하며 둘째자녀부터 1일(유급)씩 추가\n 12. 교육공무직원 본인 또는 자녀의 군 입영 또는 수료: 1일(입영당일 또는 수료당일)\n 13. 인공수정 또는 체외수정 등 불임치료 시술: 연간 6일(최초 2일 유급)\n 14. 장기재직휴가: 재직기간 5년 이상 10년 미만 3일, 10년 이상 20년 미만 5일,\n 20년 이상 10일(5일 단위로 분할 사용 가능)\n 17. 학교근로자 학습휴가: 4일(제22조 제1항 4호에 따른 재량휴업일이 4일에 미\n 치지 못하는 경우 4일 한도로 부여)\n ② 제1항에 따른 경조사 휴가기간 중 휴일 또는 휴무일이 포함되어 있는 경우에는\n 이를 제외하여 휴가기간을 계산한다.\n ③ 한국방송통신대학에 재학 중인 교육공무직원이 「한국방송통신대학교 설립 및 운\n\n                        - 89 -
2026년도 교육공무직원 등 종합관리계획	90	▪ (참고1) 세종특별자치시교육청 교육공무직원 취업규칙	영에 관한 법률」에 의한 출석․수업에 참석하기 위하여 연가일수를 초과하는\n 경우 출석수업 기간에 대하여 무급 휴가를 부여한다.\n\n\n제30조(생리휴가) 여성 교육공무직원의 청구가 있을 때에는 월 1일의 무급생리\n휴가를 주어야 한다.\n\n\n제31조(임산부의 보호) ① 임신 중인 교육공무직원에게 출산 전후를 통하여 90\n일(미숙아 출산의 경우 100일, 다태아의 경우 120일)의 보호휴가를 주어야 한\n다. 이 경우 반드시 출산 후에 45일 이상(다태아의 경우 60일)부여한다.\n ② 임신 중인 여성 교육공무직원이 유산 또는 사산하는 경우, 교육공무직원이\n 청구하면 법령이 정하는 사유 및 절차에 따라 휴가를 주여야 한다.\n ③ 출산 전후 휴가기간 중 최초 60일(다태아의 경우 75일)은 통상임금으로\n 지급하며, 나머지 30일은 관련법령에 따라 출산 전후 휴가급여를 받을 수\n 있도록 협조하며, 그 금액의 한도에서 지급책임을 면한다.\n ④ 임신 중의 여성교육공무직원이 유산·사산의 위험이 있다는 의료기관의 진\n 단서를 제출한 경우, 출산 전 어느 때라도 휴가를 나누어 사용할 수 있도록 하\n 여야 한다. 이 경우 출산 후의 휴가기간은 연속하여 45일 이상(다태아의 경우 60\n 일)이 되어야 한다.\n ⑤ 임신 중의 여성교육공무직원이 유산 또는 사산한 경우로서 당해 여성교육\n 공무직원이 청구하는 경우 「근로기준법」에 따른 유산·사산휴가를 주어야\n 한다. 교육공무직원의 출산전후휴가, 임산부 정기건강진단 및 임신기 근로시간\n 단축, 육아시간 등의 임산부 보호에 관한 사항은 「근로기준법」에서 정하는\n 바에 따른다.\n ⑥ 기관은 출산 전후 휴가 사용을 이유로 불이익한 처우를 할 수 없다.\n\n\n제32조(육아휴직) ① 6월 이상을 재직한 교육공무직원이 만 8세 이하 또는 초등\n학교 2학년 이하의 자녀(입양한 자녀를 포함한다)를 양육하기 위하여 필요하거나\n여성 교육공무직원이 임신하게 되었을 때 휴직을 신청하는 경우에 이를 허용한\n다. 다만 「남녀고용평등과 일·가정 양립 지원에 관한 법률」에 따라 허용하지 않\n는 경우 그에 따른다.\n ② 육아휴직 기간은 자녀 1명당 3년으로 하고, 1년간은 근속기간에 산입한다.\n단, 셋째 자녀 이후에 대해서는 3년을 근속기간에 포함한다.\n ③ 「남녀고용평등과 일ㆍ가정 양립 지원에 관한 법률」에 따라 같은 자녀를 대\n상으로 부모가 모두 육아휴직을 각각 3개월 이상 사용한 경우의 부 또는 모, 「한\n\n                     - 90 -
2026년도 교육공무직원 등 종합관리계획	91	▪ (참고1) 세종특별자치시교육청 교육공무직원 취업규칙	부모가족지원법」 제4조 제1호의 부 또는 모, 고용노동부령으로 정하는 장애아동\n의 부 또는 모에 해당하는 경우 6개월을 추가로 사용할 수 있으며 이 기간은 근\n속기간에 포함한다.\n ④ 육아휴직 요건 및 절차 등에 관한 「남녀고용평등과 일·가정 양립 지원에\n 관한 법률」 등 관련 규정에 의한다.\n ⑤ 육아휴직은 3회에 한정하여 나누어 사용할 수 있다.\n\n\n제33조(육아기 근로시간 단축) ① 육아기 근로시간 단축에 관한 사항은 「남녀고\n용평등과 일·가정 양립 지원에 관한 법률」 및 같은 법 시행령을 따른다.\n ② 세부운영 사항은 총괄부서가 정하는 별도 지침에 따른다.\n\n\n제34조(육아시간 등) ① 교육청은 생후 1년 미만의 유아를 가진 여성 조합원이\n청구하면 1일 2회, 각각 30분 이상의 유급 수유시간을 주어야 한다.\n② 만 8세 또는 초등학교 2학년 이하의 자녀를 가진 근로자는 36개월의 범위에\n서 자녀돌봄, 육아 등을 위한 1일 최대 2시간의 유급 육아시간을 사용할 수 있\n다. 다만, 제1항의 유급 수유시간을 사용하는 여성 근로자의 경우 육아시간은\n유급 수유시간을 포함하여 1일 최대 2시간으로 한다.\n③ 육아시간은 ‘육아휴직’ 또는 ‘육아기근로시간 단축’ 중이 아닌 기간에\n별도로 부여한다.\n제35조(휴직) ① 교육감은 교육공무직원이 다음 각 호의 어느 하나에 해당하는\n사유로 휴직을 신청하는 경우 휴직을 허가할 수 있다.\n 1. 업무 외 부상 또는 질병으로 14일 이상의 장기요양(난임·불임 치료 포함)을 요할\n  때: 1년. 단, 1회에 한하여 1년의 범위에서 연장 가능 (진단서 제출)\n 2. 「남녀고용평등 및 일·가정양립지원에 관한 법률」에 따른 가족돌봄휴직\n  을 신청한 경우: 연간 최대 90일(분할 사용 가능)\n 3. 「병역법」, 「병력동원소집 및 전시근로소집 규정」 등 관련볍령에 따른\n징·소집기간: 해당기간\n 4. 노조전임자의 휴직: 전임기간\n 5. 업무상 질병, 부상: 공단에서 정한 요양기간\n 6. 공직선거 출마: 예비후보등록일부터 휴직 인정, 공직에 취임한 경우 임기동\n  안, 낙선한 경우 10일 이내 복직원 제출\n 7. 외국에서 근무․유학 또는 연수하게 되는 배우자 동반: 2년 이내로 하되 부\n  득이한 경우에는 1년의 범위내에서 연장 가능\n ② 휴직기간 중에는 임금을 지급하지 아니한다. 단, 관련법령에 의한 경우 그에 따른다.\n\n                       - 91 -
2026년도 교육공무직원 등 종합관리계획	92	▪ (참고1) 세종특별자치시교육청 교육공무직원 취업규칙	③ 휴직자는 휴직기간 중이라도 본 규칙을 준수하여야 하며, 임용기관의 장의\n 허가 없이 타 직업에 종사하지 못하며, 거주지, 신분관계 등에 변동이 발생한\n 경우에는 즉시 임용기관의 장에게 신고하여야 한다.\n ④ 휴직 중인 교육공무직원에게 부득이한 사유가 발생하여 휴직기간을 연장하\n 고자 하는 경우에는 기존 휴직 만료 예정일의 30일 전까지 휴직연장원을 제\n 출하여야 하며, 교육감은 남은 휴직기간 범위 내에서 연장을 허용할 수 있다.\n\n\n제36조(휴직자 처우 및 복직) ① 휴직 중인 교육공무직원은 휴직기간 만료 전 30일\n 까지 임용기관의 장에게 복직원을 제출하여야 하며 휴직기간이 만료되면 당연히\n 복직된다.\n ② 휴직 중인 교육공무직원은 휴직기간 중 그 사유가 소멸되면 10일 이내에\n 임용기관의 장에게 복직원을 제출하여야 하며, 임용기관의 장은 지체 없이\n 복직을 명하여야 한다. 다만 육아휴직 및 가족돌봄휴직의 경우에는 「남녀고용\n 평등과 일·가정 양립지원에 관한 법률 시행령」에서 정하는 바에 따른다.\n ③ 휴직 중인 교육공무직원이 휴직기간 중 그 사유가 소멸되지 않았으나 조기에 복\n 직을 하고자 하는 경우에는 휴직 만료 예정일의 30일 전까지 임용기관의 장에\n 게 복직원을 제출하여야 한다.\n ④ 휴직기간이 만료되거나 만료전이라도 휴직사유가 소멸되어 휴직자가 복직\n 하고자 할 때에는 임용기관의 장은 원직에 복직시키되, 원직소멸 등 특별한 사\n 정이 있을 경우 본인의 의사와 기관의 형편 등을 고려하여 복직시킨다.\n ⑤ 제1~2항에 의한 기간에 복직원을 제출하지 않아 교육감이 복직명령을 내렸음\n 에도 불구하고 휴직자가 이에 응하지 않은 경우 고용관계는 자동 종료된다.\n ⑥ 제35조의 휴직 종료 후 복직하였을 때에는, 휴직기간은 근속년수에 포함하고,\n 휴직 이전과 다른 불이익 처우를 하지 않는다. 단, 병역법에 따른 군복무 기간과\n 제35조1항1호에 의한 기간은 근속년수에 포함하지 아니한다.\n ⑦ 제35조1항2호(가족돌봄휴직)의 기간은 근속기간에 포함한다.\n ⑧ 「산업재해보상보험법」상의 업무상 재해로 인정된 휴직기간 중의 임금은\n 1년(기간 중의 휴일을 포함한다.)의 범위 내에서 동법에 따라 지급받은 휴업급\n 여와의 임금 차액을 보전한다.\n\n\n                      - 92 -
2026년도 교육공무직원 등 종합관리계획	93	▪ (참고1) 세종특별자치시교육청 교육공무직원 취업규칙	제 5 장 임      금\n\n\n제37조(임금) ① 교육공무직원의 임금의 수준은 담당업무의 전문성, 난이도 및\n 책임의 정도에 따라 최저임금 이상의 월급제, 일급제, 시급제 등의 형태로 교육감이\n 정한 지급기준에 따라 산정한다.\n ② 월급제 교육공무직원이거나 매월 임금을 지급하는 경우, 월중 입퇴사 등 신분\n 변동이나 결근 등의 사유가 발생할 경우 해당 항목의 성격에 따라 정해진\n 기준에 의거 일할 또는 월할 계산하며, 기지급한 임금이 있을 경우 공제한다.\n\n\n제38조(임금의 지급) ① 임금은 특별히 정한 경우를 제외하고, 매월 1회 통화로서\n직접 교육공무직원에게 전액을 지급한다.\n ② 임금 산정 및 지급은 매월 초일~말일까지 산정하여 당월 17일에 지급한다.\n 다만 17일이 관공서의 공휴일 또는 토요일인 때에는 그 전일을 임금 지급일로\n 한다.\n ③ 제1항의 규정에도 불구하고 다음 각 호에 해당하는 것은 임금 지급 시 공\n 제 한다.\n 1. 근로소득세, 주민세\n 2. 건강(장기요양), 국민, 고용보험료 근로자 부담금\n 3. 기타 법령에 의하거나 노사합의에 의해 공제되는 금액\n ④ 제2항의 규정에도 불구하고 당사자간 합의로 다른 일자에 지급할 수 있다.\n\n\n제39조(연장근로수당) 연장근로에 대해서는 통상임금의 100분의 50을 가산하여\n 지급한다.\n\n\n제40조(야간근로수당) 야간근로(오후 10시부터 오전 6시까지 사이의 근로)에\n 대하여는 통상임금의 100분의 50을 가산하여 지급한다.\n\n\n제41조(휴일근로수당) 휴일근로에 대해서는 통상임금의 100분의 50을 가산하여\n 지급한다.\n\n\n제42조(보상휴가제) 근로자대표와 서면합의에 따라 연장․야간․휴일근로에 대하여\n 임금을 지급하는 것에 갈음하여 휴가를 부여할 수 있다.\n\n\n                     - 93 -
2026년도 교육공무직원 등 종합관리계획	94	▪ (참고1) 세종특별자치시교육청 교육공무직원 취업규칙	제43조(퇴직급여) 교육공무직원에게 지급하는 퇴직급여 제도에 관하여는「근로자\n 퇴직급여 보장법」이 정하는 대로 따르며, 「근로자퇴직급여 보장법 시행령」\n 제3조의 사유로 교육공무직원이 퇴직금 중간정산을 요청한 경우 퇴직하기 전\n 이라도 계속 근로기간에 대한 퇴직급여를 중간 정산하여 지급할 수 있다. 이\n 경우 중간 정산하여 지급한 후의 퇴직금 산정을 위한 계속 근로기간은 정산\n 시점부터 새로이 기산한다.\n\n\n                  제 6 장    표창 및 징계\n\n\n제44조(표창) 다음 각 호의 어느 하나에 해당하는 교육공무직원에 대하여는 표창\n 할 수 있다.\n 1. 근무실적이 탁월한 자\n 2. 교육발전에 크게 공헌 한 자\n 3. 대외적으로 교육기관의 명예를 높인 자\n\n\n제45조(징계사유) ① 교육공무직원에게 다음 각 호의 어느 하나에 해당하는 사유\n 가 발생하였을 때에는 인사위원회의 의결을 거쳐 징계할 수 있다.\n 1. 이 규정과 이 규정에 의한 명령이나 지시에 위반한 자\n 2. 업무상 정당한 지휘, 명령에 불복종하거나 직장 내 질서를 문란케 한 자\n 3. 공금을 유용 착복 또는 배임하거나, 업무상 기밀을 누설하여 손해를 끼친 때\n 4. 업무상 및 업무 외를 불문하고 사회적으로 물의를 일으키거나 본청의 위신을\n 손상시킨 자\n 5. 고의 또는 과실로 각급기관의 시설, 기물, 집기 등을 훼손시킨 자\n 6. 안전 및 보건상의 의무를 위반한 자\n 7. 금고이상의 유죄 판결이 확정된 자\n 8. 채용권자의 승인 없이 결근 ․ 지각 ․ 조퇴 ․ 근무 장소 이탈 등 근무태도가 불량한 때\n 9. 제19조의 청렴의무를 위반한 경우\n 10. 업무수행능력이 현저히 부족하거나, 업무태만의 정도가 심한 경우\n 11. 제66조의 직장 내 괴롭힘 행위를 한 자\n 12. 성희롱․성폭력 등 성 관련 비위행위 또는 음주운전을 한자\n 13. 기타 사회통념상 위 각 호에 준하는 사유에 해당된다고 인정된 때\n② 징계 사유에 대한 입증책임은 징계를 요청한 측에 있다.\n\n\n                          - 94 -
2026년도 교육공무직원 등 종합관리계획	95	▪ (참고1) 세종특별자치시교육청 교육공무직원 취업규칙	제46조(징계의 종류 등) ① 징계는 해고·정직·감봉·견책으로 하며, 징계가 아닌\n신분상 처분은 경고․주의로 구분한다.\n 1. 해고는 근로계약을 해지하는 것으로 한다.\n 2. 정직은 1개월 이상 3개월 이하의 기간으로 하고, 그 기간 중 신분은 유지하나\n  직무에 종사하지 못하며, 임금은 지급하지 아니한다.\n 3. 감봉은 1개월 이상 3개월 이하의 기간으로 하고, 1회의 감액이 평균임금의 1일분의\n  2분의 1을, 감봉 총액은 1임금 지급기의 임금 총액의 10분의 1을 초과하지\n  못한다.\n 4. 견책은 과실에 대하여 서면으로 결과를 통보한다.\n 5. 경고는 과실에 대해 경고장을 교부한다.\n 6. 주의는 과실에 대해 주의촉구서를 교부한다.\n ② 제1항 제1호에서 제4호의 경우 인사위원회의 의결을 거친다.\n ③ 교육공무직원의 징계 기준은 별표 1과 같다.\n\n\n제47조(징계절차) ① 교육공무직원에 대한 징계는 다른 법령에서 규정하고 있는\n 경우를 제외하고는 본 규칙에서 정한 인사위원회의 의결에 따른다.\n ② 총괄·사업·운영부서의 장은 징계의결요구서에 심의에 참고 되는 사항을\n 기재하여 인사위원회에 징계를 요청하여야 한다.\n ③ 위원장은 징계의결 요구서를 받은 날부터 30일 이내에 징계에 관한 의결을\n 하여야 한다. 다만, 부득이한 사유가 있을 때에는 30일의 범위에서 그 기한을\n 연장할 수 있다.\n ④ 위원장은 인사위원회 회의 7일 전까지 징계 대상 교육공무직원에게 출석\n 통지서에 의하여 인사위원회에 출석할 것을 통지하여야 한다.\n ⑤ 징계대상 교육공무직원이 출석을 원하지 않는다는 의사를 표명한 경우에는\n 그 사실을 기록에 명기하고 서면심사만으로 징계 의결할 수 있다. 이 경우 해당\n 교육공무직원은 서면진술서를 제출할 수 있다.\n ⑥ 징계대상 교육공무직원이 출석통지서 수령을 거부하거나 출석통지를 받고도\n 정당한 이유 없이 출석하지 아니하는 경우에는 위원회에서의 진술권을 포기한\n 것으로 본다. 다만, 징계대상 교육공무직원은 출석통지서 수령을 거부한 경우\n 에도 인사위원회에 출석하여 진술할 수 있다.\n ⑦ 인사위원회는 징계 대상 교육공무직원에게 충분히 진술할 수 있는 기회를\n 부여하여야 하며, 서면 또는 구두로 자기에게 유리한 사실을 진술하거나 증거를\n 제출하게 할 수 있다.\n ⑧ 인사위원회는 징계 대상 교육공무직원에게 징계사유에 해당하는 사실에 관한\n\n                       - 95 -
2026년도 교육공무직원 등 종합관리계획	96	▪ (참고1) 세종특별자치시교육청 교육공무직원 취업규칙	심문을 할 수 있으며, 필요한 경우 관계인의 출석을 요구하여 질문할 수 있다.\n ⑨ 인사위원회는 징계 안건을 심의할 때에는 입증자료의 적부와 징계심의\n 대상자의 소행과 평소 근무태도, 공적, 비위동기, 반성태도의 유무 등의 정상\n 참작과 징계요구권자의 의견을 종합적으로 검토하여 징계사유 및 양정기준에\n 따라 징계한다.\n ⑩ 인사위원회에서 징계요구권자는 징계심의에 앞서 각 위원에게 징계사유 및\n 동기, 징계요구권자의 의견 등을 충분히 설명하여야 한다.\n ⑪ 인사위원회의 의결 시 출석위원 3분의 2 이상의 찬성으로 의결하며, 징계의결\n 서를 작성한다.\n ⑫ 제11항의 절차에 따라 징계의결이 결정되면 징계의결대장에 등재하여야 한다.\n ⑬ 징계처분은 징계대상자의 총괄부서의 장이 행한다.\n ⑭ 징계처분권자는 징계의결서를 받은 날로부터 15일 이내에 이를 집행하여야\n 하며 징계처분사유 설명서에 징계의결서 사본을 첨부하여 징계처분을 받은 자\n 에게 교부하여야 한다.\n\n\n제48조(직위해제) ① 임용기관 및 총괄부서의 장은 다음 각 호의 어느 하나에\n 해당하는 경우 업무를 부여하지 아니할 수 있다.\n 1. 중징계(해고, 정직) 의결이 요구되고 있는 사람\n 2. 형사사건으로 기소된 사람(약식명령이 청구된 사람은 제외한다)\n 3. 성범죄 및 아동학대 관련 범죄로 감사부서나 수사기관으로부터 조사ㆍ수사\n     중인 사람\n ② 임용기관 및 총괄부서의 장은 제1항에 따른 사유가 소명되면 지체 없이\n 직위를 부여하여야 한다.\n ③ 직위해제 기간의 임금은 평균임금의 70%를 지급한다.\n\n\n                 제 7 장 근무평정\n\n\n제49조(근무성적의 평정) ① 운영부서의 장은 교육공무직원에 대하여 2월 말일과\n 월 말일을 기준으로 연 2회 근무성적평가를 실시한다. 다만, 필요하다고 인정\n 8\n\n\n 하는 경우 평정 기준 일을 달리 정할 수 있다.\n ② 운영부서의 장은 제1항에도 불구하고 다음 각 호의 어느 하나에 해당하는\n 경우 근무성적 평가를 생략할 수 있다.\n 1. 근무성적 평가대상 기간 중 실제 근무한 기간이 3개월 미만인 사람\n\n\n                     - 96 -
2026년도 교육공무직원 등 종합관리계획	97	▪ (참고1) 세종특별자치시교육청 교육공무직원 취업규칙	2. 1년 미만의 기간제 근로자로 채용된 사람\n 3. 휴직·결원에 따른 대체인력\n ③ 근무성적평정의 평정자와 확인자는 다음과 같다.\n 1. 본청 : 평정자는 소속담당 장학관(사무관), 확인자는 운영부서의 장\n 2. 직속기관 : 평정자는 소속 부서의 장, 확인자는 기관장\n 3. 각급학교 : 평정자는 소속 부서의 장(교감, 행정실장), 확인자는 학교장\n\n\n제50조(평정요소별 평정) ① 확인자 및 평정자는 업무추진실적의 내용과 평소\n 관찰결과 등을 참고하여 근무실적, 직무수행능력 및 직무수행태도 등 평정\n 요소별로 별지 제1호 서식을 이용하여 객관적이고 공정하게 평가하여야한다.\n ② 평정자는 교육공무직원의 근무성적, 능력, 태도 등을 관찰하여 가감점을 부여할\n 수 있다.\n\n\n제51조(근무성적평정자료의 활용) 근무성적평정자료는 인사관리 또는 보수에 반영\n 할 수 있다.\n\n\n               제 8 장    퇴직 및 해고\n\n\n제52조(근로관계의 종료) 교육공무직원의 근로관계의 종료는 당연퇴직, 사직, 해고\n 등으로 구분한다.\n\n\n제53조(당연퇴직) 교육공무직원이 다음 각 호의 어느 하나에 해당될 경우에는\n 당연히 퇴직된다.\n 1. 사망 또는 정년이 되었을 때\n 2. 계약기간을 정하여 임용된 근로자가 기간 만료 후 재임용되지 아니한 때\n 3. 거짓 또는 부정한 방법으로 임용된 사실이 적발되었거나 제6조에서 정하는\n  임용결격사유에 해당하는 경우\n\n\n제54조(사직) 교육공무직원이 원에 의하여 퇴직하고자 할 때에는 퇴직하고자 하는\n 날의 30일전에 사직원을 임용권자에게 제출하고 승인을 받아야 한다. 다만,\n 특별한 사정이 있어 임용권자가 인정하는 경우에는 예외로 할 수 있다.\n\n\n제55조(해고) 다음 각 호의 어느 하나에 해당할 때에는 교육공무직원을 해고할\n\n\n                       - 97 -
2026년도 교육공무직원 등 종합관리계획	98	▪ (참고1) 세종특별자치시교육청 교육공무직원 취업규칙	수 있다.\n 1. 제44조에 따른 징계사유로 해고가 결정되었을 때\n 2. 직제와 정원의 개편, 사업의 종료나 변경 등에 따라 근로자의 직종 전환 등\n  교육청의 합리적인 노력에도 불구하고 근로자의 거부로 계약의 해지가 불\n  가피한 때\n 3. 교육공무직원이 신체 또는 정신적 이상이 발생하여 정상적으로 업무를 수행\n  할 수 없다고 인정되는 경우. 단, 「근로기준법」 제23조 제2항의 사유에\n  해당하는 경우에는 제외한다.\n 4. 휴직기간의 만료 또는 휴직사유가 소멸 되었음에도 불구하고 복직하지\n  아니한 경우\n 5. 직무를 수행하는 데 필요한 자격증의 효력이 상실되거나 면허가 취소되어 담당\n  직무를 수행할 수 없게 된 때\n 6. 그 밖에 근로관계를 유지할 수 없는 사정이 발생한 때\n\n\n제56조(해고통지) ① 교육공무직원을 해고하는 경우에는 서면으로 그 사유 및\n 날짜를 기재하여 교육공무직원에게 통지하여야 한다.\n ② 제1항에 따라 해고통지 하는 경우에 해고일 30일전에 예고를 하거나, 30일\n 전에 예고를 하지 아니하였을 때에는 30일분의 통상임금을 지급하여야 한다.\n 다만, 「근로기준법」제26조 단서 및 같은 법 시행규칙 제4조에 따른 경우에는\n 그러하지 아니한다.\n\n\n            제 9 장   안전보건 및 재해보상\n\n제57조(안전수칙의 준수) 교육공무직원은 산업재해 예방을 위하여 다음 사항을\n준수하여야 한다.\n 1. 근로안전 및 보건관리에 관한 규칙과 지시에 복종할 것\n 2. 항상 직장의 정리정돈을 하고 재해발생을 사전에 방지하도록 노력할 것\n 3. 안전장치, 소화설비, 위생설비, 기타 위생방지를 위한 시설물을 허가 없이\n  제거, 변경 또는 그 효력을 상실하게 하는 행위를 하지 말 것\n 4. 근무 전후에는 사무실의 각종 기구(컴퓨터, 사무용품, 전열기구 등)에 대한\n  점검을 하고 근무 중에는 각급기관 근무방침에 의한 각종 사항을 엄수할 것\n 5. 정하여진 장소 이외에서는 허가 없이 화기를 사용하거나 흡연하지 말 것\n 6. 항상 작업장을 청결히 하고, 폐기물은 일정한 장소에 내어놓을 것\n\n\n                     - 98 -
2026년도 교육공무직원 등 종합관리계획	99	▪ (참고1) 세종특별자치시교육청 교육공무직원 취업규칙	7. 각급기관에서 요구하는 건강진단, 전염병 예방주사 등을 받을 것\n\n\n제58조(비상재해) ① 교육공무직원은 화재 및 기타 비상재해가 발생할 위험이\n 있음을 알았을 때 또는 이를 발견한 때에는 즉시 필요한 조치를 취하는 동시에\n 그 사실을 운영부서의 장에게 보고하여야 한다.\n ② 비상재해가 발생하였을 경우에는 직원간 상호 협력하여 그 피해를 최소한\n 으로 억제하도록 노력하여야 한다.\n\n\n제59조(질병자의 근로금지․제한) ① 법정 전염병, 정신병 기타 노동부령이 정하는\n 질병에 걸린 자는 취업을 금지한다.\n ② 교육공무직원은 업무상 상병 또는 위험한 전염병이 발생한 것을 알았을 때는\n 운영부서의 장에게 보고한다.\n\n\n제60조(재해보상) 교육공무직원이 업무상 부상 및 질병에 걸릴 때는 「근로기준법」\n 또는 「산업재해보상보험법」의 규정에 의한 재해보상을 행한다. 다만, 3일 이\n 내의 요양을 요하는 업무상 재해에 대하여는 「근로기준법」에 따라 필요한\n 요양을 행하거나 필요한 요양비를 부담하여야 한다.\n\n\n제61조(업무외 재해) 업무 외의 재해에 대하여는 이 규칙에 정한 보상책임을 지지\n 아니한다.\n\n\n제62조(감정노동으로 인한 건강장해 예방조치) ① ‘감정노동’은 학부모나 학\n 생 등을 직접 또는 유선 등으로 상대하거나, 업무상 말투나 표정, 몸짓 등 드러\n 나는 감정을 표현해야 하거나 반대로 감정을 억누르고 통제하는 일을 수반하는\n 노동을 의미한다.\n② 교육청은 감정노동으로 인한 직업병을 예방할 의무가 있고, 감정노동을 하는\n조합원을 보호하기 위해 폭언 등을 하지 않도록 요청하는 문구나 홍보물을 게시\n하거나 음성안내를 하여야 한다.\n③ 교육청은 주로 학부모, 학생 등을 직접 대면하는 업무를 수행하는 조합원이\n폭언, 폭행, 그 밖에 적정 범위를 벗어난 신체적·정신적 고통을 유발하는 행위\n(이하 ‘폭언 등’이라 한다)로 인한 건강장해를 예방하기 위하여 필요한 조치를\n하도록 노력한다.\n④ 교육청은 학부모 또는 학생 등의 폭언 등으로 조합원에게 건강장해가 발생하\n\n                       - 99 -
2026년도 교육공무직원 등 종합관리계획	100	▪ (참고1) 세종특별자치시교육청 교육공무직원 취업규칙	거나 발생할 현저한 우려가 있는 경우에는 해당 조합원이 즉시 작업을 중지하고\n현장을 이탈할 수 있도록 해야 한다. 또한, 정상적으로 업무에 복귀할 수 있도록\n충분한 휴게시간을 부여한다.\n⑤ 교육청은 조합원이 필요한 조치를 요구하거나 제4항에 따른 조치를 취했을\n경우 이를 이유로 징계, 해고 등 고용상의 불이익 조치 및 임금 등 근로조건을\n포함하여 일체의 부당한 처우를 해서는 아니 된다.\n⑥ 교육청은 감정노동 예방을 위한 교육을 실시하도록 노력한다.\n⑦ 감정노동을 하는 조합원을 보호하기 위한 세부 사항은 「산업안전보건법」\n제41조(고객의 폭언 등으로 인한 건강장해 예방조치 등)를 준용한다.\n\n\n제63조(감염성 질환으로부터 보호) ① 교육청은 감염병의 조기 발견 및 예방을 위\n 한 방역물품 기준에 근거하여 방역 물품을 각급학교에 적정 수량 비치하고, 소독\n 과 방역 등의 위생강화 조치를 실시한다.\n② 조합원의 감염병 판정으로 격리, 치료 등에 소요되는 기간에 대하여 병가 등을\n활용하여 보호한다.\n③ 조합원이 감염성 질환으로 판정되어 산재 신청 시 적극 협조하여야 한다.\n④ 신종 감염성 질환의 예방과 관련해 조합원 복무와 근로조건에 관한 사항은 지\n방공무원 지침을 준용하여 마련한다.\n⑤ 교육청은 「재난 및 안전관리 기본법」에 따른 ‘감염병’ 관련 조치 시 임산\n부나 기저질환자에 대한 대책을 포함한다.\n⑥ 교육청은 감염병 예방관련 법령과 지침 등을 근거로 특별 복무지침을 시행할\n수 있고 확진자, 접촉자, 자가격리 대상자 등에 대한 복무를 포함한다.\n\n\n             제 10 장 교육 및 성희롱의 예방\n\n\n제64조(직무연수) ① 교육공무직원의 자질향상 및 행정업무수행의 능률을 높이기\n위하여 적절한 직무연수를 실시할 수 있다.\n ② 직무수행에 필요하다고 인정하는 경우에 교육공무직원으로 하여금 각종\n 연수에 참가하게 할 수 있으며 연수 경비를 지원할 수 있다.\n ③ 직무와 관련된 교육시간은 근로시간에 통산한다.\n\n\n                      - 100 -
2026년도 교육공무직원 등 종합관리계획	101	▪ (참고1) 세종특별자치시교육청 교육공무직원 취업규칙	제65조(직장 내 성희롱예방) ① 직장 내 성희롱을 예방하고 교육공무직원이\n 안전한 근로환경에서 일할 수 있는 여건 조성을 위하여 직장 내 성희롱 예방\n 교육을 실시하며, 직장 내 성희롱을 한 자에 대해 징계 등에 준하는 조치를\n 한다.\n ② 직장 내 성희롱과 관련하여 그 피해 교육공무직원에게 고용상의 불이익한\n 조치를 하여서는 아니 된다.\n\n\n제66조(직장 내 성희롱 예방교육) 직장 내 성희롱 예방교육에는 다음 각 호의\n내용이 포함되어야 한다.\n 1. 직장 내 성희롱에 관한 법령\n 2. 직장 내 성희롱 예방에 대한 본청의 방침 등에 관한 사항\n 3. 직장 내 성희롱 발생 시의 처리 절차 및 조치 기준\n 4. 직장 내 성희롱 피해 교육공무직원의 고충상담 및 구제절차\n 5. 기타 직장 내 성희롱 예방에 필요한 사항\n\n\n제67조(직장 내 성희롱에 대한 조치) 직장 내 성희롱 피해 교육공무직원으로부터\n고충의 신고를 받은 때에는 그 자율적인 해결을 위하여 노력하여야 하며, 자율적\n으로 해결되지 아니한 경우에는 지방노동관서에 그 고충의 해결에 대한 필요한\n조언, 지도 또는 권고 등 지원을 받아 해결하도록 한다.\n\n\n           제 11 장 직장 내 괴롭힘의 예방\n\n제68조(직장 내 괴롭힘 행위의 금지) 직장 내 괴롭힘이란 직장에서의 지위 또는\n관계 등의 우위를 이용하여 업무상 적정 범위를 넘어 다른 교육공무직원에게\n신체적·정신적 고통을 주거나 근무환경을 악화시키는 행위를 하여서는 아니\n된다.\n\n\n제69조(금지되는 직장 내 괴롭힘 행위) ① 금지되는 구체적인 직장 내 괴롭힘\n행위는 다음 각 호와 같다.\n 1. 신체에 대한 직접적인 폭행 및 물건을 던지거나 책상을 치는 등 위협을 가\n 하는 행위\n 2. 욕설이나 폭언, 징계 위협, 전보의 종용, 업무상 불이익을 예고하는 행위\n 3. 상급자가 특정한 노동자의 따돌림을 종용하거나 다수가 특정한 노동자를\n\n\n                      - 101 -
2026년도 교육공무직원 등 종합관리계획	102	▪ (참고1) 세종특별자치시교육청 교육공무직원 취업규칙	따돌리는 행위\n 4. 회식·음주·흡연 또는 금연을 강요하는 행위, 비품 등을 사비로 구매시키\n 는 행위, 본인 의사에 반하여 장기자랑·경연대회 등 참가를 요구하거나 체육\n 행사·단합대회 등 비업무적인 행사를 강요하는 행위\n 5. 정당한 이유없이 교육·훈련, 보상, 일상적 대우 등에서의 차별 행위\n 6. 업무와 무관한 사적 업무의 지시 및 그 거부에 따른 불이익\n 7. 정당한 이유 없이 업무와 관련된 중요한 정보나 의사결정 과정에서 배제하\n 거나, 근로계약서 등에 명시되어 있는 업무와 무관한 일을 지시하거나 허드렛\n 일만 시키는 행위\n 8. 업무를 가르치면서 학습능력 부족 등을 이유로 괴롭히는 행위\n 9. 정당한 이유없이 휴가·병가·휴직 등 법령, 단체협약 및 취업규칙 등으로\n 사용이 보장 된 쉴 권리 행사를 강제 또는 제한하거나 비하하는 행위\n 10. 그밖에 업무의 적정범위를 넘어 노동자에게 신체적․정신적 고통을 주거나\n 근무환경을 악화시키는 행위\n② 교육청은 직장 내 괴롭힘 방지를 위해 예방조치부터 사후 조치까지 포괄적인\n조치를 마련한다.\n③ 교육청은 직장 내 괴롭힘 방지를 위한 제도를 전 구성원들에게 안내한다.\n④ 교육청은 전보, 인력 구조조정, 성과압박, 노동 강도 강화, 노동조합 탄압 목\n적으로 직장 내 괴롭힘 행위를 하거나 이를 방치해서는 안 된다.\n\n\n제70조(직장 내 괴롭힘 예방교육) 교육청은 직장내 괴롭힘 예방을 위한 교육을\n실시한다.\n\n\n제71조(직장 내 괴롭힘 행위 발생 시 조치) ① 누구든지 직장 내 괴롭힘 발생 사\n실을 알게 된 경우 그 사실을 교육청에 신고할 수 있다.\n ② 교육청은 전항에 따른 신고를 접수하거나 직장 내 괴롭힘 발생 사실을 인\n 지한 경우에는 지체 없이 그 사실 확인을 위한 조사를 실시한다.\n ③ 교육청의 직장 내 괴롭힘 행위에 관한 조사 및 조치에 관한 구체적인 절차\n 는 별도로 정한다.\n\n\n제72조 (직장 내 괴롭힘 피해자의 보호) ① 교육청은 직장 내 괴롭힘이 인정된\n경우 피해자가 요청하면 근무 장소의 변경, 배치전환, 유급휴가 명령 등 적절\n한 조치를 한다. 이 경우 피해근로자등의 의사에 반하는 조치를 하여서는 아니\n된다.\n\n                     - 102 -
2026년도 교육공무직원 등 종합관리계획	103	▪ (참고1) 세종특별자치시교육청 교육공무직원 취업규칙	② 교육청은 피해자의 피해 복구를 위해 심리상담 등 필요한 지원을 한다.\n ③ 교육청은 사건이 종결된 때부터 2년 간 반기별로 해당 사건의 행위자에 의\n 한 직장 내 괴롭힘 재발 여부, 피해자에 대한 불이익 처우 등이 발생하지 않\n 는지 모니터링하고 피해자를 지원한다.\n\n\n제73조(직장 내 괴롭힘 가해자 징계) ① 교육청은 직장 내 괴롭힘 행위자에 대\n 하여는 관련법 및 규정에 따라 징계 등이 이루어지도록 한다.\n ② 교육청은 직장 내 괴롭힘 사건을 은폐하거나 피해자, 신고자 또는 사건 관\n 련 진술자 등에게 신고 등을 이유로 또 다른 직장 내 괴롭힘 행위를 한 경우\n 관련법 및 규정에 따라 징계 등이 이루어지도록 한다.\n\n\n제74조 (재발방지조치 등) ① 교육청은 사건이 종결하면 직장 내 괴롭힘 행위의\n 재발 방지를 위하여 필요한 대책을 수립 시행한다.\n ② 교육청은 직장 내 괴롭힘 행위의 재발 방지를 위하여 필요하다고 인정되는\n 경우 직장 내 괴롭힘 행위자에 대하여 상담을 실시하거나 교육 수강 명령을\n 할 수 있다.\n\n\n                      부      칙\n제1조(시행일) 이 규정은 2014년 12월 31일부터 시행한다.\n제2조(준용규정) 이 규정에서 정하지 아니한 사항은 「근로기준법」 등 노동\n 관계법과 통상관례에 따른다.\n제3조(적용의 예외) 단시간 근로자의 경우 제22조, 제26조 및 제29조의 사항은\n 비례하여 적용한다.\n\n\n                      부      칙\n제1조(시행일) 이 규칙은 2020년 1월 1일부터 시행한다.\n제2조(준용규정) 이 규칙에서 정하지 아니한 사항은 「근로기준법」 등 노동\n 관계법과 통상관례에 따른다.\n제3조(적용의 예외) ① 단시간 근로자의 근로조건은 통상근로자의 근로시간을\n 기준으로 산정한 비율에 따라 결정한다.\n ② 4주 동안을 평균하여 1주 동안의 소정근로시간이 15시간 미만인 교육공무\n 직원의 경우 제22조(근로자의날 제외), 제26조, 제29조3항, 제34조(업무상질병\n\n                       - 103 -
2026년도 교육공무직원 등 종합관리계획	104	▪ (참고1) 세종특별자치시교육청 교육공무직원 취업규칙	부상 및 가족돌봄휴직 제외), 제37조, 제42조의 사항은 적용하지 아니한다.\n ③ 제3조에도 불구하고 30일 미만 고용된 일용직근로자는 이 규칙을 적용하지\n 아니한다.\n ④ 제26조부터 제35조까지 규정에도 불구하고 사무행정실무원(호봉제)은 기존의\n 인정되는 근로조건인 복무(세종시교육감 소속 지방공무원 복무조례상 공가,\n 병가 및 특별휴가 준용)는 저하할 수 없다. 단 기존의 각급학교의 취업규칙 상\n 복무조건이 상이할 경우 공가, 병가 및 특별휴가는 세종특별자치시교육감 소속\n 지방공무원 복무조례(단, 재량휴업일과 개교기념일은 단체협약 적용)를 준용한다.\n제4조(경과조치) 이 규칙 시행일 이전 각급기관에서 제정․신고하였거나 적용되었던\n 취업규칙은 이 규칙 시행과 동시에 폐지하며, 이 규칙 시행일 이전에 고용된\n 교육공무직원은 이 규칙에 따라 고용된 것으로 본다.\n\n\n                      부      칙\n제1조(시행일) 이 규칙은 2020년 7월 1일부터 시행한다.\n\n\n                      부      칙\n제1조(시행일) 이 규칙은 2021년 5월 1일부터 시행한다.\n\n\n                      부      칙\n제1조(시행일) 이 규칙은 2022년 10월 31일부터 시행한다.\n\n\n                      부      칙\n제1조(시행일) 이 규칙은 2025년 11월 4일부터 시행한다.\n\n\n                       - 104 -
2026년도 교육공무직원 등 종합관리계획	105	▪ (참고1) 세종특별자치시교육청 교육공무직원 취업규칙	[별표 1]\n\n                            징 계 기 준\n                       비위 정도가 심하고 비위 정도가 심하고 비위 정도가 심하고 비위 정도가 약하고\n              비위의 정도 및 고의가 있는 경우  중과실이거나, 비위 경과실이거나, 비위 경과실인 경우\n                 과실 여부\n비위의 유형                            정도가 약하고 고의 정도가 약하고 중과\n                                  가 있는 경우    실인 경우\n\n1. 취업규칙 또는 취업규칙에 따른 명\n                            해고             정직        감봉    견책\n   령이나 지시 위반\n\n2. 업무상 정당한 지휘, 명령에 불복종\n                            해고             정직        감봉    견책\n   하거나 직장 내 질서 문란\n\n3. 공금 유용 착복 또는 배임하거나,\n                            해고             정직        감봉    견책\n   업무상 기밀을 누설하여 손해 초래\n\n4. 음주운전, 성폭력(성매매 포함) 등\n   업무상 및 업무 외를 불문하고\n                            해고             정직        감봉    견책\n   사회적 물의를 일으키거나 위신을\n   손상\n\n5. 재산상 손실 초래                해고             정직        감봉    견책\n\n6. 안전 및 보건상의 의무 위반          해고             정직        감봉    견책\n\n7. 금고이상의 유죄 판결 확정                               해고\n\n8. 무단결근․지각․조퇴․근무장소 이탈\n                            해고             정직        감봉    견책\n   등 근무태도 불량\n\n9. 청렴 의무 위반                                 별표 2와 같음\n\n10. 업무수행능력 부족, 업무태만         해고             정직        감봉    견책\n\n11. 직장 내 괴롭힘 위반             해고             정직        감봉    견책\n\n12. 그 밖에 사회통념상 위 각 호에\n                            해고             정직        감봉    견책\n   준하는 징계사유\n\n\n                                 - 105 -
2026년도 교육공무직원 등 종합관리계획	106	▪ (참고1) 세종특별자치시교육청 교육공무직원 취업규칙	[별표 2]\n\n                     청렴의 의무 징계 기준\n\n                   금품․향응 등\n                                         100만원 미만\n                   재산산 이익\n                                                         100만원 이상\n  비위의 유형                            수동              능동\n\n\n 1. 위법․부당한 처분과 직접적인 관계없이 금품\n  이나 향응 등 재산상 이익을 직무관련자 또는        정직-감봉        해고-정직     해고-정직\n  직무관련 교직원으로부터 받거나 제공한 경우\n\n\n 2. 직무와 관련하여 금품이나 향응 등 재산상 이\n  익을 받거나 제공하였으나, 그로 인하여 위법․       해고-정직        해고-정직       해고\n  부당한 처분 등을 하지 아니한 경우\n\n\n 3. 직무와 관련하여 금품이나 향응 등 재산상 이\n  익을 받거나 제공하고, 그로 인하여 위법․부당       해고-정직             해고     해고\n  한 처분 등을 한 경우\n\n\n                               - 106 -
2026년도 교육공무직원 등 종합관리계획	107	▪ (참고1) 세종특별자치시교육청 교육공무직원 취업규칙	[별지 제1호]\n                                                                                    [앞면]\n\n\n                                 근무성적 평정표\n\n  성 명          평정대상기간                    직종                생년월일             최초 채용일\n\n                                                       년 월 일(만 세)\n\n\n 1. 업무추진실적 또는 주요업무성과 (평정대상기간중의 것만 기재)\n\n\n 2. 직무수행능력 관련사항 (평정대상기간중의 것만 기재)\n\n\n○ 현재 소지하고 있는 자격증             :\n\n\n○ 교육훈련 수료  :\n\n\n○ 포상 등 기타사항     :\n\n\n※ 직무관련 자격증, 포상 시 10점 범위 내에서 가점 부여\n\n\n3. 직무수행태도평정 감점 해당사항(평정대상기간중의 것만 기재) : 총점 감점(①)\n\n○ 무단지각              (   )    ×\n                            회 감점(1)           ○ 민원인불친절              (   )    ×\n                                                                            회 감점(2)\n○ 무단조퇴              (   )    ×\n                            회 감점(1)           ○ 직원 품위손상             (   )    ×\n                                                                            회 감점(3)\n○ 무단이석              (   )   회×감점   (1)             범죄,채권압류,음주운전,사생활문란 등)\n                                                   (\n\n\n○ 무단결근              (   )   회×감점   (2)        ○견       책            (   )    ×\n                                                                            회 감점(4)\n○주 의                (   )   회×감점   (1)        ○감       봉            (   )    ×\n                                                                            회 감점(5)\n○경 고                (   )   회×감점   (3)        ○정       직            (   )   회×감점   (6)\n\n\n※ 상기 감점은 1회당 감점이며 주의를 2회 받을 경우 1점×2회=2점 감점임\n\n\n                                         - 107 -
2026년도 교육공무직원 등 종합관리계획	108	▪ (참고1) 세종특별자치시교육청 교육공무직원 취업규칙	[뒷면]\n 4. 근무성적 평가표\n[ 평정점수 - 탁월 : 10점, 우수 : 8점, 보통 : 6점, 미흡 : 4점, 불량 : 2점 이하]\n                                         평정점수\n  구분          평정항목\n                        탁월          우수    보통      미흡      불량\n        1.   직무지식\n        2.   업무능력\n  평정자   3.   책임감/협조성\n        4.   친절도/청렴성\n        5.   성과달성도\n               소 계                         점(②)\n        1.   직무지식\n        2.   업무능력\n  확인자   3.   책임감/협조성\n        4.   친절도/청렴성\n        5.   성과달성도\n               소 계                         점(③)\n        총평정점                         점(④=②+③-①, 소수점반올림)\n\n※ 평가 성적 : 탁월(86～100점), 우수(71～85점), 보통(56～70점), 미홉(41～55점),\n불량(40점 이하)\n\n\n 5. 평가자 종합의견\n\n  평정자\n\n  확인자\n\n\n                         20   . .\n\n                               평정자                       (   서명)\n\n                               확인자                       (   서명)\n\n\n                          - 108 -
2026년도 교육공무직원 등 종합관리계획	109	▪ (참고1) 세종특별자치시교육청 교육공무직원 취업규칙	※ 평가요령\n\n1. 평가항목별 정의 및 평가기준을 숙독한 후 평가하며 상대평가임\n2. 모든 평가항목의 평가가 끝나면 평정항목별 점수를 더해서 합계란에 기재\n3. 평가자 종합 의견란에는 피평가자에 대한 특기사항이나 요망사항, 능력개발, 필요사항 등을 기재\n\n\n※ 평가항목별 정의 및 평가기준\n 평가항목          정 의                           평   가 기 준\n                           탁월 : 자기가 담당한 분야에 상당한 전문지식을 가지고 있어 독자적으로\n                               업무처리가 가능하다.\n                           우수 : 자기가 담당한 분야의 필요지식은 충분히 가지고 있고 어느 정도 독자적으로\n            담당업무 수행에 직          처리할 수 있다.\n            접적으로 필요한 실무    보통 : 필요로 하는 지식은 평균적인 수준에 달해 있어 지식 부족에 의한\n1.   직무지식\n            지식, 이론             문제는 별로 없다.\n            지식             미흡 : 일부지식의 부족 때문에 실무처리에 문제가 발생하므로 상위자의\n                               지도/조언이 때때로 필요하다.\n                           불량 : 전문지식이 부족하기 때문에 실무처리에 문제가 많아 맡길 수 있는 업\n                                무가 제한되어 있다.\n                           탁월 : 모든 업무에 있어 일정계획에 맞게 업무를 수행하고 있으며 문제점에\n                                대한 정확한 원인분석 및 대안제시를 하고, 결과가 또한 매우 만족스\n                                럽다.\n            주어진 업무목표를      우수 : 업무의 중요도와 일정계획을 체크하여 일정을 잘 지키며 업무결과도\n            일정에 맞게 완결하          만족스럽다.\n2.   업무능력\n            고 명확한 결과를      보통 : 업무 일정 기일을 잘 지키나, 업무 결과는 약간의 보완을 요한다.\n            제시하는 능력        미흡 : 업무계획은 일정대로 끝내는 경우가 적으며, 또한 업무결과에 오류가\n                                있어 재검토가 필요하다.\n                           불량 : 업무를 일정에 맞게 끝내는 경우가 거의 없고, 업무결과에 오류가\n                               많아 항시 재검토가 필요하다.\n                           탁월 : 자신의 역할/입장을 충분히 이해하고 있고, 상당히 곤란한 상황에\n                               직면해 있어도 기대에 부응하기 위해 최대한 노력을 하고, 전체적\n            자신의 역할이나 입\n                               발전을 위해 자발성을 보인다.\n            장을 충분히\n                           우수 : 자신의 역할/입장을 충분히 이해하고 있으며, 상당히 곤란한 상황에 대\n            이해하여 기대에 부\n                                하여도 무난히 처리할 수 있으며, 관련있는 교직원의 요청에 따라 적\n            응하려는 노력을 하고,\n                                극적으로 도와준다.\n            조직의\n3.   책임감/                  보통 : 자신의 역할/입장을 이해하고 있으며, 노력부족으로 인한 업무수행에는\n            일원으로서 동료 및\n     협조성                        문제가 없으나, 교직원간 업무협조는 다소 소극적이다.\n            다른 부서에 협력하\n                           미흡 : 자신의 역할/입장에 대한 이해가 부족하고 노력이 충분치 않아 업무에\n            려고 하며, 전체적 발\n                                큰 지장을 끼치는 경우가 가끔 있으며, 학교조직의 구성원으로서 자각\n            전에 부응하려고 하\n                                이 부족하여 업무에도 소극적이다.\n            는\n                           불량 : 자신의 역할/입장에 대한 이해가 부족하기 때문에 책임회피 내지 전가\n            자세\n                                시키는 경우가 있으며, 일을 완수하지 못해 업무에 큰 지장을 주는\n                                경우가 많으며, 동료와의 관계도 원만하지 못해 주변과 분쟁이 많다.\n                        탁월 : 자신의 업무를 처리하면서 확고한 윤리관으로 청렴하게 처리하고\n                             있으며, 교육행정지원에 적극적이다.\n            맡은 바 업무를 청 우수 : 자신의 업무를 처리하면서 맡은 바 업무에 대하여 상당히 청렴하게 처\n            렴하게 처리           리하고 있으며, 교육행정지원에 다소 적극적이다.\n4.   청렴성/   하고, 교직원 및 민 보통 : 자신의 업무를 처리하면서 맡은 바 업무에 대하여 다소 청렴하게\n     친절도    원인에게            처리하고 있으며, 교육행정지원에 다소 적극적이다.\n            친절하게 서비스    미흡 : 자신의 업무를 처리하면서 맡은 바 업무에 대하여 청렴성이 다소\n            하려는 자세          부족하며, 교직원 및 민원인과 다소 마찰을 일으킨다.\n                        불량 : 자신의 업무를 처리하면서 맡은 바 업무에 대하여 청렴하게 처리하지\n                             못하며, 교직원 및 민원인과 분쟁이 잦다.\n5.   성과     사업계획에 의한 목 탁월 : 목표대비 : 100%이상, 우수 : 목표대비 : 95%이상, 보통 : 목표대비 :\n     달성도    표달성도             90%이상 미흡 : 목표대비 : 85%이상, 불량 : 목표대비 : 85%미만\n\n\n                                   - 109 -
2026년도 교육공무직원 등 종합관리계획	110	▪ (참고2) 세종특별자치시교육청 특수운영직군 종사자 취업규칙	[별지 제2호]\n\n\n               교육공무직원징계의결요구서\n\n                                                          교육공무\n               한글        ②소 속                    ③직위(급)\n                                                          직   원\n        ①성명\n 인적사항          한자        ④생년월일                   ⑤재직기간    년 월\n\n\n        ⑥주 소\n\n\n⑦징계사유 ○ 붙임 [징계사유] 참조\n\n\n        ○ 비위유형: 세종특별자치시교육청 교육공무직원 취업 규칙」제 조 제 항\n        ○ 징계요구:「징계」\n\n⑧징계의결 ○ 적용근거:「세종특별자치시교육청 교육공무직원 취업 규칙」제 조\n요구권자    ○ 의    견: 징계요구에 적시된 비위는 교육공무직원으로서 세종특별자치시\n의견                  교육청 교육공무직원 취업 규칙을 위반한 것으로「징계」의결을\n                    요구하는 것임\n                ※ 세종특별자치시교육청 감사에 따른 처분요구(징계요구)사항임\n\n\n     위와 같이 징계의결을 요구합니다.\n\n\n                         20   년 월       일\n\n\n                                000 학교장 (인)\n\n\n 세종특별자치시교육청교육공무직원인사위원회위원장                   귀하\n\n\n                              - 110 -
2026년도 교육공무직원 등 종합관리계획	111	< 참고 2 > 세종특별자치시교육청 특수운영직군 종사자 취업규칙	< 참고 2 > 세종특별자치시교육청 특수운영직군 종사자 취업규칙\n\n\n    세종특별자치시교육청 특수운영직군 종사자 취업규칙\n\n                                        2018. 7. 1. 제정\n                                        2021. 5. 1. 개정\n                                        2022.10.31. 개정\n                                        2024. 4. 3. 개정\n                                        2025. 11. 4. 개정\n\n\n                    제1장 총        칙\n\n\n제1조(목적) 이 규칙은 「세종특별자치시교육감 소속 교육공무직원의 채용 및 관리조례」\n 제3조(적용범위) 제4호에 해당하는 자로서 동 조례 시행규칙이 적용되지 아니하는 특수\n 운영직군 종사자의 채용, 근로조건 및 복무 등에 관한 사항을 정함을 목적으로 한다.\n\n\n제2조(정의) 이 규칙에서 사용하는 용어의 뜻은 다음과 같다.\n 1. “특수운영직군 종사자”란 채용기관의 장과 사법적인 근로계약을 체결하고 각급 교육\n   기관에서 근무하는 다음 각 목의 직종에 종사하는 자를 말한다.\n  가. 환경실무사\n  나. 당직원\n  다. 시설관리원\n  라. 기숙사 사감\n  마. 주간경비원\n 2. “각급 교육기관”이란「지방교육행정기관의 행정기구와 정원기준 등에 관한 규\n  정」및「세종특별자치시교육청 행정기구 설치 조례」에 따른 본청·본청의 각 부\n  서․직속기관과「세종특별자치시 시립학교 설치 조례」에 따라 세종특별자치시교육감\n  (이하 “교육감”이라 한다)이 설치․경영하는 학교(유치원을 포함하되 이하 “공립학\n  교”라 한다)를 말한다.\n 3. “총괄부서”란 특수운영직군 종사자의 정원 및 인사․노무 등의 업무를 총괄하여\n   담당하는 세종특별자치시교육청(이하 “본청”이라 한다)의 소관부서를 말한다.\n 4. “사업부서”란 해당 부서의 사업과 관련된 특수운영직군 종사자의 정원, 배치기\n  준, 업무분장, 임금지급 등에 관한 구체적인 운영 계획을 수립하고 시행하는 본청\n  의 소관부서와 직속기관을 말한다.\n\n                       - 111 -
2026년도 교육공무직원 등 종합관리계획	112	▪ (참고2) 세종특별자치시교육청 특수운영직군 종사자 취업규칙	5. “운영부서”란 특수운영직군 종사자의 업무와 복무를 지휘하고 관리하는 본청 담\n      당부서․직속기관과 공립학교를 말한다.\n 6. “채용”이란 각급 교육기관에서 근로관계를 맺는 모든 행위를 말한다.\n 7. “채용기관”이란 특수운영직군 종사자의 채용 또는 전보나 교류 등에 따른 인\n      사를 실시하는 각급 교육기관을 말한다.\n\n\n제3조(적용범위) ① 이 규칙은 각급 기관에서 근무하는 특수운영직군 종사자에 한하여\n 적용한다.\n ② 특수운영직군 종사자의 근로조건에 관하여는 법령 및 근로계약, 운영지침 등에\n 별도로 정함이 있는 경우를 제외하고는 이 규칙이 정하는 바에 의한다.\n\n\n                   제2장 채용 및 근로계약\n\n\n제4조(채용) ① 특수운영직군 종사자의 채용은 교육감이 한다. 다만, 교육감이 정하는\n 바에 따라 각급 기관의 장에게 위임할 수 있다.\n ② 특수운영직군 종사자의 신규채용은 공개경쟁을 원칙으로 한다. 다만, 교육감이 따로\n 정하는 경우에는 그러하지 아니한다.\n\n제5조(채용기회 및 우선고용직종)\n ① 채용기관의 장은 특수운영직군 종사자의 모집 및 채용에 있어서 합리적인 이유\n 없이 성별, 신앙, 사회적 신분, 출신지역, 출신학교, 혼인, 임신 또는 병력(病歷) 등\n 에 의한 차등을 두지 않는다.\n ② 다만 특수운영직군 종사자 중「고용상 연령차별금지 및 고령자고용촉진에 관한\n 법률」제16조에 따른 우선고용직종으로 해당되는 경우에는 그에 따른다.\n\n제6조(선발절차)\n ① 채용기관의 장은 특수운영직군 종사자를 선발할 때에는 채용예정 인원, 담당 업무,\n 자격기준, 남녀고용평등, 장애인 채용 등에 관한 사항을 홈페이지 게시 등 다양한 방법\n 으로 공고하여야 한다. 다만, 다음 각 호의 어느 하나에 해당하는 경우에는 공고 절차를\n 생략할 수 있다.\n 1. 공고를 하였으나 응시자가 없는 경우\n 2.   사전예고 없는 퇴직으로 인한 업무공백을 방지하기 위한 경우\n 3.   업무의 긴급추진 등 불가피한 사유가 있는 경우\n ② 채용기관의 장은 특수운영직군 종사자를 선발할 때에는 채용자격기준에 해당하는\n 사람을 대상으로 담당업무의 성격 등을 고려하여 필기시험, 실기시험, 서류전형 또는\n\n\n                        - 112 -
2026년도 교육공무직원 등 종합관리계획	113	▪ (참고2) 세종특별자치시교육청 특수운영직군 종사자 취업규칙	면접 중에서 하나 이상을 선택하여 실시하여야 한다.\n\n\n제7조(채용 시 구비서류) 근로자를 채용 시 갖추어야 할 구비서류는 다음 각 호와 같다. 다만,\n 행정정보공동이용이 가능한 서류는 행정정보공동이용시스템을 통해 담당 공무원이 직접 확인\n 할 수 있다.\n 1. 응시원서 1부.\n 2. 자격증 및 면허증 사본 1부(해당자에 한함).\n 3. 개인정보 수집 및 이용 동의서 1부.\n 4. 채용결격사유 부존재 확인서 1부.\n 5. 최종 학력증명서 및 경력증명서 각 1부(해당자에 한함).\n 6. 그 밖에 필요하다고 인정되는 서류\n\n\n제8조(채용제한) 채용기관의 장은 다음 각 호의 어느 하나에 해당하는 자를 특수운영\n 직군 종사자로 채용할 수 없다.\n 1.「지방공무원법」결격사유에 해당하는 자\n 2.「부패방지 및 국민권익위원회의 설치와 운영에 관한 법률」비위면직자 등의 취업제\n  한 및 국민권익위원회 예규「비위면직자등의 취업제한사무 운영지침」에 저촉되는\n  비위면직자\n 3.「아동·청소년의 성보호에 관한 법률」에 따라 취업이 제한되는 자\n 4. 공인된 의료기관에서 채용 신체검사 결과 취업이 부적당하다고 판정된 자\n 5.「아동복지법」에 따라 취업이 제한되는 아동학대 관련 범죄전력자\n 6. 징계에 의하여 해고 처분을 받은 날로부터 5년이 지나지 아니한 자\n 7. 그 밖에 업무수행이 불가능하다고 판단되는 자\n\n\n제9조(근로계약) ① 채용기관의 장은 특수운영직군 종사자를 채용하는 경우에는 별지\n 제1호 서식의 표준근로계약서를 참조하여 근로계약기간, 임금, 근로시간 및 휴게시\n 간, 휴일‧휴가, 근무장소와 담당업무 및 그 밖의 근로조건에 관한 사항을 서면으로 명시\n 하여 근로계약을 체결하여야 한다.\n ② 제1항에 따라 근로계약을 체결하는 경우 근로계약서 2부를 작성하여 1부는 해당자\n 에게 교부하여야 한다.\n ③ 근로계약기간 중 계약의 내용을 변경하여야 하는 사정이 있는 때에는 근로자와 합의\n 하여 근로계약의 내용을 변경할 수 있다.\n\n\n제10조(수습기간) ① 특수운영직군 종사자를 신규로 채용하는 경우에는 3개월의 수습기간을\n 두고, 2회 이하의 평가를 실시하며 수습기간 동안은 수습직으로 임명한다. 다만,\n 업무의 성격이나 근로자의 경력 등을 감안하여 수습기간을 단축하거나 두지 아니\n 할 수 있다.\n ② 제1항의 규정에도 불구하고 다음 각 호에 해당하여 채용된 특수운영직군 종사자는 수습\n\n\n                           - 113 -
2026년도 교육공무직원 등 종합관리계획	114	서식은 별도로 정함이 없는 한 교육공무직원 서식 준용), 교육행정정보시스템(NEIS)에	기간을 두지 아니한다.\n 1. 9개월 미만의 기간제 근로자를 채용할 경우\n 2. 결원에 따른 대체인력을 채용할 경우\n ③ 수습기간 중의 근로자에 대해 업무에 적합성 및 완성도, 기관에 적응성, 근무태도, 인성\n 등에 대한 평가를 통하여 정식근로자 인정 여부를 결정하며, 잔여 근로계약기간과 무관하게\n 근로계약을 해지할 수 있다.\n ④ 수습기간은 근속기간에 산입한다.\n\n제11조(인사기록의 작성) 채용기관의 장은 특수운영직군 종사자의 인적사항 및 채용·포\n 상·징계사항 등을 기재한 인사기록카드를 작성·보관하며(인사기록카드 등 인사관리\n 서식은 별도로 정함이 없는 한 교육공무직원 서식 준용), 교육행정정보시스템(NEIS)에\n 그 사항을 입력·유지 관리할 수 있다.\n\n\n제12조(증명서 등 발급) 채용기관의 장은 특수운영직군 종사자가 재직증명서 및 경력증명서의\n 발급을 요청하는 경우에 제11조의 인사기록에 따라 재직(경력)증명서를 발급하여야\n 한다.\n\n\n                     제3장 복무\n\n\n제13조(복무의무) 근로자는 다음 각 호의 사항을 준수하여야 한다.\n 1. 근로자는 맡은 바 직무를 충실히 수행하여야 한다.\n 2. 근로자는 직무와 관련하여 직접 또는 간접을 불문하고 사례·증여 또는 향응을 수\n  수(授受)하여서는 아니 된다.\n 3. 근로자는 직무상 지득한 비밀을 엄수하고 기관기밀을 누설해서는 아니된다. 단,\n  「공공기관의 정보공개에 관한 법률」이나 그 밖의 법령에 의하여 공개하는 경우에\n  는 적용되지 아니한다.\n 4. 근로자는 법령 및 직무상 명령을 준수하고 친절·공정하여야 하며 질서를 존중하여야 한\n  다.\n 5. 근로자는 근로자로서 품위를 손상하거나 기관의 명예를 실추시키는 행위를 하여\n  서는 아니 된다.\n 6. 근로자는 그 밖에 제5호에 준하는 행위를 하여서는 아니 된다.\n\n\n제14조(출근, 결근) ① 근로자는 업무시간 시작 전까지 출근하고 업무에 임할 준비를 하여\n 정상적인 업무수행에 차질이 없도록 하여야 한다.\n ② 질병이나 그 밖의 부득이한 사유로 결근하고자 하는 경우에는 사전에 각 급 기관장의\n\n                       - 114 -
2026년도 교육공무직원 등 종합관리계획	115	▪ (참고2) 세종특별자치시교육청 특수운영직군 종사자 취업규칙	승인을 받아야 한다. 다만, 불가피한 사유로 사전에 승인을 받을 수 없는 경우에는 결근 당일\n 에라도 그 사유를 명확히 하여 사후 승인을 받아야 하며 정당한 이유 없이 이러한 절차를 이행\n 하지 아니한 경우 무단결근을 한 것으로 본다.\n\n\n제15조(지각․조퇴 및 외출) ① 근로자는 질병 그 밖의 부득이한 사유로 지각하게 되는 경우에는\n 사전에 소속 부서의 장 또는 직근 상급자에게 알려야 하며, 사전에 알릴 수 없는 경우에는\n 사후에라도 지체 없이 이 사실을 알려야 한다.\n ② 근로자는 근로시간 중에 사적으로 근무 장소를 이탈할 수 없다. 다만, 질병이나 그 밖의\n 부득이한 사유로 인하여 조퇴 또는 외출 하고자 할 경우에는 소속부서의 장의 승인을 받아야 한다.\n제4장 인 사\n\n\n제16조(인사위원회의 설치 등) ① 특수운영직군 종사자에 대한 아래 각 호의 사항은「세종\n 특별자치시교육감 소속 교육공무직원의 채용 및 관리 조례 시행규칙」 제11조에 따라\n 설치된 교육공무직원 인사위원회(이하 “인사위원회”라 한다)에서 심의한다.\n 1. 특수운영직군 종사자의 해고에 관한 사항\n 2. 특수운영직군 종사자의 징계에 관한 사항\n 3. 그 밖에 특수운영직군 종사자의 인사관리와 관련하여 위원장이 요구하는 사항\n ② 인사위원회의 설치, 기능, 회의 등 인사위원회의 구체적인 운영에 대해서는 「세종\n 특별자치시교육감 소속 교육공무직원의 채용 및 관리 조례 시행규칙」제11조 내지 제\n 14조를 준용한다.\n\n\n제17조(인력관리심의위원회의 설치 등) ① 특수운영직군 종사자에 대한 아래 각 호의 사항은\n 「세종특별자치시교육감 소속 교육공무직원 정원 관리 규정」제3조에 따라 설치된 교육\n 공무직원 인력관리심의위원회(이하 “인력관리심의위원회”라 한다)에서 심의한다.\n 1. 근로자 배치기준과 신규 사업 및 사업의 확대 등 정원 관리에 관한 사항\n 2. 직종 신설 및 변경․통합에 관한 사항\n 3. 그 밖에 정원 등에 관하여 교육감이 심의․요구하는 사항\n ② 인력관리심의위원회의 기능, 구성, 등 인력관리심의위원회의 구체적인 운영에 대\n 해서는 「세종특별자치시교육감 소속 교육공무직원 정원 관리 규정」제4조 내지 제9조\n 를 준용한다.\n\n\n제18조(근무성적의 평정) ① 운영부서의 장은 특수운영직군 종사자에 대하여 2월 말일과\n 8월 말일을 기준으로 연 2회 근무성적평가를 실시한다. 다만, 필요하다고 인정하는\n 경우 평정 기준 일을 달리 정할 수 있다.\n ② 운영부서의 장은 제1항에도 불구하고 다음 각 호의 어느 하나에 해당하는 경우\n 근무성적 평가를 생략할 수 있다.\n 1. 근무성적 평가대상 기간 중 실제 근무한 기간이 3개월 미만인 사람\n 2. 1년 미만의 기간제 근로자로 채용된 사람\n\n                         - 115 -
2026년도 교육공무직원 등 종합관리계획	116	▪ (참고2) 세종특별자치시교육청 특수운영직군 종사자 취업규칙	3. 휴직·결원에 따른 대체인력\n ③ 근무성적평가 결과는 징계, 전보, 무기계약전환 등의 인사관리에 반영할 수 있다.\n\n제19조(평정요소별 평정) ① 확인자 및 평정자는 업무추진실적의 내용과 평소 관찰결과\n 등을 참고하여 근무실적, 직무수행능력 및 직무수행태도 등 평정요소별로 객관적이고\n 공정하게 평가하여야 한다.\n ② 평정자는 근로자의 근무성적, 능력, 태도 등을 관찰하여 가감점을 부여할 수 있다.\n\n\n제20조(전보) ① 교육감은 업무상의 필요, 근로자의 고충해소 및 업무능력 향상 등을 위해\n 부서 및 소속기관 간에 근로자를 전보할 수 있다.\n ② 경영상의 이유 등으로 근로자의 직무가 없어지는 경우, 기관은 업무에 지장을 초래\n 하지 않는 범위 내에서 재배치·전보 등을 통하여 고용유지를 위한 노력을 하여야 한\n 다.\n ③ 전보 등에 관하여는 총괄부서가 정하는 별도의 지침에 따른다.\n\n\n제21조(휴직) ① 채용기관의 장은 특수운영직군 종사자가 다음 각 호 어느 하나에 해당\n 하는 사유로 휴직을 신청하는 경우 휴직을 명할 수 있다.\n 1. 업무 외 부상 또는 질병으로 14일 이상의 장기요양을 요할 때(난임·불임 치료\n  포함): 3개월(진단서 제출)\n 2. 남녀고용평등 및 일·가정양립지원에 관한 법률에 따른 가족돌봄 휴직: 90일\n 3. 병역법, 「병력동원소집 및 전시근로소집 규정」 등 관련법령에 따른 징·소집기\n 간: 해당기간\n 4. 노조전임자의 휴직: 전임기간\n 5. 업무상 질병, 부상: 공단에서 정한 요양기간\n ② 특수운영직군 종사자가 본 절에 따른 휴직을 신청하는 경우 채용기관의 장에게 휴직원을\n 제출하여야 한다.\n\n\n제22조(육아휴직) ① 채용기관의 장은 6월 이상을 재직한 특수운영직군 종사자가 만\n 8세 이하 또는 초등학교 2학년 이하의 자녀(입양한 자녀를 포함한다)를 양육하기\n 위하여 필요하거나 여성 특수운영직군 종사자가 임신하게 되었을 때 휴직(이하\n “육아휴직”이라 한다)을 신청하는 경우에 이를 허용하여야 한다. 다만 「남녀고\n 용평등과 일·가정 양립 지원에 관한 법률」에 따라 허용하지 않는 경우 그에 따\n 른다.\n ② 육아휴직 기간은 1년 이내로 하며, 분할사용은 1회에 한하며, 보수를 지급하지 아니한\n 다. 단, 「남녀고용평등과 일ㆍ가정 양립 지원에 관한 법률」에 따라 같은 자녀를 대상으로\n 부모가 모두 육아휴직을 각각 3개월 이상 사용한 경우의 부 또는 모, 「한부모가족지원법」\n 제4조 제1호의 부 또는 모, 고용노동부령으로 정하는 장애아동의 부 또는 모에 해당하는 경\n 우 6개월을 추가로 사용할 수 있으며 이 기간은 근속기간에 포함한다.\n\n\n                       - 116 -
2026년도 교육공무직원 등 종합관리계획	117	▪ (참고2) 세종특별자치시교육청 특수운영직군 종사자 취업규칙	③ 육아휴직의 신청방법 및 절차 등에 관하여는 「남녀고용평등과 일‧가정 양립 지원에\n 관한 법률 시행령」등 관련 규정에 의한다.\n ④ 삭제 <2021.5.1.>\n ⑤ 삭제 <2021.5.1.>\n\n\n제23조(휴직자의 처우 및 복직) ① 휴직 종료 후 복직하였을 때에는, 휴직기간은 근속년수에\n 포함하고, 휴직 이전과 다른 불이익 처우를 하지 않는다. 단, 병역법에 따른 군복무기간과\n 제21조1항1호에 의한 기간은 근속년수에 포함하지 아니한다.\n ② 휴직기간 중 임금은 무급을 원칙으로 한다. 단, 관련법령에 의한 경우 그에 따른다.\n ③ 휴직 중인 특수운영직군 종사자는 휴직기간 만료 전 30일까지 채용기관의 장에게\n 복직원을 제출하여야 하며 휴직기간이 만료되면 당연히 복직된다.\n ④ 휴직 중인 특수운영직군 종사자는 휴직기간 중 그 사유가 소멸되면 10일 이내에\n 채용기관의 장에게 복직원을 제출하여야 하며, 채용기관의 장은 지체 없이 복직을 명\n 하여야 한다. 다만 육아휴직 및 가족돌봄휴직의 경우에는 「남녀고용평등과 일․가정\n 양립지원에 관한 법률 시행령」에서 정하는 바에 따른다.\n ⑤ 휴직 중인 특수운영직군 종사자에게 부득이한 사유가 발생하여 휴직기간을 연장\n 하고자 하는 경우에는 기존 휴직 만료 예정일의 30일 전까지 채용기관의 장에게\n 휴직연장원을 제출하여야 하며, 채용기관의 장은 남은 휴직기간 범위 내에서 연장을\n 허용할 수 있다.\n ⑥ 휴직 중인 특수운영직군 종사자가 휴직기간 중 그 사유가 소멸되지 않았으나 조기에\n 복직을 하고자 하는 경우에는 휴직 만료 예정일의 30일 전까지 채용기관의 장에게 복직원을\n 제출하여야 한다.\n ⑦「산업재해보상보험법」상의 업무상 재해로 인정된 휴직기간 중의 임금은 120일(기간\n 중의 휴일을 포함한다.)의 범위 내에서 동법에 따라 지급받은 휴업급여와의 임금차액을\n 보전한다.\n ⑧ 휴직기간이 만료되거나 만료전이라도 휴직사유가 소멸되어 휴직자가 복직하고자 할\n 때에는 채용기관의 장은 원직에 복직시키되, 원직소멸 등 특별한 사정이 있을 경우 본인의\n 의사와 기관의 형편 등을 고려하여 복직시킨다.\n\n\n제24조(휴직자의 의무) 휴직자는 휴직기간 중 채용기관의 장의 허가 없이 타 직업에\n 종사하지 못하며, 거주지, 신분관계 등에 변동이 발생한 경우에는 즉시 채용기관의\n 장에게 신고하여야 한다.\n\n\n                       - 117 -
2026년도 교육공무직원 등 종합관리계획	118	▪ (참고2) 세종특별자치시교육청 특수운영직군 종사자 취업규칙	제5장 근로조건\n\n\n제25조(근로일) ① 특수운영직군 종사자의 근로일은 기관의 운영 일정에 따른다.\n ② 기관의 장은 근로일이 아니라 하더라도 기관 운영에 필요한 경우 특별히 날짜를 지정\n 하여 근로를 요구할 수 있다.\n\n\n제26조(근로시간) ① 근로자의 근로시간은 휴게시간을 제외하고 1일 8시간, 1주 40시간을 초과할 수\n 없다. 다만, 연장근로와 야간근로가 불가피한 경우에는 해당 특수운영직군 종사자의\n 동의를 얻어 실시한다.\n ② 근로자의 휴게시간은 4시간에 30분, 8시간에 1시간의 휴게시간을 근무시간 도중에 부\n 여하여야 한다. 이 경우 휴게시간은 근로시간에 포함되지 않는다.\n ③ 학교에 근무하는 특수운영직군 종사자의 경우 1일 근로시간은 7시간 30분으로 하\n 고, 휴게시간 30분(유급)을 근로시간 도중에 부여하며, 휴게시간 30분(유급)은 근로시\n 간에 포함한다.\n\n\n제26조의 2(탄력적 근로시간제) 탄력적 근로시간제 운영 기준은 [별표2]와 같다.\n\n\n제27조(연장·야간 및 휴일근로) ① 기관의 장은 특수운영직군 종사자의 동의를 얻어 연\n 장근로를 실시하되, 1주간 12시간 한도에서 이를 승인하여야 한다.\n ② 기관의 장은 특수운영직군 종사자의 동의를 얻어 야간근로(오후 10시부터 오전 6시\n 사이의 근로) 및 휴일근로를 실시할 수 있다.\n\n\n제28조(근로시간 및 휴게·휴일의 적용제외) ① 감시·단속적 업무로서 고용노동부장\n 관의 승인을 받은 특수운영직군 종사자에 대하여는 1일 8시간, 1주 40시간을 초과하여\n 연장근로하거나 휴일에 근로하더라도 연장근로 및 휴일근로 가산임금을 지급하지 않\n 는다.\n ② 제1항에 해당하는 특수운영직군 종사자가 야간에 근로하는 경우에는 통상임금의 50%를\n 가산하여 지급한다.\n\n\n제29조(근무상황) 기관의 장은 특수운영직군 종사자에 대하여 근무상황부(교육행정정보\n 시스템으로 인사기록을 관리할 경우 교육행정정보시스템으로 관리)를 갖추어 두고,\n 근무태도 상황을 기록·관리한다.\n\n\n제30조(겸업금지 및 허가) ① 특수운영직군 종사자는 직무와 관련된 영리업무에 종사할\n 수 없으며, 부득이한 경우 직무 외의 영리업무를 겸업하고자 할 때에는 겸업허가신청서를\n 작성하여 사전에 기관의 장의 허가를 받아야 한다.\n ② 제1항의 허가는 담당직무 수행에 지장이 없는 경우에만 할 수 있다.\n\n                          - 118 -
2026년도 교육공무직원 등 종합관리계획	119	▪ (참고2) 세종특별자치시교육청 특수운영직군 종사자 취업규칙	제31조(출장) ① 기관의 장은 업무수행을 위하여 필요한 경우 특수운영직군 종사자에게\n 출장을 명할 수 있다.\n ② 기관의 장은 제1항의 출장에 소요되는 비용에 대해 지방공무원 여비 지급 기준을 준용\n 하여 지급한다.\n\n제32조(휴일) ① 특수운영직군 종사자의 유급휴일은 다음 각 호와 같다.\n 1. 주휴일 단, 주중 결근 시 무급으로 한다.\n 2. 「근로자의 날 제정에 관한 법률」에 의한 근로자의 날\n 3. 「관공서의 공휴일에 관한 규정」에 의한 공휴일\n 4. 재량휴업일은 개교기념일을 포함하여 연간 4일 이내\n 5. 기타 노사 합의로 결정한 날\n② 제1항의 유급휴일의 경우, 방학 중 비근무자가 근로하지 않는 기간에는 적용되지\n 아니한다. 단, 1월 1일(신정)과 설 연휴 3일 및 광복절은 유급휴일로 인정한다.\n③ 휴일이 중복될 경우에는 하나의 휴일로 처리한다.\n\n\n제33조(연차유급휴가) ① 특수운영직군 종사자의 연차유급휴가는 「근로기준법」제60조\n 에서 정하는 바에 따른다.\n ② 연도 중 신규 채용된 특수운영직군 종사자의 연차유급휴가 산정 기산일은 회계연도를\n 기준으로 재산정하여 부여한다.\n ③ 연차유급휴가 미사용 수당은 최종 연차유급휴가청구권이 있는 달의 1일분 통상임금을\n 미사용 일수에 곱한 금액으로 지급하며, 연차유급휴가 사용 촉진에 관한 사항은 「근로\n 기준법」제61조에서 정하는 바에 따른다.\n ④ 결근일수·정직일수 또는 지참, 조퇴, 외출시간 등은 합산하여 연차유급휴가 일수\n 에서 공제하며, 이 규정이 정한 휴가일수를 초과한 휴가는 결근으로 본다.\n제34조(특별휴가) ① 기관의 장은 특수운영직군 종사자가 다음 각 호의 어느 하나에 해\n 당하는 경우 특별휴가를 부여하여야 하며, 휴가기간은 유급으로 한다.\n 1. 본인의 결혼: 5일\n 2. 자녀의 결혼: 1일\n 3. 배우자의 출산: 20일\n 4. 입양: 20일(입양특례법 적용)\n 5. 배우자의 사망, 본인 및 배우자의 부모의 사망: 5일\n 6. 본인 및 배우자의 조부모·외조부모 사망: 3일\n 7. 자녀 및   그 자녀의 배우자 사망: 3일\n 8. 본인 및 배우자의 형제자매 사망: 3일\n 9. 본인 및 배우자의 형제자매의 배우자 사망: 1일\n 10. 본인 및 배우자의 직계존비속의 가족 돌봄: 연간 10일(무급)\n 11. 고등학생 이하 자녀를 둔 교육공무직원이 자녀의 병원진료 자녀돌봄, 학교행사\n 등의 참여: 자녀돌봄휴가 연간 2일(유급) 단, 자녀돌봄휴가는 가족돌봄휴가 내 사용\n\n\n                         - 119 -
2026년도 교육공무직원 등 종합관리계획	120	▪ (참고2) 세종특별자치시교육청 특수운영직군 종사자 취업규칙	하며, 둘째자녀부터 1일(유급)씩 추가\n 12. 교육공무직원의 자녀가 입영 또는 수료할 경우: 1일(입영당일 또는 수료당일)\n 13. 인공수정 또는 체외수정 등 불임치료 시술: 연간 6일(최초 2일 유급)\n 14. 장기재직휴가: 재직기간 5년 이상 10년 미만 3일, 10년 이상 20년 미만 5일, 20년\n 이상 10일(5일 단위로 분할 사용 가능)\n 17. 학교근로자 학습휴가: 4일(제32조 제1항 4호에 따른 재량휴업일이 4일에 미치지\n 못하는 경우 4일 한도로 부여) 단, 당직원 제외\n② 제1항에 따른 경조사 휴가기간 중 휴일 또는 휴무일이 포함되어 있는 경우에는 이를\n제외하여 휴가기간을 계산한다.\n\n\n제35조(생리휴가) 기관의 장은 여성 근로자가 청구하는 경우 월 1일의 무급생리휴가를\n 주어야 한다.\n\n\n제36조(병가) ① 기관의 장은 특수운영직군 종사자가 개인의 질병․부상 등으로 담당업\n 무를 수행할 수 없어 병가를 신청하는 경우에 이를 허가할 수 있다.\n ② 제1항에 따라 특수운영직군 종사자가 연속 7일 또는 누계 10일을 초과하여 병가를\n 신청하는 경우에는 의사의 진단서(혹은 진료확인서)를 첨부하여야 한다.\n ③ 제1항에 따른 병가의 연간 총 일수는 30일을 초과할 수 없으며, 병가기간 중 휴무일과\n 공휴일은 총 일수에 포함하지 않는다. 다만 병가기간이 30일 계속되는 경우에는 포\n 함하여 산정한다.\n ④ 질병이나 부상으로 인한 지참, 조퇴 및 외출은 직종별 1일 근로시간에 해당 하는\n 시간을 병가 1일로 계산하고, 연간 10일까지는 유급으로 한다. 단, 시설관리원 및 환\n 경실무사 직종은 연간 30일을 유급으로 한다.\n ⑤ 근로계약기간이 1년 미만인 특수운영직군 종사자는 1년을 기준으로 근무한 기간\n 에 비례하여 총 병가일수, 유급병가일수를 부여한다.\n제37조(공가) ① 기관의 장은 특수운영직군 종사자가 다음 각 호의 어느 하나에 해당하는\n 경우에 공가를 허가하여야 하며, 이에 직접 필요한 기간(시간)은 유급으로 한다.\n 1. 「병역법」,「예비군법」및「민방위기본법」 기타 다른 법령에 따른 징병검사․소집․\n  검열․점호 등에 응하거나 동원 또는 훈련에 참가하는 경우\n 2. 공무에 관하여 국회·법원·검찰 및 그 밖의 국가기관에 의해 출석을 요청받았\n  을 때\n 3. 「공직선거법」 및 「국민투표법」의 규정에 따른 선거 및 투표에 참가하는 경우\n 4. 「산업안전보건법」및「국민건강보험법 시행령」에 따른 건강검진을 받을 때\n 5. 천재지변·교통차단 및 그 밖의 사유로 출근이 불가능할 경우\n 6. 단체교섭, 노사협의회, 산업안전보건위원회에 위원으로 참석한 때\n 7. 「혈액관리법」에 따른 헌혈에 참가할 때\n 8. 「결액예방법」에 따른 결핵 검진을 받을 때\n 9. 올림픽 ‧ 전국체전 등 국가 또는 지방 단위의 주요 행사에 참가할 때\n\n                         - 120 -
2026년도 교육공무직원 등 종합관리계획	121	▪ (참고2) 세종특별자치시교육청 특수운영직군 종사자 취업규칙	제38조(임산부의 보호) ① 임신 중인 특수운영직군 종사자에게 출산 전후를 통하여 90일\n (미숙아 출산의 경우 100일, 다태아의 경우 120일)의 보호휴가를 주어야 한다. 이\n 경우 반드시 출산 후에 45일 이상(다태아의 경우 60일)부여한다.\n ② 임신 중인 여성 특수운영직군 종사자가 유산 또는 사산하는 경우, 근로자가 청구\n 하면 법령이 정하는 사유 및 절차에 따라 휴가를 주여야 한다.\n ③ 출산 전후 휴가기간 중 최초 60일(다태아의 경우 75일)은 통상임금으로 지급하며,\n 나머지 30일은 관련법령에 따라 출산 전후 휴가급여를 받을 수 있도록 협조하며,\n 그 금액의 한도에서 지급책임을 면한다.\n ④ 기관의 장은 임신 중의 여성근로자가 유산·사산의 위험이 있다는 의료기관의 진단서\n 를 제출한 경우, 출산 전 어느 때라도 휴가를 나누어 사용할 수 있도록 하여야 한\n 다. 이 경우 출산 후의 휴가기간은 연속하여 45일 이상(다태아의 경우 60일)이 되어야\n 한다.\n ⑤ 기관의 장은 임신 중의 여성근로자가 유산 또는 사산한 경우로서 당해 여성 근로자\n 가 청구하는 경우 「근로기준법」에 따른 유산·사산휴가를 주어야 한다. 특수운영\n 직군 종사자의 출산전후휴가, 임산부 정기건강진단 및 임신기 근로시간 단축, 육아시간\n 등의 임산부 보호에 관한 사항은 「근로기준법」에서 정하는 바에 따른다.\n ⑥ 기관은 출산 전후 휴가 사용을 이유로 불이익한 처우를 할 수 없다.\n\n\n제39조(육아기 근로시간 단축) ① 육아기 근로시간 단축에 관한 사항은 「남녀고용평등\n 과 일·가정 양립 지원에 관한 법률」 및 같은 법 시행령을 따른다.\n ② 세부운영사항은 총괄부서가 정하는 별도 지침에 따른다.\n ③ 삭제 <2021.5.1.>\n ④ 삭제 <2021.5.1.>\n ⑤ 삭제 <2021.5.1.>\n\n\n제40조(육아시간 등) ① 교육청은 생후 1년 미만의 유아를 가진 여성 조합원이 청구하\n 면 1일 2회, 각각 30분 이상의 유급 수유시간을 주어야 한다.\n ② 만 8세 또는 초등학교 2학년 이하의 자녀를 가진 근로자는 36개월의 범위에서 자\n 녀돌봄, 육아 등을 위한 1일 최대 2시간의 유급 육아시간을 사용할 수 있다. 다만, 1항\n 의 유급 수유시간을 사용하는 여성 근로자의 경우 육아시간은 유급 수유시간을 포함\n 하여 1일 최대 2시간으로 한다.\n ③ 육아시간은 ‘육아휴직’ 또는 ‘육아기근로시간 단축’ 중이 아닌 기간에 별\n 도로 부여한다.\n\n\n                       - 121 -
2026년도 교육공무직원 등 종합관리계획	122	▪ (참고2) 세종특별자치시교육청 특수운영직군 종사자 취업규칙	제6장 임       금\n\n\n제41조(임금의 형태 및 지급방법) ① 특수운영직군 종사자의 임금은 월급제로 하며,\n 기본급 및 각종 수당으로 구성한다. 단, 1주 15시간 미만으로 근무하는 특수운영직군\n 종사자의 경우에는 시급제로 한다.\n ② 임금은 매월 초일부터 말일까지를 산정기간으로 하여 매월 17일에 지급한다.\n ③ 월급제 근로자나 매월 임금을 지급하는 경우, 월중 입·퇴사등 신분변동이나 결근 등\n 의 사유가 발생한 경우 일할계산하며, 근로를 제공하지 않은 시간에 대해 기지급한 임금이\n 있는 경우 공제한다.\n ④ 기관의 장은 다음 각 호를 제외하고는 임금에서 공제할 수 없다.\n 1. 근로소득세, 주민세\n 2. 건강(장기요양), 국민, 고용보험료 근로자 부담금\n 3. 기타 법령에 의하거나 노사합의에 의해 공제되는 금액\n ⑤ 제2항의 규정에도 불구하고 당사자 간 협의로 다른 일자에 지급할 수 있다.\n\n제42조(결근 시 임금의 감액) ① 특수운영직군 종사자가 다음 각 호에 해당하는 때에는\n 임금에서 공제한다. 다만 특수운영직군 종사자가 제33조의 연차유급휴가로 대체를 원할\n 경우 그러하지 아니한다.\n 1. 제25조에서 정한 근로일에 결근한 때\n 2. 제26조에서 정한 근로시간에 미달하게 근무한 경우에 그 미달 시간의 합이 1일\n  근로시간에 달한 때\n ② 제1항에 해당하는 일수가 연차유급휴가일수를 초과하는 경우에는 초과일 및 해당 주의\n 주휴일에 대한 임금을 감액하여 지급한다.\n\n\n제43조(연장․야간 및 휴일근로수당) 특수운영직군 종사자가 제27조에 따라 연장·야간 및\n 휴일근로를 한 경우 「근로기준법」에 따라 통상임금의 100분의 50을 가산하여 지급\n 한다.\n\n\n                       - 122 -
2026년도 교육공무직원 등 종합관리계획	123	▪ (참고2) 세종특별자치시교육청 특수운영직군 종사자 취업규칙	제7장 퇴직․해고 등\n\n\n제44조(퇴직) ① 특수운영직군 종사자가 퇴직하고자 하는 때에는 퇴직희망일 30일 전까지\n 채용기관의 장에게 사직원을 제출하여야 한다.\n② 제1항에도 불구하고 채용기관의 장은 업무의 인수인계 등 부득이한 사유가 있는 때\n 에는 퇴직희망일 이후의 날짜를 정하여 퇴직하게 할 수 있다. 단, 이 경우에도 사직원이\n 채용기관의 장에게 도달한 날부터 30일을 초과할 수 없다.\n③ 특수운영직군 종사자가 사망하였을 경우에는 그 사망한 날을 퇴직일로 한다.\n\n\n제45조(해고) ① 채용기관의 장은 특수운영직군 종사자가 다음 각 호의 어느 하나에 해당\n 하는 경우에 근로계약을 해지하여야 한다.\n 1. 거짓 또는 부정한 방법으로 채용된 사실이 적발된 경우\n 2. 해당 직무를 수행할 수 없을 정도의 신체 또는 정신상의 이상이 있는 경우. 다만,\n   업무상 질병 또는 부상으로 신체 또는 정신상의 이상이 발생한 경우에는 그러하지\n   아니하다.\n 3. 제8조에서 정하는 채용결격사유에 해당하는 경우\n 4. 휴직기간이 끝나거나 휴직사유가 소멸되었음에도 불구하고 복직하지 아니한 경우\n 5. 그 밖에 직무수행에 필수적인 자격증의 효력이 없어지거나 면허가 취소되어 담당\n    직무를 수행할 수 없는 경우\n 6. 근로관계를 유지할 수 없는 등 불가피한 사정이 발생한 경우\n ② 채용기관의 장은 학생 수나 학교 수 감소 등 행정수급 변화로 인한 업무량의 축소,\n 직제개편 등으로 인해 인원감축이 불가피하여 특수운영직군 종사자와의 근로계약을 해지\n 하는 경우에는 「근로기준법」제24조에서 정하는 바에 따른다.\n\n\n제46조(해고의 통지) 채용기관의 장은 특수운영직군 종사자와 근로계약을 해지하는 경우\n 에는 계약해지일 30일 전에 서면으로 그 사유 및 날짜를 기재하여 특수운영직군 종사자에게\n 예고하여야 하며, 30일 전에 예고를 하지 아니하였을 경우에는 30일분의 통상임금을 지급\n 하여야 한다. 다만, 「근로기준법」제26조 단서 및 같은 법 시행규칙 제4조에 따른 경우에는\n 그러하지 아니한다.\n\n제47조(정년) ① 아래 각 호에 대하여는 정년을 만 60세로 한다.\n 1. 시설관리원\n 2. 기숙사 사감\n 3. 주간경비원\n ② 아래 각 호에 대하여는 정년을 만 65세로 한다.\n 1. 환경실무사\n 2. 당직원\n\n                        - 123 -
2026년도 교육공무직원 등 종합관리계획	124	▪ (참고2) 세종특별자치시교육청 특수운영직군 종사자 취업규칙	③ 본 조에 따른 정년을 적용할 때 퇴직시점은 아래와 같이 한다.\n 1. 본청 및 직속기관 근로자 : 정년에 이른 날이 1월~6월 사이에 있는 경우 6월 말일, 7월~12월\n 사이에 있는 경우 12월 말일\n 2. 학교 근로자 : 정년이 이른 날이 3월~8월 사이에 있는 경우 8월 말일, 9월~다음 년도\n 2월 사이에 있는 경우 2월 말일\n\n\n                       제8장 퇴직급여\n\n\n제48조(퇴직급여제도) ① 기관의 장은 특수운영직군 종사자가 근로계약기간 1년 이상을 근무\n 하고 퇴직하는 때에는 근로계약기간 1년에 대하여 30일분의 평균임금을 퇴직금으로 지급\n 한다.\n ② 기관의 장은 제1항의 퇴직금을 지급하는 대신 「근로자퇴직급여 보장법」제4조에 따라\n 도입된 퇴직연금을 지급할 수 있다\n\n\n제49조(중간정산) 기관의 장은 특수운영직군 종사자가 「근로자퇴직급여 보장법 시행령」제3조\n 에서 정한 사유로 퇴직금 중간정산을 요구하는 경우에는 퇴직하기 전이라도 계속 근로\n 기간에 대한 퇴직금을 미리 정산하여 지급할 수 있다. 이 경우 미리 정산하여 지급한 후의\n 퇴직금 산정을 위한 계속 근로기간은 정산시점부터 새로이 기산한다.\n\n\n                      제9장 표창 및 징계\n\n\n제50조(표창) 다음 각 호의 어느 하나에 해당하는 특수운영직군 종사자에 대하여는 표창\n 할 수 있다.\n 1. 근무실적이 탁월한 자\n 2. 교육발전에 크게 공헌한 자\n 3. 선행 등으로 대외적으로 본청 및 각급기관의 명예를 높인 자\n\n\n제51조(징계사유) ① 특수운영직군 종사자에게 다음 각 호의 어느 하나에 해당하는 사\n 유가 발생하였을 때에는 인사위원회의 의결을 거쳐 징계할 수 있다.\n 1. 업무상 방해 또는 민원을 야기하거나 고의 또는 중대한 과실로 재산상 손실을 초\n    래하거나 기관의 명예를 손상한 경우\n 2. 기관의 장의 명령이나 지시를 위반하였을 때\n\n                           - 124 -
2026년도 교육공무직원 등 종합관리계획	125	▪ (참고2) 세종특별자치시교육청 특수운영직군 종사자 취업규칙	3. 허위보고, 허위 문서작성, 문서 위변조 또는 파기 등 부정한 행위를 한 경우\n 4. 직무태만 또는 회계질서 문란 등 성실 의무를 위반하거나 직무 관련자로부터 금품\n  수수, 향응 등을 제공받은 경우\n 5. 근로계약상 이행하기로 한 업무를 수행하지 않거나 소홀히 하였을 때\n 6. 기관장의 승인 없이 결근·지각·조퇴·근무장소 이탈 등 근무 태도가 불량 한\n    경우\n 7. 제61조의 직장 내 괴롭힘 행위를 한 자\n 8. 성희롱·성폭력 등 성 관련 비위행위 또는 음주운전을 한 자\n 9. 그 밖에 위의 각 호에 준하는 징계사유에 해당한다고 판단된 경우\n② 징계 사유에 대한 입증책임은 징계를 요청한 측에 있다.\n\n\n제52조(징계의 종류) ① 근로자에 대한 징계는 해고·정직·감봉·견책으로 하며, 징계가\n 아닌 신분상 처분은 경고·주의로 구분한다.\n ② 징계의 효력은 다음과 같다.\n 1. 해고는 근로계약을 해지하는 것으로 한다.\n 2. 정직은 1개월 이상 3개월 이하의 기간으로 하고, 그 기간 중 근로자의 신분은 유지\n    하나 직무에 종사하지 못하며 임금은 지급하지 아니한다.\n 3. 감봉은 1개월 이상 3개월 이하의 기간 동안 급여를 감액하되 1회의 금액은 평균\n  임금의 1일분의 2분의 1을, 총액이 월 임금총액의 10분의 1을 초과하지 못한다.\n 4. 견책은 과실에 대하여 서면으로 결과를 통보한다.\n 5. 경고는 과실에 대해 경고장을 교부한다.\n 6. 주의는 과실에 대해 주의촉구서를 교부한다.\n 7. 징계사유는 있으나 정상참작 등으로 징계하지 아니한 경우에는 해당 특수운영직군\n  종사자에게 서면으로 경고하여야 한다.\n③ 제2항 제1호에서 제4호의 경우 인사위원회의 의결을 거친다.\n\n\n제53조(직위해제) ① 채용기관의 장은 다음 각 호의 어느 하나에 해당하는 특수운영직군\n 종사자에 대하여는 업무를 부여하지 아니할 수 있다.\n 1. 징계의결이 요구되고 있는 사람\n 2. 형사사건으로 기소된 사람(약식명령이 청구된 사람은 제외한다)\n  3. 성범죄 및 아동학대 관련 범죄로 감사부서나 수사기관으로부터 조사ㆍ수사 중인 사람\n ② 채용기관의 장은 특수운영직군 종사자에게 제1항 각 호에 따른 사유가 소멸되면\n 지체 없이 직위를 부여하여야 한다.\n ③ 직위해제 기간의 임금은 평균임금의 70%로 한다.\n\n\n제54조(징계절차) 징계절차 및 양정에 관하여는 교육공무직원 취업규칙을 준용한다.\n\n\n제55조(손해배상) 근로자가 고의 또는 중대한 과실로 재산상의 손해를 끼친 때에는 그\n 손해액을 배상하여야 한다.\n\n                       - 125 -
2026년도 교육공무직원 등 종합관리계획	126	▪ (참고2) 세종특별자치시교육청 특수운영직군 종사자 취업규칙	제10장 교육 및 성희롱의 예방\n\n\n제56조(직무연수) ① 근로자의 자질향상 및 행정업무수행의 능률을 높이기 위하여 적절한\n 직무연수를 실시할 수 있다.\n ② 직무수행에 필요하다고 인정하는 경우에 근로자로 하여금 각종 연수에 참가하게 할 수\n 있으며 연수 경비를 지원할 수 있다.\n ③ 교육시간 및 직무와 관련된 교육시간은 근로시간에 통산한다.\n\n\n제57조(직장 내 성희롱예방) ① 직장 내 성희롱을 예방하고 근로자가 안전한 근로환경에서\n 일할 수 있는 여건 조성을 위하여 직장 내 성희롱 예방교육을 실시하며, 직장 내 성희롱을\n 한 자에 대해 징계 등에 준하는 조치를 한다.\n ② 직장 내 성희롱과 관련하여 그 피해 근로자에게 고용상의 불이익한 조치를 하여서는\n 아니 된다.\n\n\n제58조(직장 내 성희롱 예방교육) 직장 내 성희롱 예방교육에는 다음 각 호의 내용이 포함\n 되어야 한다.\n 1. 직장 내 성희롱에 관한 법령\n 2. 직장 내 성희롱 예방에 대한 본청의 방침 등에 관한 사항\n 3. 직장 내 성희롱 발생 시의 처리 절차 및 조치 기준\n 4. 직장 내 성희롱 피해 근로자의 고충상담 및 구제절차\n 5. 기타 직장 내 성희롱 예방에 필요한 사항\n\n\n제59조(직장 내 성희롱에 대한 조치) 직장 내 성희롱 피해 근로자로부터 고충의 신고를\n 받은 때에는 그 자율적인 해결을 위하여 노력하여야 하며, 자율적으로 해결되지 아니한\n 경우에는 지방노동관서에 그 고충의 해결에 대한 필요한 조언, 지도 또는 권고 등 지원을\n 받아 해결하도록 한다.\n\n\n제60조(직장 내 괴롭힘 행위의 금지) 직장 내 괴롭힘이란 직장에서의 지위 또는 관계\n 등의 우위를 이용하여 업무상 적정 범위를 넘어 다른 특수운영직군 종사자에게 신체\n 적·정신적 고통을 주거나 근무환경을 악화시키는 행위를 하여서는 아니 된다.\n\n\n제61조(금지되는 직장 내 괴롭힘 행위) ① 금지되는 구체적인 직장 내 괴롭힘 행위는 다\n 음 각 호와 같다.\n\n                         - 126 -
2026년도 교육공무직원 등 종합관리계획	127	▪ (참고2) 세종특별자치시교육청 특수운영직군 종사자 취업규칙	1. 신체에 대한 직접적인 폭행 및 물건을 던지거나 책상을 치는 등 위협을 가하는\n 행위\n 2. 욕설이나 폭언, 징계 위협, 전보의 종용, 업무상 불이익을 예고하는 행위\n 3. 상급자가 특정한 노동자의 따돌림을 종용하거나 다수가 특정한 노동자를 따돌리\n 는 행위\n 4. 회식·음주·흡연 또는 금연을 강요하는 행위, 비품 등을 사비로 구매시키는 행위,\n 본인 의사에 반하여 장기자랑·경연대회 등 참가를 요구하거나 체육행사·단합대회 등\n 비업무적인 행사를 강요하는 행위\n 5. 정당한 이유없이 교육·훈련, 보상, 일상적 대우 등에서의 차별 행위\n 6. 업무와 무관한 사적 업무의 지시 및 그 거부에 따른 불이익\n 7. 정당한 이유 없이 업무와 관련된 중요한 정보나 의사결정 과정에서 배제하거나, 근로\n 계약서 등에 명시되어 있는 업무와 무관한 일을 지시하거나 허드렛일만 시키는 행위\n 8. 업무를 가르치면서 학습능력 부족 등을 이유로 괴롭히는 행위\n 9. 정당한 이유없이 휴가·병가·휴직 등 법령, 단체협약 및 취업규칙 등으로 사용이 보장 된\n 쉴 권리 행사를 강제 또는 제한하거나 비하하는 행위\n 10. 그밖에 업무의 적정범위를 넘어 노동자에게 신체적․정신적 고통을 주거나 근무환\n 경을 악화시키는 행위\n② 교육청은 직장 내 괴롭힘 방지를 위해 예방조치부터 사후 조치까지 포괄적인 조치\n를 마련한다.\n③ 교육청은 직장 내 괴롭힘 방지를 위한 제도를 전 구성원들에게 안내한다.\n④ 교육청은 전보, 인력 구조조정, 성과압박, 노동 강도 강화, 노동조합 탄압 목적으로\n직장 내 괴롭힘 행위를 하거나 이를 방치해서는 안 된다.\n\n\n제62조(직장 내 괴롭힘 예방교육) 교육청은 직장내 괴롭힘 예방을 위한 교육을 실시한\n 다.\n\n\n제63조(직장 내 괴롭힘 행위 발생 시 조치) ① 누구든지 직장 내 괴롭힘 발생 사실을\n 알게 된 경우 그 사실을 교육청에 신고할 수 있다.\n ② 교육청은 전항에 따른 신고를 접수하거나 직장 내 괴롭힘 발생 사실을 인지한 경\n 우에는 지체 없이 그 사실 확인을 위한 조사를 실시한다.\n ③ 교육청의 직장 내 괴롭힘 행위에 관한 조사 및 조치에 관한 구체적인 절차는 별\n 도로 정한다.\n\n\n제64조 (직장 내 괴롭힘 피해자의 보호) ① 교육청은 직장 내 괴롭힘이 인정된 경우\n 피해자가 요청하면 근무 장소의 변경, 배치전환, 유급휴가 명령 등 적절한 조치를 한\n 다. 이 경우 피해근로자등의 의사에 반하는 조치를 하여서는 아니 된다.\n\n\n                         - 127 -
2026년도 교육공무직원 등 종합관리계획	128	▪ (참고2) 세종특별자치시교육청 특수운영직군 종사자 취업규칙	② 교육청은 피해자의 피해 복구를 위해 심리상담 등 필요한 지원을 한다.\n ③ 교육청은 사건이 종결된 때부터 2년 간 반기별로 해당 사건의 행위자에 의한 직\n 장 내 괴롭힘 재발 여부, 피해자에 대한 불이익 처우 등이 발생하지 않는지 모니터\n 링하고 피해자를 지원한다.\n\n\n제65조(직장 내 괴롭힘 가해자 징계) ① 교육청은 직장 내 괴롭힘 행위자에 대\n 하여는 관련법 및 규정에 따라 징계 등이 이루어지도록 한다.\n ② 교육청은 직장 내 괴롭힘 사건을 은폐하거나 피해자, 신고자 또는 사건 관\n 련 진술자 등에게 신고 등을 이유로 또 다른 직장 내 괴롭힘 행위를 한 경우\n 관련법 및 규정에 따라 징계 등이 이루어지도록 한다.\n\n\n제66조 (재발방지조치 등) ① 교육청은 사건이 종결하면 직장 내 괴롭힘 행위의 재발\n 방지를 위하여 필요한 대책을 수립 시행한다.\n ② 교육청은 직장 내 괴롭힘 행위의 재발 방지를 위하여 필요하다고 인정되는 경우 직장\n 내 괴롭힘 행위자에 대하여 상담을 실시하거나 교육 수강 명령을 할 수 있다.\n\n\n                 제11장 안전보건 및 재해보상\n\n\n제67조(안전수칙의 준수) 근로자는 산업재해 예방을 위하여 다음 사항을 준수하여야 한다.\n 1. 근로안전 및 보건관리에 관한 규칙과 지시에 복종할 것\n 2. 항상 직장의 정리정돈을 하고 재해발생을 사전에 방지하도록 노력할 것\n 3. 안전장치, 소화설비, 위생설비, 기타 위생방지를 위한 시설물을 허가 없이 제거, 변경 또는\n  그 효력을 상실하게 하는 행위를 하지 말 것\n 4. 근무 전후에는 사무실의 각종 기구(컴퓨터, 사무용품, 전열기구 등)에 대한 점검을 하고\n  근무 중에는 본청 근무방침에 의한 각종 사항을 엄수할 것\n 5. 정하여진 장소 이외에서는 허가 없이 화기를 사용하거나 흡연하지 말 것\n 6. 항상 작업장을 청결히 하고, 폐기물은 일정한 장소에 내어놓을 것\n 7. 본청에서 요구하는 건강진단, 전염병 예방주사 등을 받을 것\n\n\n제68조(비상재해) ①근로자는 화재 및 기타 비상재해가 발생할 위험이 있음을 알았을 때\n 또는 이를 발견한 때에는 즉시 필요한 조치를 취하는 동시에 그 사실을 채용권자에게\n 통보하여야 한다.\n ② 비상재해가 발생하였을 경우에는 직원 간 상호 협력하여 그 피해를 최소한으로 억제하도록\n\n                        - 128 -
2026년도 교육공무직원 등 종합관리계획	129	▪ (참고2) 세종특별자치시교육청 특수운영직군 종사자 취업규칙	노력하여야 한다.\n\n\n제69조(질병자의 근로금지ㆍ제한) ①법정 전염병, 정신병, 기타 노동부령이 정하는 질병에\n 걸린 자는 취업을 금지한다.\n ② 근로자는 업무상 상병 또는 위험한 전염병이 발생한 것을 알았을 때는 채용권자에게 보고\n 한다.\n\n\n제70조(재해보상) 근로자가 업무상 부상 및 질병에 걸릴 때는 「산업재해보상보험법」의\n 규정에 의한 재해보상을 행한다. 다만, 3일 이내의 요양을 요하는 업무상 재해에 대하여\n 는 「근로기준법」에 따라 필요한 요양을 행하거나 필요한 요양비를 부담하여야 한다.\n\n\n제71조(감정노동으로 인한 건강장해 예방조치) ① ‘감정노동’은 학부모나 학생 등을\n 직접 또는 유선 등으로 상대하거나, 업무상 말투나 표정, 몸짓 등 드러나는 감정을\n 표현해야 하거나 반대로 감정을 억누르고 통제하는 일을 수반하는 노동을 의미한다.\n② 교육청은 감정노동으로 인한 직업병을 예방할 의무가 있고, 감정노동을 하는 조합원을\n 보호하기 위해 폭언 등을 하지 않도록 요청하는 문구나 홍보물을 게시하거나 음성안내\n 를 하여야 한다.\n③ 교육청은 주로 학부모, 학생 등을 직접 대면하는 업무를 수행하는 조합원이 폭언, 폭\n 행, 그 밖에 적정 범위를 벗어난 신체적·정신적 고통을 유발하는 행위(이하 ‘폭언\n 등’이라 한다)로 인한 건강장해를 예방하기 위하여 필요한 조치를 하도록 노력한다.\n④ 교육청은 학부모 또는 학생 등의 폭언 등으로 조합원에게 건강장해가 발생하거나 발생\n 할 현저한 우려가 있는 경우에는 해당 조합원이 즉시 작업을 중지하고 현장을 이탈할\n 수 있도록 해야 한다. 또한, 정상적으로 업무에 복귀할 수 있도록 충분한 휴게시간을 부\n 여한다.\n⑤ 교육청은 조합원이 필요한 조치를 요구하거나 제4항에 따른 조치를 취했을 경우 이를\n 이유로 징계, 해고 등 고용상의 불이익 조치 및 임금 등 근로조건을 포함하여 일체의\n 부당한 처우를 해서는 아니 된다.\n⑥ 교육청은 감정노동 예방을 위한 교육을 실시하도록 노력한다.\n⑦ 감정노동을 하는 조합원을 보호하기 위한 세부 사항은 「산업안전보건법」 제41조(고\n 객의 폭언 등으로 인한 건강장해 예방조치 등)를 준용한다.\n\n\n제72조(감염성 질환으로부터 보호) ① 교육청은 감염병의 조기 발견 및 예방을 위한 방역물\n 품 기준에 근거하여 방역 물품을 각급학교에 적정 수량 비치하고, 소독과 방역 등의 위\n 생강화 조치를 실시한다.\n② 조합원의 감염병 판정으로 격리, 치료 등에 소요되는 기간에 대하여 병가 등을 활용하\n 여 보호한다.\n\n\n                       - 129 -
2026년도 교육공무직원 등 종합관리계획	130	▪ (참고2) 세종특별자치시교육청 특수운영직군 종사자 취업규칙	③ 조합원이 감염성 질환으로 판정되어 산재 신청 시 적극 협조하여야 한다.\n④ 신종 감염성 질환의 예방과 관련해 조합원 복무와 근로조건에 관한 사항은 지방공무원\n 지침을 준용하여 마련한다.\n⑤ 교육청은 「재난 및 안전관리 기본법」에 따른 ‘감염병’ 관련 조치 시 임산부나 기\n 저질환자에 대한 대책을 포함한다.\n⑥ 교육청은 감염병 예방관련 법령과 지침 등을 근거로 특별 복무지침을 시행할 수 있고\n 확진자, 접촉자, 자가격리 대상자 등에 대한 복무를 포함한다.\n\n\n                       제12장 기타\n\n\n제73조(취업규칙의 비치) 각급 기관은 본 규칙을 특수운영직군 종사자의 근무 장소 등에\n 비치하여 특수운영직군 종사자들이 자유롭게 열람할 수 있도록 한다.\n\n\n 제74조(취업규칙의 개정) 본 규칙을 개정할 때에는 「근로기준법」제94조에서 정하는\n 바에 따른다.\n\n\n                        부    칙\n\n\n제1조(시행일) 이 규칙은 2018년 7월 1일부터 시행한다.\n\n\n제2조(직고용으로 전환된 자에 대한 경과조치) 제47조에도 불구하고 노사 및 전문가 협의기\n 구를 통해 기존 용역근로자에서 직접 고용으로 전환된 자에 한해서는 건강상태, 결격사\n 유 및 전년도 근무 실적 등에 따라 전환일로부터 별표 1과 같이 근로계약을 체결한다.\n\n\n제3조(정년퇴직자의 재채용) 노사 및 전문가협의기구를 통해 기존 용역근로자에서 직접 고용\n 으로 전환된 자에게 한해서 건강상태 및 근무실적이 우수한 근로자에 대하여 운영부서(학교장,\n 직속기관장 등) 및 사업부서의 요청이 있을 경우 총괄부서(정원관리부서)의 사전 심사 후 승인을\n 받아 기간제 근로자로 재채용 할 수 있다.\n\n\n제4조(관련 규정 등의 준용) 이 규정에 정함이 없는 사항 및 법령이 개정되는 경우에는 관련\n 법령에서 정하는 바를 준용한다.\n\n\n                        - 130 -
2026년도 교육공무직원 등 종합관리계획	131	▪ (참고2) 세종특별자치시교육청 특수운영직군 종사자 취업규칙	부    칙\n\n\n제1조(시행일) 이 규칙은 2021년 5월 1일부터 시행한다.\n\n\n                         부    칙\n\n\n제1조(시행일) 이 규칙은 2022년 10월 31일부터 시행한다.\n\n                         부    칙\n\n\n제1조(시행일) 이 규칙은 2024년 4월 3일부터 시행한다.\n\n                         부    칙\n\n제1조(시행일) 이 규칙은 2025년 11월 4일부터 시행한다.\n\n\n                         - 131 -
2026년도 교육공무직원 등 종합관리계획	132	▪ (참고2) 세종특별자치시교육청 특수운영직군 종사자 취업규칙	[별표 1]\n\n\n         특수운영직군 종사자 경과조치 기간(부칙 제2조 관련)\n\n\n  직종        경과조치(기준: 전환일)        직종       경과조치(기준: 전환일)\n\n\n         만60세~만64세 퇴직후 기간제 5년          만55세~만59세 퇴직후 기간제 5년\n\n\n         만65세~만66세 기간제 5년              만60세~만61세 기간제 5년\n  환경\n                                시설관리\n 실무사\n         만67세~만68세 기간제 4년              만62세~만63세 기간제 4년\n\n\n         만69세 이상   기간제 3년              만64세 이상   기간제 3년\n\n\n         만64세이하    퇴직후 기간제 5년\n\n\n         만65세~만70세 기간제 5년\n  당직                            주간경비원 전환 시점 이후 2년\n         만71세~만72세 기간제 4년\n\n\n         만73세 이상   기간제 3년\n\n\n ※ 연령적용 시점 : 전환일\n\n\n                            - 132 -
2026년도 교육공무직원 등 종합관리계획	133	▪ (참고2) 세종특별자치시교육청 특수운영직군 종사자 취업규칙	[별표 2]\n\n\n                     탄력적 근로시간제 운영기준\n\n\n[   세종국제고등학교 소속 기숙사 사감]\n\n① 다음 각 호에 정하는 바에 따라 2주 단위 탄력적 근로시간제를 시행한다.\n\n\n    1.   적용대상: 기숙사 사감 중 2교대 근무를 수행하는 종사자\n    2.   주당 근무 시간: 첫째 주 45시간, 둘째 주 35시간\n\n\n         기숙사 사감                근무 형태               근무 시간\n\n          첫째 주         주중[격일 3일(월, 수, 금), 27시간],\n                                                    시간\n                                                   45\n           (A조)        주말(2일, 18시간), 주휴일(화요일)\n          둘째 주          주중[격일 2일(화, 목) 18시간],\n                                                    시간\n                                                   35\n           (B조)         주말(2일 17시간), 주휴일(수요일)\n           총                       2주               시간\n                                                   80\n\n\n② 제1항에 따라 근로자가 첫째 주에 45시간을 근무하는 경우 1일 8시간을 초과한 근무\n    시간에 대해서는 가산수당을 지급하지 아니한다.\n\n\n③ 본 제도의 유효기간은 시행일부터 1년간으로 하되, 유효기간 만료 1개월 전까지 운영\n    부서의 개정 관련 별도의 요청이 없는 경우 1년간 자동 갱신되는 것으로 하며 그 이후\n    에도 또한 같다.\n\n\n                               - 133 -
2026년도 교육공무직원 등 종합관리계획	134	▪ (참고3) 세종특별자치시교육청-전국학교비정규직노동조합 2025년 단체협약	[   세종과학예술영재학교 소속 기숙사 사감]\n\n① 다음 각 호에 정하는 바에 따라 2주 단위 탄력적 근로시간제를 시행한다.\n\n\n     1.   적용대상: 기숙사 사감 중 야근 근로를 수행하는 종사자\n     2.   주당 근무시간: 첫째 주 44시간, 둘째 주 36시간\n\n         기숙사 사감                 근무 형태               근무 시간\n\n          첫째 주          주중[격일 3일(월, 수, 금), 27시간],\n                                                    44   시간\n           (A조)         주말(2일, 17시간), 주휴일(화요일)\n          둘째 주           주중[격일 2일(화, 목) 18시간],\n                                                    36   시간\n           (B조)          주말(2일 18시간), 주휴일(수요일)\n\n            총                      2   주            80   시간\n\n         ※ 사용자는 학교 사정에 따라 근무일 및 근무시간을 조정할 수 있다.\n    3.    본 탄력제 근로시간제는 기숙사에 학생이 입실해 있는 기간으로 한다.\n\n\n② 제1항에 따라 근로자가 첫째 주에 44시간을 근무하는 경우 1일 8시간을 초과한 근무\n     시간에 대해서는 가산수당을 지급하지 아니한다.\n\n\n③ 본 제도의 유효기간은 시행일부터 1년간으로 하되, 유효기간 만료 1개월 전까지 운영\n     부서의 개정 관련 별도의 요청이 없는 경우 1년간 자동 갱신되는 것으로 하며 그 이후\n     에도 또한 같다.\n\n\n                                - 134 -
2026년도 교육공무직원 등 종합관리계획	135	< 참고 3 > 세종특별자치시교육청-전국학교비정규직노동조합 2025년 단체협약	< 참고 3 > 세종특별자치시교육청-전국학교비정규직노동조합 2025년 단체협약\n\n\n                     단체협약서\n\n                      전 문\n\n\n『세종특별자치시교육청』(이하 ‘교육청’이라 한다)과 『전국학교비정규직노동조합,\n전국공공운수사회서비스노동조합』(이하‘조합’이라 한다)은 헌법과 노동관계법의 기본정신\n에 따라 근로조건의 유지·개선과 조합원의 사회·문화·경제적 지위 향상을 도모하고, 나\n아가 바람직한 노사관계, 교육복지, 공교육의 발전 및 사회의 민주화와 공공성을 강\n화하고자 본 단체협약을 체결하고, 상호 신의와 성실로써 준수·이행할 것을 확약한다.\n\n\n                     제1장 총칙\n\n\n제1조【노동관계법 기본원칙 준수】\n① 교육청과 조합은 헌법상 기본권을 근거로 제정된 노동관계법의 기본원칙을 준\n수하고, 교육청은 관할 내에 있는 ‘교육행정기관 및 학교’(이하‘각급 교육기\n관’)가 준수할 수 있도록 한다.\n② 여기서 ‘교육행정기관’이란 「세종특별자치시교육청 행정기구 설치 조례」에 따른 본\n청 및 직속기관을 말하며, ‘학교’란 공립학교를 말한다.\n\n\n제2조【협약의 적용】\n① 본 협약에 정한 기준은 취업규칙과 여타의 개별적 근로계약에 우선하며, 해당 협약\n기준에 미달하거나 상반되는 일체의 사항은 이를 무효로 하고 그 부분은 협약기준에\n따른다.\n② 교육청은 본 협약의 이행을 위한 관련 규정 개정 및 조례나 규칙을 마련하고,\n그에 필요한 예산을 확보하기 위해 노력한다.\n\n\n제3조【적용범위】\n\n\n                      - 135 -
2026년도 교육공무직원 등 종합관리계획	136	▪ (참고3) 세종특별자치시교육청-전국학교비정규직노동조합 2025년 단체협약	① 본 협약은「세종특별자치시교육감 소속 교육공무직원의 채용 및 관리 조례」에 따른 근로\n자 중 각급 교육기관에 근로하는 조합원에게 적용한다.\n② 전항에도 불구하고 다음 각호의 어느 하나에 해당하는 경우에는 본 협약을\n적용하지 아니한다.\n1. 「근로기준법」 제2조 제1항 제1호에 따른‘근로자’가 아닌 자\n2. 「민법」상 도급, 용역 및「파견근로자 보호 등에 관한 법률」에 따른 근로자파견\n 등으로 직접 교육청과 근로관계에 있지 아니한 자\n\n\n제4조【근로조건 및 조합 활동 권리 저하금지】\n교육청은 일방적으로 조합 활동 권리와 노동조건을 저하시킬 수 없다.\n\n\n제5조【균등처우】\n① 교육청은 조합원을 교직원으로 인정하고 존중한다.\n② 교육청은 합리적인 이유 없이 조합원에 대해 모집·채용과 퇴직, 각종 노동조\n건, 복무 및 인사관리 등에 대하여 평등권을 침해하는 차별 행위를 해서는 안 된다.\n③ 차별 행위라 함은 성별, 출신지역, 국적, 신앙, 인종, 정치사상, 신체장애, 외모,\n혼인여부, 임신 또는 출산, 가족상황, 성적지향, 병력, 고용 형태 및 노동시간, 직\n종, 기타 사회적 신분 등을 이유로 차별하는 것을 말한다.\n\n\n제6조【비정규직 차별처우 금지】\n① 「기간제 및 단시간근로자 보호 등에 관한 법률」 및 「남녀고용평등과 일·가정 양\n립 지원에 관한 법률」을 위반한 차별 분쟁 시, 입증책임은 교육청이 부담한다.\n② 교육청은 노동위원회, 고용노동부, 법원 등에서 차별이라고 판정하면 관련 법\n령에 따라 차별을 시정하고, 차별시정 신청 등을 이유로 해고 등 불이익한 처우를\n할 수 없다.\n\n\n                      - 136 -
2026년도 교육공무직원 등 종합관리계획	137	▪ (참고3) 세종특별자치시교육청-전국학교비정규직노동조합 2025년 단체협약	제7조【규정의 제정과 개정】\n① 교육청은 취업규칙을 비롯하여 조합원의 근로조건과 관련한 제 규정, 규칙을 제\n정 또는 개폐하고자 할 때에는 관련 법령에 의한 절차를 따른다.\n② 교육청은 조합원의 근로조건 및 경제적·사회적 지위와 관련된 조례 등을 제\n정 또는 개정하고자 하는 경우 조합과 협의한다.\n\n\n                  제2장 조합 활동\n\n\n제8조【조합 활동의 보장】\n① 교육청은 관련 법령이 정한 범위 안에서 조합 활동을 보장하고, 그 자주성을 침해\n하지 않으며 정당한 조합 활동에 대하여 불이익 처우를 하지 아니한다.\n② 교육청은 학생들의 교육권 및 시설관리권 등의 각 기관 고유의 업무 수행에\n지장이 없는 한 조합원의 자유로운 사업장 출입을 보장한다.\n③ 교육청은 정보통신망, CCTV 등을 이용하여 조합원의 조합 활동을 감시 또는\n방해해서는 안 된다.\n④ 교육청은 「노동조합 및 노동관계조정법」 제81조에 따른 부당노동행위를 한\n자에 대하여 관련 법령에 따라 처분한다.\n\n\n제9조【공민권의 보장】\n① 교육청은 조합과 조합원의 정치활동을 방해하지 않으며, 정치활동을 이유로 정\n당한 사유 없이 조합원에게 불이익한 처우를 하지 않는다.\n② 조합원이 공직선거에 출마를 위해 휴직을 신청한 경우 예비후보 등록일부터\n휴직을 인정하고, 낙선한 경우 10일내 복직원을 제출하여야 한다.\n③ 조합원이 공직에 취임한 경우 임기동안 휴직을 인정한다.\n④ 제2항, 제3항의 휴직은 무급으로 하며, 계속 근로로 인정한다.\n⑤ 법률의 규정에 의해 국가 공휴일로 지정되지 않은 재·보궐 선거의 경우에도 해당\n선거구에 거주하는 조합원에게는 선거 당일 필요한 시간을 공가로 인정한다.\n\n\n                     - 137 -
2026년도 교육공무직원 등 종합관리계획	138	▪ (참고3) 세종특별자치시교육청-전국학교비정규직노동조합 2025년 단체협약	제10조【근무시간 중의 조합 활동】\n① 교육청은 조합원이 조합규약, 규정 등에 따른 다음 각호의 활동을 근무시간 중\n행할 경우, 필요한 시간을 공가로 처리하며, 조합은 참가자의 명단을 3일 전에 문서로\n통보한다.\n1. 조합/상급단체 대의원대회 연 2회\n2. 지부 대의원대회 연 4회\n3. 지부운영위원회 연12회\n4. 확대간부회의 연1회(50명 이내)\n5. 단체교섭, 노사협의회, 산업안전보건위원회 등 노사 협의기구의 위원에 선임되\n  어 참석하는 경우\n6. 회계감사 연 3일 이내\n7. 노사 간 협의회에 참석하는 경우\n② 교육청은 조합원이 정당한 조합 활동으로 근무하지 못한 시간에 대하여는 어떠한 불\n이익 처우도 하지 아니한다.\n③ 교육청은 조합원이 정당한 조합 활동 과정에서 발생한 질병, 사고 등 재해를 당한 때\n에는 관련 법령에 따른 필요한 사항을 협조한다.\n\n\n제11조【조합원 교육시간】\n① 교육청은 각 학교별로 학사일정에 지장이 없는 범위에서 연간 24시간(학교회계\n기준)의 범위에서 사용하되, 1개월에 8시간 이하로 사용한다.\n② 교육청은 신입근로자 직무교육 시(혹은 정기연수 시) 노동조합을 소개할 수\n있도록 1시간을 부여한다.\n\n\n제12조【홍보활동 보장】\n① 교육청은 학사일정 및 시설관리 운영에 지장이 없는 범위에서 조합의 정당한\n학교 내 홍보활동을 보장한다.\n② 조합은 각 학교장과 협의한 장소에 조합 전용 게시판 설치 및 사내 방송과 통\n신망 이용, 인쇄물 게시·배포 등을 할 수 있다. 단, 각급 학교에 공용게시판이 있는\n경우 이를 이용하여야 한다.\n③ 교육청은 조합 활동에 영향을 미치는 유인물 배포와 부착 등 홍보활동을 행할 수 없\n\n\n                        - 138 -
2026년도 교육공무직원 등 종합관리계획	139	▪ (참고3) 세종특별자치시교육청-전국학교비정규직노동조합 2025년 단체협약	고, 각 학교가 이러한 활동을 행하지 않도록 지도한다.\n\n\n제13조【조합전임】\n① 노동조합의 근로시간면제자와 전임자(무급)는 노동조합의 요청에 의하여 교육\n청이 인정할 수 있다.\n② 조합원이 상급단체, 조합(본부)의 임원 또는 간부로 취임 시 제1항에서 정한 범\n위 내에서 전임자로 인정할 수 있다.\n\n\n제14조【전임자의 처우】\n① 교육청은 전임자의 해당 전임 기간을 근속기간으로 인정하고 어떠한 불이익 처\n우도 하지 아니한다. 단, 무급전임자에게는 임금을 지급하지 않는다.\n② 1일 근로시간이 모두 면제되는 전임자에게는 출·퇴근 관련 규정이 적용되\n지 아니한다.\n③ 교육청은 전임자의 전임기간 동안은 인사고과에서 제외하며 인사고과를 하\n지 않음으로 인해 불이익을 주지 않는다.\n④ 근로시간면제자(풀타임 사용시 2,000시간)는 관련 법령에 의한 근로시간 면제한도\n범위에서 교섭에 참여하는 각 조합의 조합원 수를 기준으로 비례 산정한다. 단,\n매년 조합원수 변동에 따른 근로시간 면제범위를 조정하여야 한다.\n⑤ 교육청은 근로시간 면제자의 급여를 동일직종·동일경력자의 임금으로 지급하되, 그\n범위는 평상시 근로를 하였으면 받을 수 있었던 임금수준으로 한다.\n⑥ 근로시간 면제한도 설정 시, 조합원수는 매년 1월 1일로 한다.\n⑦ 교육청은 전임기간 중 정당한 조합 활동으로 질병·사고 등 재해를 당한 때에\n는 관련 규정에 따른 필요한 사항을 협조한다.\n\n\n제15조【조합비 등 일괄공제】\n① 조합이 조합원의 조합비를 매월 일괄 지급받고자 할 경우 사전에 조합원의\n원천징수동의서를 각 소속 기관에 제출하여야 하며, 임금 지급 기관장은 조합비를\n일괄 공제하여 임금 지급일로부터 5일(휴무일 및 공휴일 제외) 이내에 조합이 정하는\n계좌에 입금하고 그 내역을 통보한다.\n② 조합은 가입·탈퇴 등 조합원 변동이 있을 경우, 그 명단을 해당 월 5일까지 소속\n\n                       - 139 -
2026년도 교육공무직원 등 종합관리계획	140	▪ (참고3) 세종특별자치시교육청-전국학교비정규직노동조합 2025년 단체협약	기관에 통보하여야 한다.\n\n\n제16조【시설편의 제공】\n① 교육청은 조합의 의견을 들어 조합 사무실 및 물품을 마련하고, 조합이 자유로이\n활용할 수 있도록 한다.\n② 교육청은 조합의 각종 회의, 교육, 행사에 필요한 장소와 시설사용 요청 시, 각급 교\n육기관의 운영에 지장이 없는 범위 내에서 최대한 협조한다.\n③ 교육청은 노동조합 운영 상황에 의거하여, 후생자금 또는 경제적 구제 등을 위\n한 기금의 기부 등을 지원할 수 있다.\n\n\n제17조【정보공개 및 자료제공】\n① 교육청은 조합원이 자유로이 열람할 수 있는 장소나 교육청 홈페이지에 조합원의\n근로조건과 관련된 취업규칙, 지침 등을 게시하여야 한다.\n② 교육청은 조합의 요청이 있을 시 「공공기관의 정보공개에 관한 법률」 등 관\n련 법령에 따라 자료를 제공하고 열람·복사를 협조한다.\n\n\n제18조【통지의무】\n교육청과 조합은 다음 각호에 해당하는 사항을 상대방이 요청할 경우 문서로\n통지할 수 있다.\n1. 교육청이 통지할 수 있는 사항\n 가. 취업규칙 및 조합원 관련 제 규정의 개폐 내용\n 나. 조합원 관련 조직 및 직제 개편 내용\n 다. 교육부·교육청 등에서 각 학교로 보낸 공문 등 조합 및 조합원과 관련된 내용\n 라. 단체협약 이행 관련 공문\n2. 조합이 통지할 사항\n 가. 규약의 변경\n 나. 임원, 근로시간면제자, 전임자의 보직 임면에 관한 사항\n 다. 조합의 상급단체 가입, 변경사항\n 라. 기타 노사가 합의한 사항\n\n\n                        - 140 -
2026년도 교육공무직원 등 종합관리계획	141	▪ (참고3) 세종특별자치시교육청-전국학교비정규직노동조합 2025년 단체협약	제3장 단체교섭\n\n\n제19조【교섭요구】\n① 교육청과 교섭을 하고자 하는 노동조합은 단체협약 유효기간 만료일 이전 3개월\n이 되는 날부터 교육청에 교섭을 요구할 수 있다. 이 경우 교섭을 요구한 노동조합은\n노동조합의 명칭과 대표자의 성명, 사무소가 있는 경우에는 주된 사무소의 소재지, 교섭\n을 요구한 날 현재의 조합원의 수를 서면으로 교육청에 통지하여야 한다.\n② 교육청은 전항의 단체교섭 요구가 있을 때에는 교섭요구 사실 공고 등「노동조\n합 및 노동관계조정법」및 동법 시행령에 따라 교섭창구 단일화 절차에 응한다.\n\n\n제20조【교섭대상】\n단체교섭의 대상은 다음과 같다.\n1. 조합 활동에 관한 사항\n2. 임금, 근로시간, 휴일·휴가에 관한 사항\n3. 고용안정에 관한 사항\n4. 남녀평등, 모성보호 등에 관한 사항\n5. 노동안전보건에 관한 사항\n6. 복리후생에 관한 사항\n7. 조합원의 대우에 관한 사항\n8. 단체협약 해석에 관한 사항\n9. 기타 조합원의 근로조건의 결정에 관한 사항\n\n\n제21조【교섭위원】\n교섭위원 구성 및 교섭 진행에 관한 사항은 절차합의서를 준용한다.\n제22조【교섭공개】\n① 교섭은 공개를 원칙으로 하되, 필요시 노사 양측 합의로 비공개로 진행할 수 있다.\n② 참관인에 관한 사항은 절차합의서를 준용한다.\n제23조【회의록 작성·보관】\n교육청과 조합은 교섭 진행 사항을 서면으로 작성하고, 노사 양측 대표자가 서명하\n여 각각 1부씩 보관한다.\n\n                      - 141 -
2026년도 교육공무직원 등 종합관리계획	142	▪ (참고3) 세종특별자치시교육청-전국학교비정규직노동조합 2025년 단체협약	제24조【합의서 작성 및 이행】\n① 실무교섭에서 잠정합의한 안건은 제23조의 서면에 의하며, 최종 실무교섭에서\n조문정리, 문구수정을 거쳐 단체협약안을 확정한다.\n② 교육청과 조합은 단체협약을 관련 법령에 따라 성실히 이행한다. 이때 교육청은\n각 학교가, 조합은 조합원이 단체협약의 내용을 성실히 이행할 수 있도록 지도한다.\n③ 학교장 등의 연수 시 단체협약에 대한 연수를 실시한다.\n④ 교육청은 각 학교에서 단체협약 이행상황을 학기별로 제출하도록 한다.\n\n\n                    제4장 노동쟁의\n\n\n제25조【노동쟁의의 원칙】\n① 노사 쌍방은 노동쟁의의 자율적 타결을 위하여 최선의 노력을 다하며, 쟁의 중\n어느 일방이 교섭을 요구하였을 때 정당한 사유 없이 이를 거부해서는 안 된다.\n② 노동쟁의 조정은 일방 신청으로, 중재는 노사 쌍방이 함께 신청하여 진행한다.\n\n\n제26조【쟁의행위에 의한 불이익 금지】\n교육청은 정당한 노동쟁의나 쟁의행위에 대한 간섭·방해를 하지 않으며, 이를 이\n유로 불이익한 처우를 하지 않는다.\n\n\n제27조【쟁의기간 중 신규채용 및 대체근무 금지】\n① 교육청은 쟁의행위 기간 중 그 쟁의행위로 중단된 업무의 수행을 위하여 당해\n사업과 관계없는 자를 채용 또는 대체할 수 없다.\n② 교육청은 쟁의행위로 중단된 업무를 도급 또는 하도급을 줄 수 없다.\n\n\n제28조【쟁의기간 중 시설이용 등】\n교육청은 쟁의행위 중 조합원의 정상적인 일상 활동 및 조합 활동을 유지하도록\n각급 교육기관의 각종 시설 이용을 보장한다. 단, 학생들의 학습권 및 교사의 수\n업권에 지장을 초래하는 경우에는 제외한다.\n\n\n                      - 142 -
2026년도 교육공무직원 등 종합관리계획	143	▪ (참고3) 세종특별자치시교육청-전국학교비정규직노동조합 2025년 단체협약	제5장 사회적 책무\n\n\n제29조【사회적 책무】\n① 교육청과 조합은 사회적 책무를 다하고 사회발전에 기여함으로써 보람과 긍\n지를 느끼며 일하고, 국민들로부터 신뢰받는 학교를 만들기 위해 적극 노력한다.\n② 교육청은 조합원의 고용안정을 위해 적극 노력한다.\n③ 교육청은 조합원들에 대한 차별 해소를 위해 적극 노력한다.\n④ 교육청은 학교장 연수 시 단체교섭, 산업재해 등 노동조합과 합의된 내용에 대\n한 교육을 실시하기 위해 노력한다.\n\n\n제30조【학교운영위원회 회의】\n교육청은 학교운영위원회에서 조합원 관련 안건이 상정될 시 의견개진 기회가 부\n여되도록 지도한다.\n\n\n                      제6장 인사\n\n\n제31조【인사원칙】\n① 조합은 조합원의 채용, 승진, 승급, 휴직, 전직, 전보, 배치전환, 징계, 해고 등 인사를\n행할 권리와 책임이 교육청에 있음을 확인하고 이를 존중한다.\n② 교육청은 인사를 공정하고 객관적으로 행하여야 한다.\n③ 교육청은 조합원이 생활근거지 변경 등의 사유로 전보 신청 시 이를 반영하도록\n노력한다.\n④ 전직 및 배치전환 시, 조합원 본인의 의사를 고려한다.\n\n\n제32조【인사위원회】\n① 교육청은 인사위원회를 구성한다. 인사위원회 위원 구성 및 심의·의결 사항\n은 교육감이 정한다.\n② 인사위원회 구성 시 조합이 추천하는 자 1인을 포함시킨다.\n\n\n제33조【평가】\n\n\n                        - 143 -
2026년도 교육공무직원 등 종합관리계획	144	▪ (참고3) 세종특별자치시교육청-전국학교비정규직노동조합 2025년 단체협약	① 교육청은 근무평가제도 개편 시 사전에 노동조합과 협의한다.\n② 교육청은 근무평가 결과만을 가지고 징계, 배치전환, 인원 감축 등을 할 수 없다.\n③ 교육청은 근무평가 결과를 임금에 연동하지 않는다.\n④ 교육청은 조합원의 근무평가 결과를 해당 조합원의 요청이 있을 시 공개한다.\n⑤ 조합원은 본인의 근무평가 결과에 대하여 정해진 절차에 따라 이의를 제기할\n수 있다.\n\n\n제34조【채용】\n① 신규채용은 공개 채용을 원칙으로 하고, 채용인원과 전형방법은 채용기관의 장\n이 공정하게 처리하되 결원의 신속한 보충이 필요한 경우 이를 생략할 수 있다.\n② 교육청은 매년 채용과 관련한 공고, 계획, 선발기준 등의 자료를 노조가 요구할\n경우 「공공기관의 정보공개에 관한 법률」 및 관련 법령에 따른다.\n\n\n제35조【기간제 근로자 채용 제한】\n교육청은 상시 지속적 업무에 대하여 무기계약이 아닌 근로자의 채용은 임신·출\n산·육아 또는 질병·부상 등으로 발생한 결원을 대체할 경우에 한시적으로 한다.\n\n\n제36조【우선채용】\n교육청은 징계에 의한 퇴직자를 제외하고 본인 의사와 상관없이 퇴직한 조합원의\n재입사 요구가 있을 시 우선 재고용을 할 수 있다.\n제37조【수습기간】\n① 신규채용자의 수습기간은 3개월로 하고 업무적격성 평가를 실시하여 정식 근\n로자로 인정하며, 업무적격성 평가는 2회 이하로 실시한다.\n② 수습기간은 업무의 성격이나 경력에 따라 이를 단축하거나 두지 아니 할 수\n있다.\n③ 수습기간은 근속년수에 포함한다.\n\n\n제38조【정년】\n① 기간의 정함이 없는 조합원의 정년은 만 60세로 한다.\n② 조합원이 그 정년에 이른 날이 3월~8월 사이에 있는 경우 8월 말일에, 9월~다음\n\n\n                      - 144 -
2026년도 교육공무직원 등 종합관리계획	145	▪ (참고3) 세종특별자치시교육청-전국학교비정규직노동조합 2025년 단체협약	연도 2월 사이에 있는 경우 2월 말일에 각각 당연퇴직한다. 단, 행정기관에서 근\n로하는 자가 그 정년에 이른 날이 1월~6월 사이에 있는 경우 6월 말일에, 7월~12월\n사이에 있는 경우 12월 말일에 각각 당연퇴직한다.\n\n\n제39조【휴직사유와 기간】\n① 교육청은 다음 각호에 해당되어 조합원이 휴직을 신청할 경우 휴직을 허가할\n수 있다.\n1. 업무 외 부상 또는 질병으로 14일 이상의 장기요양을 요할 때 (난임‧불임 치료\n    포함): 1년 이내로 하되, 1회에 한하여 1년의 범위에서 연장 가능(진단서 제출)\n2. 가족돌봄휴직: 「남녀고용평등 및 일·가정 양립 지원에 관한 법률」에서 정한 해\n    당 기간(연간 최대 90일, 분할 사용 가능)\n3. 「병역법」, 「병력동원소집 및 전시근로소집 규정」 등 관련 법령에 따른\n    징·소집기간: 해당기간\n4. 노조전임자의 휴직: 전임기간\n5. 업무상 질병, 부상: 요양 승인기간\n6. 제9조(공민권의 보장)에 의거한 경우: 해당 규정에 의한 기간\n7. 외국에서 근무·유학 또는 연수하게 되는 배우자 동반: 2년 이내로 하되, 부득이한\n    경우에는 1년의 범위 내에서 연장할 수 있다.\n② 휴직만료 30일 전에 연장원을 제출하여야 하며, 필요시 교육청의 허가를 얻어\n연장할 수 있다.\n\n\n제40조【휴직자 처우 및 복직】\n① 휴직 종료 후 복직하였을 때에는 휴직기간은 근속년수에 포함하고, 휴직 이전\n과 다른 불이익 처우를 하지 않는다. 단, 「병역법」에 따른 군복무 기간과 제39\n조 제1항 제1호(질병휴직)에 의한 기간은 근속년수에 포함하지 아니한다.\n② 제39조 제1항 제2호(가족돌봄휴직)의 기간은 근속기간에 포함한다.\n➂ 휴직기간 중 임금은 무급을 원칙으로 한다. 단, 관련 법령에 의한 경우 그에\n따른다.\n➃ 휴직 중 사망자, 퇴직자의 평균임금 계산 기준은 관련 법령에 따른다.\n➄   「산업재해보상보험법」상의 업무상 재해로 인정된 휴직기간 중의 임금은 년 기간\n                                             1   (\n\n\n                         - 145 -
2026년도 교육공무직원 등 종합관리계획	146	▪ (참고3) 세종특별자치시교육청-전국학교비정규직노동조합 2025년 단체협약	중의 휴일을 포함한다.)의 범위 내에서 동법에 따라 지급받은 휴업급여와의 임금 차액을\n보전한다.\n➅ 휴직자는 휴직기간 만료 30일 전까지 복직원을 제출하여야 한다. 이 기간 중 복직\n원을 제출하지 아니할 경우 복직의사가 없는 것으로 간주하고 근로관계는 종료한다.\n⑦ 휴직자는 휴직기간 중 휴직사유가 소멸된 경우, 30일 이내에 교육청에게 신고\n하여야 하며, 교육청은 지체 없이 원직에 복직시키되, 원직의 소멸 또는 원직 복귀가\n어려울 경우 본인의 의사와 기관의 형편 등을 고려하여 원직과 대등 또는 유사한\n직에 복직시키도록 노력한다.\n\n\n제41조【징계사유와 입증책임】\n① 다음 각호의 어느 하나에 해당하는 자에 대하여 위원회의 의결을 거쳐 징계할\n수 있다.\n1. 업무상 방해 또는 민원을 야기하거나 고의 또는 중대한 과실로 재산상 손실을\n  초래하거나 기관의 명예를 손상한 경우\n2. 허위보고, 허위 문서작성, 문서 위변조 또는 파기 등 부정한 행위를 한 경우\n3. 직무태만 또는 회계질서 문란 등 성실 의무를 위반하거나 직무 관련자로부터\n  금품수수, 향응 등을 제공받은 경우\n4. 사용부서장의 승인 없이 결근·지각·조퇴·근무 장소 이탈 등 근무태도가 불\n  량한 경우\n5. 그 밖에 위의 각호에 준하는 징계사유에 해당한다고 판단된 경우\n② 징계 사유에 대한 입증책임은 징계를 요청한 측에 있다.\n\n\n제42조【징계의 종류】\n① 조합원에 대한 징계는 해고·정직·감봉·견책으로 구분한다.\n② 징계의 효력은 다음과 같다.\n1. 해고는 근로계약을 해지하는 것으로 한다.\n2. 정직은 1개월 이상 3개월 이하의 기간으로 하고, 그 기간 중 근로자의 신분은\n  유지하나 직무에 종사하지 못하며 임금은 지급하지 아니한다.\n3. 감봉은 1개월 이상 3개월 이하의 기간 동안 급여를 감액하되 1회의 금액은 평\n  균임금의 1일분의 2분의 1을, 총액이 1임금 지급기의 임금 총액의 10분의 1을 초\n  과하지 못한다.\n4. 견책은 과실에 대하여 서면으로 결과를 통보한다.\n\n                       - 146 -
2026년도 교육공무직원 등 종합관리계획	147	▪ (참고3) 세종특별자치시교육청-전국학교비정규직노동조합 2025년 단체협약	제43조【징계절차】\n① 인사위원회 규정을 준용하되, 징계절차에 관한 내용은 조합의 의견을 듣도록 한다.\n② 노동위원회에서 징계 절차에 하자가 있다고 판정하면 관련 법령에 따라 시정한다.\n\n\n제44조【해고의 제한】\n① 교육청은 조합원에게 정당한 이유 없이 해고, 휴직, 정직, 전직, 감봉, 그 밖의\n징벌(이하‘부당해고 등’이라 한다)을 하지 못한다.\n② 교육청은 조합원을 해고하려면 해고사유 및 시기를 서면으로 적어도 30일 전에\n예고하여야 하며, 30일 전에 예고를 하지 아니하였을 경우에는 30일분 이상의 통상\n임금을 지급한다.\n\n\n제45조【부당징계의 구제】\n징계에 의한 해고 등 불이익을 당한 조합원이 부당해고 등의 구제명령이 확정된 경\n우 교육청은 다음 각호의 조치를 취한다.\n1. 징계를 결정한 날로 소급하여 무효 처분한다.\n2. 징계로 인해 출근하지 못한 기간의 임금에 대해서는 관련 법령 및 규정에 의해\n  지급한다.\n\n\n                  제7장 고용보장\n\n\n제46조【적정인력 확보와 정원유지】\n① 교육청은 합리적인 정원과 배치기준을 정하고, 이를 변경함에 있어 사전에 조합의\n의견을 반영하도록 노력한다.\n② 교육청은 공무원을 배치하는 경우 배치 당시 근무하고 있는 조합원의 고용\n안정을 위해 노력한다.\n③ 교육청은 노동강도 강화 등 근무 여건의 변화가 생겼을 경우 정원 확대,\n업무시스템 개선 등을 통해 노동강도를 낮추도록 노력한다.\n④ 종전기준에 의해 임용된 현원이 현 정원기준을 초과한 경우에는 자연 감소되어\n정원에 도달할 때까지 현원을 인정하여야 한다.\n⑤ 자연감소 등의 이유로 인원에 결원이 생겼을 때 교육청은 과원이 발생한 각급\n\n                      - 147 -
2026년도 교육공무직원 등 종합관리계획	148	▪ (참고3) 세종특별자치시교육청-전국학교비정규직노동조합 2025년 단체협약	교육기관에서 충원하도록 적극 노력한다.\n⑥ 교육청은 조합원이 조합원 측의 사유가 아닌 교육청 측의 사유로 해당 학교\n에서 더 이상 근무할 수 없게 된 때, 조합원의 생활근거지를 고려하여 다른 학교로\n배치되도록 적극 노력한다.\n\n\n제47조【기간제 근로자의 고용안정】\n① 교육청은 무기계약이 아닌 근로자를 근로계약기간 중 정당한 이유 없이 해고\n할 수 없다.\n② 상시·지속적인 업무를 수행하고 있는 기간제 조합원은 적절한 절차를 거쳐\n무기계약직으로 전환한다.\n\n\n제48조【직접고용 원칙】\n① 교육청은 상시 지속적인 업무에 종사하는 자를 직접고용하는 것을 원칙으로 한다.\n② 교육청은 일부 부서 및 업무를 노사 합의 없이 외주화(도급, 용역 등 포함) 할 수 없다.\n③ 교육청은 상시·지속적 업무에 무기계약으로 채용할 시, 관내 각급 교육기관에서\n교육공무직원으로 근무한 경력이 있는 경우 근속수당에 반영한다. 단, 이는 교육감을\n달리하는 학교에서 근무한 경력(유·초·중·고, 국립학교)은 동일·유사직종에 한하여\n동일하게 반영한다.\n\n\n제49조【직종체계 등의 변경】\n교육청은 직종, 직군, 직급 체계 등의 변경 또는 신설로 인하여 근로조건 변동이 있을\n시 노사협의 해야 한다.\n\n\n제50조【교육훈련】\n① 교육청은 신규 채용자에 대하여 해당 업무에 관한 사항과 기관에서 적용되는\n규정 전반에 대하여 교육한다.\n② 교육청은 교육훈련계획을 수립하여 실시할 수 있다.\n③ 교육청은 새로운 기술 또는 교과과정 개편, 배치전환 등으로 새로운 직무를\n담당하게 될 때 필요한 교육을 실시할 수 있다.\n\n\n                        - 148 -
2026년도 교육공무직원 등 종합관리계획	149	▪ (참고3) 세종특별자치시교육청-전국학교비정규직노동조합 2025년 단체협약	제51조【장애인 고용】\n① 교육청은 관련 법령에 따라 장애인 고용 촉진을 위한 노력을 한다.\n② 교육청은 취업 중 산업재해로 장애인이 된 경우 업무수행에 지장이 없는 범위\n안에서 본인이 원하면 치료 후 동일 유사직종으로 계속 근무할 수 있도록 노력한다.\n\n\n제52조【고령자 고용】\n교육청은 고령자의 직업능력개발 향상과 작업시설 등의 개선을 통하여 고령자에게\n그 능력에 상응하는 고용기회를 제공하도록 노력한다.\n\n\n                   제8장 임금\n\n\n제53조【임금의 원칙】\n① 교육청은 조합원의 생계비 수준, 물가인상률 등을 고려하여 매 1년 단위로 처우\n개선을 위해 노력한다.\n② 교육청은 동일가치 노동에 대하여 동일한 임금을 지급하도록 한다.\n③ 임금에 관한 세부사항은 임금협약에 따른다.\n\n\n제54조【임금의 구성】\n임금의 기본급과 제수당으로 구분한다.\n\n\n제55조【임금저하 불가】\n① 교육청은 조합원의 임금수준이 저하되지 않도록 한다.\n② 교육청은 임금, 직급체계 등을 개편(신설, 변경)하려 할 때에는 사전에 조합과\n협의한다.\n\n\n제56조【임금인상 등】\n교육청은 임금인상을 매년 3월(교육행정기관은 1월)부터 적용하는 것을 원칙으로\n하되, 교섭 경과 및 결과에 따라 변경할 수 있다.\n\n\n제57조【임금지급 방법】\n\n\n                     - 149 -
2026년도 교육공무직원 등 종합관리계획	150	▪ (참고3) 세종특별자치시교육청-전국학교비정규직노동조합 2025년 단체협약	① 교육청은 매월 17일에 임금을 통화로 전액 본인에게 지급하되, 다음 각호에 따른다.\n1. 지급일이 휴일인 경우 그 전일에 지급한다.\n2. 계약일이 17일 이후인 경우에는 계약일이 속하는 달의 익월부터 지급한다.\n3. 일급제 직원의 경우 해당 근무 월의 말일을 기준으로 익월 5일에 지급할 수 있다.\n② 교육청은 다음 각호를 제외하고는 임금에서 공제할 수 없다.\n1. 근로소득세, 주민세\n2. 건강(장기요양), 국민, 고용보험료 근로자 부담금\n3. 조합비\n③ 교육청은 조합원이 「근로기준법」 제45조에서 정한 비상(非常)한 경우의 비용에\n충당하기 위하여 임금 지급을 청구하면 지급기일 전이라도 이미 제공한 근로에\n대한 임금을 지급하여야 한다.\n\n\n제58조【휴업수당】\n교육청은 귀책사유로 휴업하는 경우 조합원에게 평균임금의 70%를 휴업수당으로 지급한다.\n\n\n제59조【퇴직급여】\n① 교육청은 조합원의 퇴직에 따른 퇴직금을 관련 법령에 따라 지급한다.\n② 방학 중 근로하지 않는 조합원의 퇴직금 지급 기준이 되는 평균임금 산정 시\n방학 기간은 제외한다.\n③ 퇴직연금제도는 확정급여형퇴직연금제도(DB)로 한다.\n④ 교육청은 조합원의 퇴직에 따른 금품청산은 사유 발생일로부터 14일 이내에\n완료될 수 있도록 한다. 다만, 당사자 간 합의로 기일을 연장할 수 있다.\n⑤ 교육청은 조합원의 퇴직금을 중간정산 할 수 없다. 다만, 관련 법령에서 정한\n사유에 해당하는 경우는 예외로 한다.\n\n\n                제9장 근로시간·휴일·휴가\n\n\n제60조【근로계약】\n① 근로계약은 당사자의 합의에 따라 체결한다.\n② 근로자의 근무유형은 상시 근로하는 경우와 방학 중 근로하지 않는 경우, 그\n\n                       - 150 -
2026년도 교육공무직원 등 종합관리계획	151	▪ (참고3) 세종특별자치시교육청-전국학교비정규직노동조합 2025년 단체협약	외의 유형은 직종별 사업계획에 따른다.\n③ 방학 중 근로를 하여야 할 경우에는 개별 조합원과 사전 합의 후 시행한다.\n④ 본 협약에서 방학이라 함은 봄방학(학년말 방학), 여름방학, 겨울방학을 뜻한다.\n\n\n제61조【근로시간】\n① 근로시간이라 함은 조합원이 교육청과 근로계약을 체결하고 교육청의 지휘\n감독 하에서 근로를 제공하는 시간을 말한다.\n② 근로시간은 1일 8시간을 원칙으로 하되, 해당 업무 및 기관의 특성에 따라 조\n정할 수 있다. 단, 학교 근무자의 경우 1일 근로시간은 7시간 30분으로 하고, 휴게\n시간 30분(유급)을 근로시간 도중에 부여한다.\n③ 제2항에 따른 학교 근무자의 경우 근로시간 단축에도 불구하고 임금 산정을\n위한 시간은 기존과 동일하게 적용한다.\n④ 근로시각을 변경할 때에는 개별 조합원의 동의를 얻도록 한다.\n\n\n제62조【휴게시간】\n휴게시간은 조합원이 자유롭게 이용할 수 있다.\n\n\n제63조【연장·야간·휴일근로】\n① 교육청은 개별 조합원과 합의로 연장·야간·휴일근로를 실시할 수 있다.\n② 교육청은 개별 조합원이 연장·야간·휴일근로를 거부한 것을 이유로 불이익을\n줄 수 없다.\n③ 교육청은 연장·야간·휴일근로에 대해서는 통상임금의 50% 이상을 가산하여\n지급한다.\n④ 교육청은 연장·야간·휴일근로가 중복될 때에는 각각 산정하여 지급한다.\n➄ 교육청은 각 학교에서 발생하는 연장·야간·휴일 수당이 「근로기준법」에 따라\n지급될 수 있도록 지도·안내한다.\n\n\n제64조【유급휴일】\n① 다음 각호는 유급휴일로 한다. 단, 중복될 경우 하나의 유급휴일로 본다.\n1. 주휴일(단, 주중 결근 시 무급)\n\n\n                        - 151 -
2026년도 교육공무직원 등 종합관리계획	152	▪ (참고3) 세종특별자치시교육청-전국학교비정규직노동조합 2025년 단체협약	2. 「관공서의 공휴일에 관한 규정」에 의한 날(단, 주휴일을 일요일로 정한 경우 일요일 제외)\n3. 근로자의 날(5월 1일)\n4. 재량휴업일은 개교기념일을 포함하여 연간 4일 이내이며 정상적인 학교 운영이\n  이루어질 경우 근무일로 본다.\n5. 임시 국공휴일\n6. 기타 노사 합의로 결정한 날\n② 제1항에 의한 유급휴일의 경우, 방학 중 비근무자가 근로하지 않는 기간에는\n적용되지 아니한다.\n③ 제2항에도 불구하고 신정(1월 1일)과 설 연휴 3일 및 광복절은 유급휴일로 인정\n한다.\n\n\n제65조【연차휴가】\n① 교육청은 조합원의 연차유급휴가는 「근로기준법」 제60조에 따른다.\n② 계속해서 근로한 기간이 1년 미만인 조합원에 대해서는 1개월 개근 시 1일의\n유급휴가를 부여한다. 연차휴가일수 산정기간은 회계연도에 따르고, 중도 임용된\n자는 임용된 기간에 비례하여 연차휴가를 부여한다.\n③ 연차휴가는 1년에 한하여 자유로이 적치 분할하여 사용할 수 있다.\n④ 교육청은 조합원이 청구한 날짜에 연차휴가를 부여하여야 하고, 교육청 측 형편에\n맞추어 특정한 날짜에 연차휴가 사용을 강요할 수 없으며, 「근로기준법」에 따른\n사용촉진제를 노사합의 없이 시행할 경우, 이는 무효로 한다.\n⑤ 미사용 연차휴가는 1년이 경과한 첫 달 임금 지급일에 지급하되, 연차유급휴가\n소멸 당시 통상임금으로 산정하여 보상한다.\n\n\n제66조【특별휴가】\n① 교육청은 조합원의 특별휴가를 유급으로 부여하며, 세부사항은 <별표1>과 같다.\n② 휴가기간 중의 휴일은 그 특별휴가 일수에 산입하지 아니한다.\n③ 제64조 제1항 제4호 재량휴업일이 4일에 미치지 못하는 경우 4일 한도로 학습휴가를\n부여한다.\n\n\n제67조【병가】\n\n\n                        - 152 -
2026년도 교육공무직원 등 종합관리계획	153	▪ (참고3) 세종특별자치시교육청-전국학교비정규직노동조합 2025년 단체협약	① 조합원이 다음 각호의 1에 해당할 경우에는 연간 60일의 범위에서 유급병가를\n허가한다.\n1. 업무 외의 질병 또는 부상으로 인하여 직무를 수행할 수 없을 때\n2. 「감염병의 예방 및 관리에 관한 법률」에 따른 감염병에 걸려 그 직원의 출근이 다른\n  사람의 건강에 영향을 끼칠 우려가 있을 때\n② 병가기간은 출근한 것으로 보고, 병가기간 중 토요일 또는 공휴일은 총일수에\n포함하지 않되, 30일 이상 연속되는 경우 산입한다.\n➂ 병가를 연속 7일 또는 누계 10일을 초과하여 사용할 경우 진단서(혹은 진료\n확인서)를 첨부하여야 한다.\n④ 근로계약기간이 1년 미만인 근로자에 대하여 제1항을 적용할 때에는 1년을\n기준으로 근무한 기간에 비례하여 부여한다.\n\n\n제68조【공가】\n교육청은 조합원이 다음 각호의 어느 하나에 해당하는 경우에 이에 직접 필요한 시간\n(기간)을 공가로 인정하고, 출근한 것으로 본다.\n1. 「병역법」 등 기타 다른 법령에 따른 징병검사·소집·검열·점호 등에 응하거나 각종\n  동원 또는 훈련에 참가하는 경우\n2. 공무에 관하여 국회, 법원, 노동위원회, 검찰, 그 밖의 국가기관에 의해 출석을\n  요청받았을 때\n3. 「공직선거법」 및 「국민투표법」의 규정에 따른 선거 및 투표에 참가하는\n  경우\n4. 천재지변·교통차단, 그 밖의 사유로 출근이 불가능한 경우\n5. 「산업안전보건법」 또는 「국민건강보험법 시행령」에 따른 건강검진을 받을 때\n6. 단체교섭, 노사협의회, 산업안전보건위원회에 위원으로 참석한 때\n7. 「혈액관리법」에 따른 헌혈에 참가할 때\n8. 「결핵예방법」에 따른 결핵 검진을 받을 때\n9. 올림픽·전국체전 등 국가 또는 지방 단위의 주요 행사에 참가할 때\n\n\n제69조【출장】\n① 보건증 발부, 교육훈련, 수학여행, 체험학습, 현장학습, 수련회 등 공적업무\n\n\n                       - 153 -
2026년도 교육공무직원 등 종합관리계획	154	▪ (참고3) 세종특별자치시교육청-전국학교비정규직노동조합 2025년 단체협약	수행을 위해 학교 밖 근로를 하는 경우 해당 학교의 출장비 지급 절차에 따라\n출장비를 지급한다.\n② 출장비는 예산 범위 내에서 연장, 야간, 휴일근로 수당과 병급할 수 있다.\n제70조【휴가 등의 보장】\n① 이 협약에 따른 각종 휴가 등의 실질적 보장을 위하여 대체인력 운영을 위한\n제도를 마련한다.\n② 교육청은 조합원의 휴가 사용을 위해 대체인력 등 방법을 강구하는 주체가 조합원이\n되지 않도록 노력한다.\n③ 이 협약에 의한 휴가를 사용한 경우에는 관련 법령에 따라 주휴일 등을 산정한다.\n\n\n제71조【업무 매뉴얼】\n① 교육청은 필요한 경우 직종별 업무 매뉴얼을 작성, 게시할 수 있다.\n② 교육청은 조합원에게 업무와 관련 없는 사적인 지시를 하지 않도록 각 학교에\n대한 지도감독을 행한다.\n\n\n제72조【NEIS 사용권한】\n① 교육청은 조합원에게 업무에 필요한 교육행정정보시스템(NEIS) 사용권한을\n부여한다.\n② 제1항에 따라 조합원에게 사용 방법에 대한 안내와 교육을 실시하도록 노력한다.\n③ 교육청은 교육행정정보시스템(NEIS)의 사용과 각종 근로조건 등에 대한 자료\n열람 등을 위하여 컴퓨터 이용이 가능하도록 한다.\n\n\n        제10장 조합원 인권·개인정보 보호와 감시규제\n\n\n제73조【인권보호】\n① 교육청은 조합원의 존엄과 가치를 침해하거나 훼손해서는 아니 된다.\n② 교육청은 조합원에 대한 인권침해는 정기적인 노사협의회에서 논의한다.\n③ 교육청은 조합원이 인권침해 또는 차별에 관한 민원을 제기할 경우, 이를\n조사하여 결과를 통보하고 인권침해 또는 차별에 해당된다고 판단한 경우 재발\n방지 등 필요한 조치를 취한다.\n\n\n                     - 154 -
2026년도 교육공무직원 등 종합관리계획	155	▪ (참고3) 세종특별자치시교육청-전국학교비정규직노동조합 2025년 단체협약	제74조【개인정보 보호 및 관리】\n① 교육청은 조합원의 권리, 이익, 사생활을 침해할 우려가 있는 개인정보를 수집\n하여서는 아니 된다. 다만, 「개인정보 보호법」에 규정된 범위 내에서 수집할 수\n있다.\n② 교육청은 조합원의 개인정보를 해당 조합원의 동의 없이 담당 부서와 담당자를\n제외한 제3자에게 제공해서는 아니 된다. 다만, 「개인정보 보호법」에 규정된\n범위 내에서 제3자에게 제공할 수 있다.\n\n\n제75조【각서 등의 강요 금지】\n① 교육청은 법적 또는 행정적 근거 없이 조합원에게 각종 동의서, 서약서 등의\n제출을 부당하게 강요할 수 없다.\n② 교육청은 조합원에게 단체협약보다 불리한 내용의 동의서 등을 받았을 경우\n이를 무효로 본다.\n\n\n제76조【사생활 보호】\n교육청은 화장실, 탈의실, 세면실, 휴게실, 기숙사 등 사생활을 침해할 수 있는 장소에\n감시 장비를 설치하지 않는다.\n\n\n제77조【직장 내 괴롭힘 행위의 금지】\n① 직장 내 괴롭힘이란 직장에서의 지위 또는 관계 등의 우위를 이용하여 업무상\n적정 범위를 넘어 다른 교육공무직원에게 신체적·정신적 고통을 주거나 근무환경을\n악화시키는 행위를 말한다.\n② 교육청과 근로자는 아래와 같은 직장 내 괴롭힘 행위를 해서는 안 된다.\n1. 신체에 대한 직접적인 폭행 및 물건을 던지거나 책상을 치는 등 위협을 가하는\n  행위\n2. 욕설이나 폭언, 징계 위협, 전보의 종용, 업무상 불이익을 예고하는 행위\n3. 상급자가 특정한 근로자의 따돌림을 종용하거나 다수가 특정한 근로자를 따돌리는\n  행위\n4. 회식·음주·흡연 또는 금연을 강요하는 행위, 비품 등을 사비로 구매시키는\n\n\n                      - 155 -
2026년도 교육공무직원 등 종합관리계획	156	▪ (참고3) 세종특별자치시교육청-전국학교비정규직노동조합 2025년 단체협약	행위, 본인 의사에 반하여 장기자랑·경연대회 등 참가를 요구하거나 체육행사·\n  단합대회 등 비업무적인 행사를 강요하는 행위\n5. 정당한 이유 없이 교육·훈련, 보상, 일상적 대우 등에서의 차별 행위\n6. 업무와 무관한 사적 업무의 지시 및 그 거부에 따른 불이익\n7. 정당한 이유 없이 업무와 관련된 중요한 정보나 의사결정 과정에서 배제하거나,\n  근로계약서 등에 명시되어 있는 업무와 무관한 일을 지시하거나 허드렛일만\n  시키는 행위\n8. 업무를 가르치면서 학습 능력 부족 등을 이유로 괴롭히는 행위\n9. 정당한 이유 없이 휴가·병가·휴직 등 법령, 단체협약 및 취업규칙 등으로\n  사용이 보장된 쉴 권리 행사를 강제 또는 제한하거나 비하하는 행위\n10. 그밖에 업무의 적정범위를 넘어 근로자에게 신체적·정신적 고통을 주거나\n  근무환경을 악화시키는 행위\n③ 교육청은 직장 내 괴롭힘 방지를 위해 예방조치부터 사후 조치까지 포괄적인\n조치를 마련한다.\n④ 교육청은 직장 내 괴롭힘 방지를 위한 제도를 전 구성원들에게 안내한다.\n⑤ 교육청은 전보, 인력 구조조정, 성과압박, 노동 강도 강화, 노동조합 탄압 목적\n으로 직장 내 괴롭힘 행위를 하거나 이를 방치해서는 안 된다.\n\n\n제78조【직장 내 괴롭힘 예방교육】\n교육청은 직장 내 괴롭힘 예방을 위한 교육을 실시한다.\n\n\n제79조【직장 내 괴롭힘 행위 발생 시 조치】\n① 교육청은 직장 내 괴롭힘 행위에 따른 신고를 접수하거나 직장 내 괴롭힘 발생\n사실을 인지한 경우에는 지체 없이 그 사실 확인을 위한 조사를 실시하여야 한다.\n② 교육청은 직장 내 괴롭힘 행위에 관한 조사 및 조치에 관한 구체적인 절차를\n별도로 정한다.\n\n\n제80조【직장 내 괴롭힘 피해자 보호】\n① 교육청은 직장 내 괴롭힘이 인정된 경우 피해자가 요청하면 근무 장소의 변경,\n배치전환, 유급휴가 명령 등 적절한 조치를 한다. 이 경우 피해 근로자 등의 의사\n\n                      - 156 -
2026년도 교육공무직원 등 종합관리계획	157	▪ (참고3) 세종특별자치시교육청-전국학교비정규직노동조합 2025년 단체협약	에 반하는 조치를 하여서는 아니 된다.\n② 교육청은 피해자의 피해 복구를 위해 심리상담 등 필요한 지원을 한다.\n\n\n제81조【직장 내 괴롭힘 가해자 징계】\n① 교육청은 직장 내 괴롭힘 행위자에 대하여는 관련법 및 규정에 따라 징계 등이\n이루어지도록 한다.\n② 교육청은 직장 내 괴롭힘 사건을 은폐하거나 피해자, 신고자 또는 사건 관련\n진술자 등에게 신고 등을 이유로 또 다른 직장 내 괴롭힘 행위를 한 경우 관련법\n및 규정에 따라 징계 등이 이루어지도록 한다.\n\n\n제82조【재발 방지 조치 등】\n① 교육청은 사건이 종결되면 직장 내 괴롭힘 행위의 재발 방지를 위하여 필요한\n대책을 수립 시행한다.\n② 교육청은 직장 내 괴롭힘 행위의 재발 방지를 위하여 필요하다고 인정되는 경\n우 직장 내 괴롭힘 행위자에 대하여 상담을 실시하거나 교육 수강 명령을 할 수\n있다.\n\n\n      제11장 모성보호 확대 및 고용에서의 성차별 철폐\n\n\n제83조【남녀평등】\n① 교육청은 관련 법령에 따라 고용과 근로조건에서 남녀의 평등한 기회와 대우\n를 보장한다.\n② 교육청은 동일한 사업 내의 동일 가치의 노동에 대하여 남녀 차별 없이 동일\n한 임금을 지급하여야 한다.\n\n\n제84조【직장 내 성희롱, 폭언·폭행 예방 및 금지】\n① 교육청은 직장 내 성희롱이 발생하지 않도록 노력한다.\n② 교육청은 직장 내 성희롱 예방을 위한 교육을 연 1회 이상 실시한다.\n③ 교육청은 직장 내 성폭력, 성희롱 발생이 확인된 경우 행위자에 대하여 지\n체 없이 인사위원회에 회부하고, 징계 조치를 한다.\n\n                     - 157 -
2026년도 교육공무직원 등 종합관리계획	158	▪ (참고3) 세종특별자치시교육청-전국학교비정규직노동조합 2025년 단체협약	④ 직장 내 성희롱과 관련하여 피해를 입은 근로자 또는 성희롱 피해 발생을 주\n장하는 근로자에게 해고나 그 밖에 불리한 조치를 하여서는 아니 된다.\n⑤ 교육청은 직장 내 성희롱, 폭언 등 사건이 접수될 경우, 지체 없이 피해자 및 증\n인 보호를 위한 조치를 취하여야 한다. 이 경우 보호조치의 방법 등에 관하여는 피해\n자 및 증인 본인의 의사를 존중한다.\n\n\n제85조【생리휴가 및 태아검진시간】\n① 교육청은 여성 조합원이 청구할 경우 월 1일의 무급생리휴가를 주어야 한다.\n② 교육청은 임신한 여성 조합원에게 28주까지 4주마다 1회, 임신 29주에서 36주까\n지 2주마다 1회, 임신 37주 이후 1주마다 1회의 임산부 정기 건강진단을 받는데 필\n요한 시간을 청구하는 경우 이를 유급으로 인정한다.\n\n\n제86조【출산전후휴가】\n① 교육청은 임신 중인 여성 조합원에게 출산 전후를 통하여 90일(다태아 120일)의\n보호휴가를 준다. 이 경우 반드시 출산 후에 45일 이상(다태아 60일) 부여한다.\n② 출산전후휴가 기간 중 최초 60일은 통상임금으로 지급하며, 나머지 30일은 관\n련 법령에 따라 출산전후휴가급여를 받을 수 있도록 협조하며, 그 금액의 한도에서\n지급책임을 면한다.\n③ 교육청은 출산전후휴가 사용을 이유로 불이익한 처우를 할 수 없다.\n\n\n제87조【유·사산 휴가】\n① 교육청은 여성 조합원이 유·사산한 경우에는 관련 법령에 따라 유·사산 휴\n가를 부여한다.\n② 교육청은 임신 중인 여성 조합원이 유·사산의 위험이 있다는 의료기관의 진단\n서를 제출한 경우 출산 전 어느 때라도 휴가를 나누어 사용할 수 있도록 하여야\n한다. 이 경우 출산 후의 휴가 기간은 연속하여 45일 이상이 되어야 한다.\n③ 교육청은 여성 조합원의 유·사산 등의 휴가 사용을 이유로 불이익 처우를 하\n지 않는다.\n\n\n제88조【육아휴직】\n\n\n                       - 158 -
2026년도 교육공무직원 등 종합관리계획	159	▪ (참고3) 세종특별자치시교육청-전국학교비정규직노동조합 2025년 단체협약	① 교육청은 임신 중인 여성 조합원이 모성을 보호하거나, 만 8세 이하(초등학교\n2학년 이하 자녀 포함)의 자녀를 가진 남녀 조합원이 그 자녀의 양육을 위하여 휴직\n을 신청하는 경우에는 법령에서 정한 요건을 충족하는 경우 허용하여야 한다.\n② 육아휴직 기간은 자녀 1명당 3년으로 하고, 1년간은 근속기간에 포함한다. 단,\n셋째 자녀 이후에 대해서는 3년을 근속기간에 포함한다.\n③ 교육청은 육아휴직 기간 만료 후 휴직 전과 같은 업무 또는 같은 수준의 임금을 지급\n하는 직무에 복귀시켜야 하며, 육아휴직의 사용을 이유로 불이익한 처우를 하지 않는다.\n④ 육아휴직 요건 및 절차 등에 관한 사항은 「남녀고용평등과 일·가정 양립지\n원에 관한 법률」 등 관련 법령에 의한다.\n⑤ 육아휴직은 3회에 한정하여 나누어 사용할 수 있다.\n\n\n제89조【육아기 근로시간 단축】\n① 교육청은 「남녀고용평등과 일·가정 양립지원에 관한 법률」에 따라 육아휴\n직을 신청할 수 있는 조합원이 육아휴직 대신 근로시간의 단축(이하 ‘육아기 근\n로시간 단축’이라 한다)을 신청하는 경우에 이를 허용하여야 한다.\n② 교육청이 제1항에 따라 해당 조합원에게 육아기 근로시간 단축을 허용하는 경\n우 단축 후 근로시간은 주당 15시간 이상이어야 하고 35시간을 넘어서는 아니 된\n다.\n③ 육아기 근로시간 단축의 기간은 1년 이내로 한다. 다만 관련 법령에 따라 육아\n휴직을 신청할 수 있는 조합원이 육아휴직 기간 중 사용하지 아니한 기간이 있을\n경우 그 기간의 두 배를 가산한다.\n④ 교육청은 육아기 근로시간 단축을 이유로 해당 조합원에게 해고나 그 밖의 불\n리한 처우를 하여서는 아니 된다.\n⑤ 교육청은 조합원의 육아기 근로시간 단축기간이 끝난 후에 그 조합원을 근로\n시간 단축 전과 같은 업무 또는 같은 수준의 임금을 지급하는 직무에 복귀시켜야\n한다.\n⑥ 육아기 근로시간 단축의 신청 방법 및 절차 등에 관하여 필요한 사항은 관련\n법령에 따른다.\n\n\n제90조【육아시간 등】\n\n\n                      - 159 -
2026년도 교육공무직원 등 종합관리계획	160	▪ (참고3) 세종특별자치시교육청-전국학교비정규직노동조합 2025년 단체협약	① 교육청은 생후 1년 미만의 유아를 가진 여성 조합원이 청구하면 1일 2회, 각각\n30분 이상의 유급 수유시간을 주어야 한다.\n② 만 8세 또는 초등학교 2학년 이하의 자녀를 가진 조합원은 36개월의 범위에서\n자녀돌봄, 육아 등을 위한 1일 최대 2시간의 유급 육아시간을 사용할 수 있다. 다\n만, 제1항의 유급 수유시간을 사용하는 여성 조합원의 경우 육아시간은 유급 수유\n시간을 포함하여 1일 최대 2시간으로 한다.\n③ 육아시간은 ‘육아휴직’ 또는 ‘육아기 근로시간 단축’ 중이 아닌 기간에\n별도로 부여한다.\n\n\n제91조【직장보육시설의 설치】\n① 교육청은 수유에 필요한 수유실 또는 전용 휴게실과 기타 보관 시설 등을 갖\n추도록 노력한다.\n② 직장 보육시설의 설치·운영은 「남녀고용평등과 일·가정 양립 지원에 관한\n법률」에 따른다.\n\n\n제92조【임산부의 보호 및 근로시간 단축】\n① 교육청은 본인의 동의 없이 임신 중인 여성 조합원에 대하여 연장· 야간·휴\n일근로를 시킬 수 없다.\n② 교육청은 임신 중인 여성 조합원이 요구할 경우 쉬운 종류의 근로로 전환하도\n록 노력한다.\n③ 교육청은 임신 후 12주 이내 또는 32주 이후에 있는 여성 조합원이 1일 2시간\n의 근로시간 단축을 신청하는 경우 이를 허용하여야 한다. 다만, 1일 근로시간이 8\n시간 미만인 조합원에 대하여는 1일 근로시간이 6시간이 되도록 근로시간 단축을\n허용할 수 있다.\n④ 교육청은 전항에 따른 근로시간 단축을 이유로 해당 조합원의 임금을 삭감하여\n서는 아니 된다.\n⑤ 교육청은 산후 1년이 지나지 아니한 여성 조합원에 대하여는 1일에 2시간, 1주일에\n6시간, 1년에 150시간을 초과하는 시간외근로를 시키지 못한다.\n\n\n제93조【유리한 모성보호 개정법과 노동관계법의 적용】\n\n\n                       - 160 -
2026년도 교육공무직원 등 종합관리계획	161	▪ (참고3) 세종특별자치시교육청-전국학교비정규직노동조합 2025년 단체협약	모성보호에 관한 관련 법령과 노동관계 법령이 조합원에게 유리하게 개정될 경우\n이에 따른다.\n\n\n                 제12장 산업안전보건\n\n\n제94조【교육청의 재해예방 의무】\n교육청은 조합원의 안전과 건강을 유지, 증진시키며 산업재해 예방을 위해 노력한다.\n\n\n제95조【산업재해 발생 은폐 금지 및 보고 등】\n교육청은 산업재해가 발생하였을 때에는 그 발생 사실을 은폐하여서는 아니 되며,\n재해 발생원인 등을 기록하고 3년간 보존하여야 한다.\n\n\n제96조【산업안전보건위원회】\n교육청은 산업안전보건 관련 사항을 심의·의결하기 위하여 산업안전보건위원회\n(이하 ‘산보위’라 한다)를 설치·운영한다.\n\n\n제97조【안전보건관리규정 및 수칙 제정】\n교육청은 산보위 심의·의결을 거쳐 안전보건관리규정을 작성 또는 변경한다. 작\n성 또는 변경 시 이를 조합원에게 안내한다.\n\n\n제98조【명예산업안전감독관 활동 보장】\n교육청은 「산업안전보건법」에 의거 위촉된 명예산업안전감독관의 활동을 관련 법령\n과 규정에 따라 보장한다.\n\n\n제99조【안전보건교육】\n교육청은 「산업안전보건법」 및 동법 시행규칙에 따른 안전보건교육을 실시한다.\n\n\n제100조【작업환경측정】\n교육청은 조합원의 건강과 쾌적한 작업환경 조성을 위해 근골격계 질환 예방 등\n작업환경이 개선되도록 노력한다.\n\n\n                     - 161 -
2026년도 교육공무직원 등 종합관리계획	162	▪ (참고3) 세종특별자치시교육청-전국학교비정규직노동조합 2025년 단체협약	제101조【건강진단】\n교육청은 관련 법령에 따라 조합원의 건강검진을 실시한다.\n\n\n제102조【근골격계 질환 등 직업병 예방】\n① 교육청은 조합원의 근골격계 질환 예방을 위해 노력한다.\n② 교육청은 조합원에 대하여 근골격계 질환 등 직업병 예방을 위한 교육을 실시하도\n록 노력한다.\n\n\n제103조【재해보상 등】\n① 교육청은 조합원이 업무상 부상 또는 질병에 해당하는 경우 「근로기준법」,\n「산업재해보상보험법」 등 관련 법령과 근로복지공단의 결정에 따르며, 3일 이내\n의 요양을 요하는 업무상 재해에 대하여는 「근로기준법」에 따라 필요한 요양을\n행하거나 필요한 요양비를 부담하여야 한다.\n② 교육청은 업무상 재해 발생 시 재해자의 안정적인 치료를 위하여 최선을 다하\n며, 휴직 종료 후 복직하였을 때는 휴직 이전과 다른 불이익 처우를 하지 않는다.\n③ 교육청은 업무상 재해로 인하여 정상적인 업무수행이 곤란한 조합원에 대해서는\n조합원이 근무 가능한 업종으로 전환을 요구할 경우 전환되도록 적극 노력한다.\n\n\n제104조【감정노동으로 인한 건강장해 예방조치】\n① ‘감정노동’은 학부모나 학생 등을 직접 또는 유선 등으로 상대하거나, 업무\n상 말투나 표정, 몸짓 등 드러나는 감정을 표현해야 하거나 반대로 감정을 억누르\n고 통제하는 일을 수반하는 노동을 의미한다.\n② 교육청은 감정노동으로 인한 직업병을 예방할 의무가 있고, 감정노동을 하는\n조합원을 보호하기 위해 폭언 등을 하지 않도록 요청하는 문구나 홍보물을 게시\n하거나 음성안내를 하여야 한다.\n③ 교육청은 주로 학부모, 학생 등을 직접 대면하는 업무를 수행하는 조합원이 폭\n언, 폭행, 그 밖에 적정 범위를 벗어난 신체적·정신적 고통을 유발하는 행위(이하\n‘폭언 등’이라 한다)로 인한 건강장해를 예방하기 위하여 필요한 조치를 하도록\n노력한다.\n\n\n                     - 162 -
2026년도 교육공무직원 등 종합관리계획	163	▪ (참고3) 세종특별자치시교육청-전국학교비정규직노동조합 2025년 단체협약	④ 교육청은 학부모 또는 학생 등의 폭언 등으로 조합원에게 건강장해가 발생하\n거나 발생할 현저한 우려가 있는 경우에는 해당 조합원이 즉시 작업을 중지하고\n현장을 이탈할 수 있도록 해야 한다. 또한, 정상적으로 업무에 복귀할 수 있도록\n충분한 휴게시간을 부여한다.\n⑤ 교육청은 조합원이 필요한 조치를 요구하거나 제4항에 따른 조치를 취했을 경\n우 이를 이유로 징계, 해고 등 고용상의 불이익 조치 및 임금 등 근로조건을 포함\n하여 일체의 부당한 처우를 해서는 아니 된다.\n⑥ 교육청은 감정노동 예방을 위한 교육을 실시하도록 노력한다.\n⑦ 감정노동을 하는 조합원을 보호하기 위한 세부 사항은 「산업안전보건법」 제\n41조(고객의 폭언 등으로 인한 건강장해 예방조치 등)를 준용한다.\n\n\n제105조【감염성 질환으로부터 보호】\n① 교육청은 감염병의 조기 발견 및 예방을 위한 방역물품 기준에 근거하여 방역\n물품을 각급학교에 적정 수량 비치하고, 소독과 방역 등의 위생강화 조치를 실시한다.\n② 조합원의 감염병 판정으로 격리, 치료 등에 소요되는 기간에 대하여 병가 등을\n활용하여 보호한다.\n③ 조합원이 감염성 질환으로 판정되어 산재 신청 시 적극 협조하여야 한다.\n④ 신종 감염성 질환의 예방과 관련해 조합원 복무와 근로조건에 관한 사항은 지방\n공무원 지침을 준용하여 마련한다.\n⑤ 교육청은 「재난 및 안전관리 기본법」에 따른 ‘감염병’ 관련 조치 시 임산부\n나 기저질환자에 대한 대책을 포함한다.\n⑥ 교육청은 감염병 예방관련 법령과 지침 등을 근거로 특별 복무지침을 시행할 수\n있고 확진자, 접촉자, 자가격리 대상자 등에 대한 복무를 포함한다.\n\n\n                  제13장 복리후생\n\n\n제106조【복지후생의 원칙】\n① 교육청은 각종 시설의 사용에 있어서 조합원이 차별을 받지 않도록 한다.\n② 교육청은 조합원들의 맞춤형 복지서비스가 확대되도록 노력한다.\n③ 교육청은 조합원들이 공무원들에게 부여되는 연수원, 콘도사용 등의 복리후생\n\n                       - 163 -
2026년도 교육공무직원 등 종합관리계획	164	▪ (참고3) 세종특별자치시교육청-전국학교비정규직노동조합 2025년 단체협약	시설사용이 조합원 및 그 가족들에게도 적용될 수 있도록 한다.\n\n\n제107조【교육연수 등】\n① 교육청은 업무 수행능력 향상을 위하여 교육과정을 확대하도록 노력한다.\n② 교육청이 주관하는 직무연수의 경우 조합원의 연수여비는 해당 소속기관의 예\n산범위 내에서 지급한다.\n③ 교육청은 조합원들에게 연수를 실시하여 자기계발의 기회를 부여하도록 노력한\n다.\n④ 교육청은 방학 중 사이버 교육 등의 혜택이 조합원들에게도 부여되도록 노\n력한다.\n\n\n제108조【편의시설】\n교육청은 조합원의 탈의와 휴식을 위한 적절한 편의시설이 확보될 수 있도록 노\n력한다.\n\n\n제109조【동아리(소모임) 활동 보장】\n교육청은 조합원의 자유로운 동아리(소모임) 활동을 적극 보장한다.\n\n\n                 제14장 노사협의회\n\n\n제110조【노사협의회】\n① 교육청은 관련 법령에 따라 노사협의회를 설치·운영한다.\n② 노사협의회는 필요에 따라 상호 합의하여 임시회의를 개최할 수 있다.\n\n\n                제15장 직종별 협약\n\n\n제111조【간호사】\n① 교육청에서 별도로 교육공무직 지침이 시행되었을 때 간호사도 교육공무직 복\n무지침에 따른다.\n② 간호사의 출장비는 관련 규정에 따라 지급하며, 교육청은 학교에서 응급이송\n\n                        - 164 -
2026년도 교육공무직원 등 종합관리계획	165	▪ (참고3) 세종특별자치시교육청-전국학교비정규직노동조합 2025년 단체협약	경비를 예산에 반영하고 실비 성격의 이송경비를 지급하도록 안내한다.\n1. 유치원내에서 연장근무를 할 경우 연장근무 수당을 규정에 따라 지급한다.\n2. 이송 시 차량운행은 다른 교직원이 실시한다.\n③ 방학 중에 학교장의 승인을 득한 후 전문성 함양을 위한 역량강화 직무 연수를\n대면 및 온라인 연수로 연 10일 이내 사용할 수 있도록 한다.\n④ 교육청은 간호사가 필요할 때 연가를 자유로이 쓸 수 있도록 간호사 부재 시\n담당자를 지정․운영하도록 안내한다.\n⑤ 간호사 면허가산수당을 2023년 임금교섭에서 논의한다.\n\n\n제112조【교무행정사】\n① 교육청은 교무행정사 역량강화 연수를 연 2회 실시한다.\n② 교육청은 직무연수(비대면연수 포함)를 연 8일 범위 내에서 사용할 수 있도록\n한다. (단, 연수명 기재하여 사전승인 취득, 이수증 등 증빙 서류 제출)\n③ 교육청은 방학 중 세종특별자치시교육청 학생해양수련원 등을 활용한 소규모\n워크숍을 매년 운영한다.\n※ 기 시행 중인 직종별 협약서(2016. 11. 16.) 제5조 제3항은 폐기한다.\n\n\n제113조【교육복지사】\n방학 중에 학교장의 승인을 득한 후 전문성 함양을 위한 역량강화 직무연수(비대\n면연수 포함)를 연 10일 이내 사용할 수 있도록 한다. (단, 연수 이수증, 출석부,\n등록부 등 증빙자료 제출)\n\n\n제114조【기숙사사감】\n교육청은 기숙사사감의 휴가, 병가 등의 사유로 공백 발생 시 업무를 대행할 수\n있는 대체인력 운영 방안을 마련한다.\n\n\n제115조【당직원】\n당직원은 퇴근형 근무를 원칙으로 하여 설계(휴게시간⟨근로시간)하고, 토․일요일\n근로시간 편성 시 1일 상주 시간 중 휴게시간 편성 축소 등을 통해 학교 내 상주\n를 최소화하도록 한다.\n\n                        - 165 -
2026년도 교육공무직원 등 종합관리계획	166	▪ (참고3) 세종특별자치시교육청-전국학교비정규직노동조합 2025년 단체협약	제116조【사무행정실무원(월급제)】\n① 사무행정실무원(월급제)의 전문성 함양을 위한 직무연수를 대면 및 온라인 연\n수(재택포함)로 연 10일 이내 사용할 수 있도록 한다.\n② 사무행정시무원(월급제)의 직무능력 향상을 위해 동아리를 연 10일 이내 운영\n하고, 동아리 활동을 위한 지원을 하도록 한다.\n\n\n제117조【사서】\n① 장서점검 시 휴관하되, 장서점검 기간 및 운영방법은 학교의 실정에 따라 정한다.\n② 교육청은 연구동아리 활동을 지원하고 단위 학교에 안내한다.\n③ 전문성 함양을 위한 역량강화 직무연수를 대면 및 온라인 연수로 연 10일 이내\n사용할 수 있도록 한다.\n\n\n제118조【수상안전요원】\n① 특기적성(경영), 수상안전, 생존수영 이 세가지 업무의 차이를 인정하며 사업부서\n는 수상안전요원 업무에 대해 조합원과 지속적으로 협의한다.\n② 근무 시 필요한 슈트 및 수영복을 연 1회 지급한다.\n\n\n제119조【시설관리원】\n① 시설관리원의 병가 30일(유급 10일, 무급 20일) 중 무급병가 20일을 유급으로\n한다.(병가일수: 유급 30일)\n\n\n제120조【영양사】\n① 방학 중에 학교장의 승인을 득한 후 전문성 함양을 위한 역량강화 직무연수를\n대면 및 온라인 연수로 연 10일 이내 사용할 수 있도록 한다. (연수 이수증, 출석\n부, 등록부 등 증빙자료 제출) 단, 사업부서에서 추진하는 직무연수는 제외한다.\n② 학기 중 방과후 간식, 방학 중 방과후 중식 업무와 관련하여 유치원 영양사의\n업무경감을 위해 유초등교육과와 교육복지과가 함께 지속적으로 협의한다.\n\n\n제121조【영어회화전문강사】\n① 근속연수 인정을 위해 지속적으로 노력한다.\n\n                      - 166 -
2026년도 교육공무직원 등 종합관리계획	167	▪ (참고3) 세종특별자치시교육청-전국학교비정규직노동조합 2025년 단체협약	② 방학 중 근무지 외 연수는 20일(10% 내외에서 증감 가능)에서 사용하되, 그 외\n기간에 대해서도 방학 중 영어 교육활동에 지장을 주지 않는 범위 내에서 학교장\n승인하에 추가로 연간 10일이내(여름방학 5일, 겨울방학 5일)로 나이스 복무상\n‘기타’로 처리할 수 있다.\n\n\n제122조【전문상담사】\n① 전문상담사와 소통을 위해 정기적으로 협의한다.\n② 방학 중에 학교장의 승인을 득한 후 전문성 함양을 위한 역량강화 직무연수를\n대면 및 온라인 연수로 연 10일 이내 사용할 수 있도록 한다.(단, 연수 이수증, 출\n석부, 등록부 등 증빙자료 제출)\n③ 교육활동에 지장을 주지 않는 범위 안에서 상담연구회 활동을 보장한다.\n④ 전문적학습공동체(전학공) 동아리에 교직원으로서 함께 참여할 수 있다.\n\n\n제123조【조리사】\n① 2식, 3식 및 식수인원 1,000명을 초과하는 학교는 근무여건 개선을 위한 방한\n을 마련한다.\n② 방학 중 직무연수(교육청 주관 역량 강화 연수 1일 포함)를 대면 및 온라인 연\n수로 5일 이내 사용할 수 있도록 한다. (단, 이수증, 출석부, 등록부 등 증빙 서류\n제출)\n※ 기 시행 중인 직종별 협약서(2020. 2. 20.) 제8조 1항은 폐기한다.\n③ 신학기 준비일은 3일(3월 발령: 2일, 9월 발령: 1일)로 하며, 청소일과 연속하여\n사용한다.\n④ 조리사가 방학 중 급식을 하는 경우 근무일로 인정한다.\n⑤ 방학 중 1주 15시간 이상 근무가 예정된 날을 근무할 경우 다음 주 근무가 예\n정되어 있지 않더라도 주휴수당을 지급한다.\n\n\n제124조【조리실무사】\n① 2식, 3식 및 식수인원 1,000명을 초과하는 학교의 근무여건 개선을 위한 방안\n을 마련한다.\n② 조리실 후드 및 홀 바닥은 안전사고 등을 고려하여 연 2회 전문업체에 위탁한다.\n\n                         - 167 -
2026년도 교육공무직원 등 종합관리계획	168	▪ (참고3) 세종특별자치시교육청-전국학교비정규직노동조합 2025년 단체협약	③ 감염병 발생 시 국가적 위기 대응 매뉴얼에 따라 대응하며, 학생급식 중단 시\n교직원 급식도 중단, 급식 업무 외 업무가 발생하지 않도록 관련 부서와 협의한다.\n④ 감염병 발생 시 급식실 전담 방역 인력을 배치하도록 관련 부서와 협력한다.\n⑤ 교육청은 교직원과 학생이 동일한 배식대를 이용하도록 적극 지도한다.\n⑥ 방학 중 직무연수(교육청 주관 역량 강화 연수 1일 포함)를 대면 및 온라인 연\n수로 5일 이내 사용할 수 있도록 한다. (단, 이수증, 출석부, 등록부 등 증빙 서류\n제출)\n※ 기 시행 중인 직종별 협약서(2020. 2. 20.) 제8조 1항은 폐기한다.\n⑦ 신학기 준비일은 3일(3월 발령: 2일, 9월 발령: 1일)로 하며, 청소일과 연속하여\n사용한다.\n⑧ 조리실무사가 방학 중 급식을 하는 경우 근무일로 인정한다.\n⑨ 방학 중 1주 15시간 이상 근무가 예정된 날을 근무할 경우 다음 주 근무가 예\n정되어 있지 않더라도 주휴수당을 지급한다.\n\n\n제125조【청소위생사】\n청소위생사의 병가 30일(유급 10일, 무급 20일)중 무급병가 20일을 유급으로 한다.\n(병가일수: 유급 30일)\n\n\n제126조【초등돌봄전담사】\n① 교육청은 전문성 함양을 위한 역량강화 직무연수(연간 8일)를 대면 및 온라인\n으로 진행한다. (연수 이수증, 출석부, 등록부 등 증빙자료 제출)\n② 초등돌봄전담사 처우개선을 위한 TFT를 구성하여 월 1회(총 6개월) 운영한다.\n※ 기 시행 중인 직종별 협약서(2020. 2. 20.) 제2조는 폐기한다.\n\n\n제127조【특수교육실무사】\n① 학기 시작 준비를 위해 여름방학, 겨울방학 중 각 1일을 근무일로 한다.\n② 교육청은 방학 중 전문성 함양을 위한 역량강화 직무연수(연간 8일)를 대면 및\n온라인으로 진행한다. (연수 이수증, 출석부, 등록부 등 증빙자료 제출)\n※ 기 시행 중인 직종별 협약서(2020.2.20.) 제5조는 폐기한다.\n③ 특수학급 청소 업무는 특수교육실무사에게 단독으로 부여하지 않는다.\n\n                        - 168 -
2026년도 교육공무직원 등 종합관리계획	169	▪ (참고3) 세종특별자치시교육청-전국학교비정규직노동조합 2025년 단체협약	부 칙\n\n\n제1조【유효기간】\n① 본 협약의 유효기간은 체결일로부터 2년으로 한다.\n② 임금협약의 유효기간은 임금협약에서 별도로 정한다.\n➂ 협약 유효기간이 경과한 후에도 새로운 협약이 체결되지 아니한 때에는 새로운\n협약이 체결될 때까지 종전 협약의 효력이 존속된다.\n④ 단체협약 해지는 관련 법령에 따른다.\n\n\n제2조【협약 갱신】\n교육청과 노동조합 쌍방 중 어느 일방이 본 협약을 갱신하고자 할 때에는 유효기간\n만료 30일 이전에 갱신요구안을 문서로 제출하여야 하며, 동 기간 중 어느 일방도 갱\n신요구안을 제출하지 않았을 때에는 본 협약은 자동 갱신된 것으로 간주한다.\n\n\n제3조【보충협약 및 재교섭】\n교육청과 노동조합 쌍방은 이 협약의 유효기간 중에 보충협약 체결 및 재교섭을\n요구할 수 없으나, 경제적·사회적 여건의 중대한 변화, 다른 근로조건이 필요한\n직종 발생 등 특별한 사정으로 인하여 이 협약의 일부를 수정하거나 보완할 필요가 있\n을 경우에는 쌍방의 합의로 보충협약을 할 수 있다.\n\n\n제4조【준용】\n본 협약에 명시되지 아니한 사항은 제반 노동 관련 법규 및 관례에 따른다.\n\n\n제5조【초단시간 근로자의 일부적용】\n① 초단시간근로자라 함은, 「근로기준법」 제18조 제3항의 단시간 근로자를 말한다.\n② 제1항 근로자인 경우, 제14조(전임자의 처우), 제39조(휴직사유와 기간), 제54조\n(임금의 구성), 제57조(임금지급 방법), 제59조(퇴직급여), 제64조(유급휴일(제1항 제3\n호 제외)), 제65조(연차휴가), 제66조(특별휴가) 중 <별표1>(수업휴가), 제72조(NEIS 사\n용권한), 제88조(육아휴직), 제106조(복지후생의 원칙)를 제외하고 본 협약을 적용하\n도록 한다.\n\n                          - 169 -
2026년도 교육공무직원 등 종합관리계획	170	▪ (참고3) 세종특별자치시교육청-전국학교비정규직노동조합 2025년 단체협약	③ 제1항 근로자인 경우에도 제11조(조합원 교육시간)는 근로시간에 비례하여 적\n용한다.\n\n\n제6조【협약의 보관】\n본 협약을 증거하기 위하여 협약서 3부를 작성하여 교육청과 노동조합이 각각 1\n부씩 보관하고 행정관청에 신고한다.\n\n\n제7조【불이행 책임】\n① 교육청과 조합은 본 협약과 본 협약에 의하여 발생하는 모든 사항에 관하여 정확한 기\n록을 작성하고 이를 성실히 준수, 이행할 의무를 가진다. 본 협약 불이행으로 인하여 발생\n하는 모든 책임은 불이행 당사자가 진다.\n② 교육청은 이 협약의 운영 및 시행과 관련하여 소속 학교에서의 위반사례 신고가 있을\n경우 즉시 조사에 착수하고 이 협약에 따른 이행을 하도록 조치하여야 하며, 이를 정당한\n이유 없이 3월 이상 위반하는 경우 관련 법령에 따라 책임을 진다.\n③ 교육청은 제2항에 따른 위반사례가 다시 발생하지 않도록 그 위반사례 및 이 협약에\n따른 적절한 조치를 적시한 공문을 모든 사업장에 발송하고, 이와 관련된 지도·감독을\n강화한다.\n④ 교육청은 위 조의 제반 업무를 비롯하여, 이 협약과 관련된 사무를 처리하고, 각 학교\n의 협약 이행 여부에 대한 민원을 처리하는 등의 사무를 담당할 전담 부서를 마련한다.\n\n\n제8조【교육청의 의무】\n교육청은 공무원이 아닌 조합원의 고용안정 및 처우개선을 위한 관련 조례 제·\n개정 및 시행에 적극 협조한다.\n\n\n제9조【인력pool제 운영】\n① 교육청은 고용안정을 위하여 인력pool제를 운영할 수 있다.\n② 교육청은 신규인력 채용이 필요한 경우, 인력pool에 등록되어 있는 조합원 중\n에서 공정한 기준에 따라 선정하여 우선 채용하도록 노력하여야 하며, 그 대상이\n없는 경우에 한하여 채용공고를 통해 채용한다.\n\n\n                         - 170 -
2026년도 교육공무직원 등 종합관리계획	171	▪ (참고3) 세종특별자치시교육청-전국학교비정규직노동조합 2025년 단체협약	제10조【육아시간 사용일수 및 기간】\n제90조 제2항 육아시간의 사용일수(1일 최대 2시간) 및 사용기간(36개월)은 「지방\n공무원 복무규정」을 준용하여 적용한다.\n\n\n제11조【구육성회직원 근로자의 임금적용】\n본 협약 및 임금협약에도 불구하고 기존 구육성회직원 근로자의 수당 적용이 후\n퇴해서는 안된다.\n\n\n제12조【구육성회직원 근로자의 복무】\n본 협약을 이유로 기존의 인정되는 근로조건인 복무(「세종특별자치시교육감 소\n속 지방공무원 복무 조례」상 공가, 병가 및 특별휴가 준용)는 저하할 수 없다. 단,\n기존의 각급 학교의 취업규칙상 복무조건이 상이할 경우 공가, 병가 및 특별휴가는\n「세종특별자치시교육감 소속 지방공무원 복무 조례」(단, 재량휴업일과 개교기념일\n은 단체협약 적용)를 준용한다.\n\n\n제13조【직종별 교섭】\n직종별 교섭은 본 협약의 교섭과 병행하여 진행하고, 합의사항은 본 협약과 동일\n한 효력을 갖는다.\n\n\n                       - 171 -
